dataset,target,seed,epv_target,k_partners,bias2,variance,auprc,n_draws
mimic-11site,CCU-care,0,11.018518518518519,0,0.12613061836871417,0.610155416550821,0.32366380549679846,24
mimic-11site,CCU-care,0,11.018518518518519,1,0.9193674116794062,0.4588431487978691,0.3134965972959219,24
mimic-11site,CCU-care,0,11.018518518518519,2,1.1826856865543358,0.368244073099428,0.30829173467614507,24
mimic-11site,CCU-care,0,11.018518518518519,3,1.4580816127445035,0.24316554387633685,0.30736104148867854,24
mimic-11site,CCU-care,0,11.018518518518519,4,1.4831104232294516,0.14372734949930038,0.3102899120169094,24
mimic-11site,CCU-care,1,11.018518518518519,0,0.11261139318673612,0.5314893866153177,0.3655853633999378,24
mimic-11site,CCU-care,1,11.018518518518519,1,0.6958705872191233,0.46073154791122733,0.3771558882722626,24
mimic-11site,CCU-care,1,11.018518518518519,2,0.9830776880674259,0.3034290421118698,0.38122375033894934,24
mimic-11site,CCU-care,1,11.018518518518519,3,1.1747918866580156,0.21228582803547072,0.37797772083302933,24
mimic-11site,CCU-care,1,11.018518518518519,4,1.1166817130015323,0.13407828883516928,0.3916255603468408,24
mimic-11site,CCU-meta,0,5.962962962962963,0,0.11452487124447813,0.49821894054530275,0.4147722681536437,24
mimic-11site,CCU-meta,0,5.962962962962963,1,1.784099505080424,0.7118989367887436,0.4286643318672967,24
mimic-11site,CCU-meta,0,5.962962962962963,2,2.389896927011352,0.34657500047051387,0.4374491163635133,24
mimic-11site,CCU-meta,0,5.962962962962963,3,2.7661673308576478,0.23540270382666306,0.44071263298368724,24
mimic-11site,CCU-meta,0,5.962962962962963,4,2.7788800006032366,0.14918387367536648,0.447398157121723,24
mimic-11site,CCU-meta,1,5.962962962962963,0,0.17363074456159613,0.6425392254606854,0.4026703752418583,24
mimic-11site,CCU-meta,1,5.962962962962963,1,1.1489227016455845,0.6297519476384622,0.3870986720162161,24
mimic-11site,CCU-meta,1,5.962962962962963,2,1.3623420929053252,0.38164745668685846,0.4001321136696528,24
mimic-11site,CCU-meta,1,5.962962962962963,3,1.4070684833339326,0.26855861286238697,0.4170813517940704,24
mimic-11site,CCU-meta,1,5.962962962962963,4,1.5044297654536354,0.16665947326432773,0.43194265199864484,24
mimic-11site,CSRU-care,0,4.14,0,0.06714090020467672,1.0575192893333292,0.26077510665577164,24
mimic-11site,CSRU-care,0,4.14,1,0.31291077278519075,0.7752783046135918,0.28454681849413993,24
mimic-11site,CSRU-care,0,4.14,2,0.5431502201515088,0.4764816936497723,0.298996732048803,24
mimic-11site,CSRU-care,0,4.14,3,0.6733132370650028,0.3753084168196666,0.29951224520830927,24
mimic-11site,CSRU-care,0,4.14,4,0.73983954348211,0.29231285559176684,0.3045009471504478,24
mimic-11site,CSRU-care,1,4.14,0,0.10582382739950223,1.1292926987415666,0.30940839496784406,24
mimic-11site,CSRU-care,1,4.14,1,0.44600183274240646,0.9095256422556054,0.3227325865281096,24
mimic-11site,CSRU-care,1,4.14,2,0.8602973050626489,0.6320632430180445,0.3205141003892941,24
mimic-11site,CSRU-care,1,4.14,3,1.1063043194363682,0.4062593778144099,0.3262953063756849,24
mimic-11site,CSRU-care,1,4.14,4,1.2490840372531242,0.3233245258224839,0.3250409304282393,24
mimic-11site,CSRU-meta,0,1.6138888888888887,0,0.20952882918261287,1.4947015381443005,0.22068533667628756,24
mimic-11site,CSRU-meta,0,1.6138888888888887,1,1.056974635269827,0.8613249827838385,0.24423838419996793,24
mimic-11site,CSRU-meta,0,1.6138888888888887,2,1.1288604881684925,0.6356832863376924,0.24257442076751237,24
mimic-11site,CSRU-meta,0,1.6138888888888887,3,1.5666308819980053,0.3857750848076474,0.25049291415060987,24
mimic-11site,CSRU-meta,0,1.6138888888888887,4,1.7354447891313425,0.3336009953595613,0.2622770804348713,24
mimic-11site,CSRU-meta,1,1.6138888888888887,0,0.2385218123224804,1.1228660343459074,0.22592985684032466,24
mimic-11site,CSRU-meta,1,1.6138888888888887,1,0.6713529015244816,1.0431945758212322,0.2114654031729423,24
mimic-11site,CSRU-meta,1,1.6138888888888887,2,1.381370551914427,0.7546069152072313,0.2028980853642202,24
mimic-11site,CSRU-meta,1,1.6138888888888887,3,1.650767498095232,0.5050929615363355,0.21230051262098723,24
mimic-11site,CSRU-meta,1,1.6138888888888887,4,1.7774350799009933,0.40383416637577024,0.21811905024086883,24
mimic-11site,MICU-care,0,32.666666666666664,0,0.07325684514024484,0.35746188597794165,0.4299633768852474,24
mimic-11site,MICU-care,0,32.666666666666664,1,0.2670736835957315,0.38694152428148515,0.4174301109746072,24
mimic-11site,MICU-care,0,32.666666666666664,2,0.4769359752504777,0.31893277909064305,0.4092054603183444,24
mimic-11site,MICU-care,0,32.666666666666664,3,0.5786725408002316,0.22626026776723887,0.4083833776838843,24
mimic-11site,MICU-care,0,32.666666666666664,4,0.6608455170836042,0.1459914101524248,0.4083614467032435,24
mimic-11site,MICU-care,1,32.666666666666664,0,0.04473390555633734,0.48472994363597116,0.3916166624722617,24
mimic-11site,MICU-care,1,32.666666666666664,1,0.28521005676394084,0.4593922942130491,0.38541917674716064,24
mimic-11site,MICU-care,1,32.666666666666664,2,0.5040799513958099,0.2898617513758152,0.38386831811643046,24
mimic-11site,MICU-care,1,32.666666666666664,3,0.6197439322048736,0.28956622422041256,0.38500942423467044,24
mimic-11site,MICU-care,1,32.666666666666664,4,0.697188413932175,0.19436903432644406,0.38269504400155285,24
mimic-11site,MICU-meta,0,25.9,0,0.05181106859772354,0.2728524717564564,0.37642959043913193,24
mimic-11site,MICU-meta,0,25.9,1,0.12239305447280859,0.3278324978301727,0.3504422772937281,24
mimic-11site,MICU-meta,0,25.9,2,0.28864705644512056,0.23102912294461306,0.34925821585644606,24
mimic-11site,MICU-meta,0,25.9,3,0.3307160251740821,0.19357759669829733,0.3355640303076801,24
mimic-11site,MICU-meta,0,25.9,4,0.3638338188209768,0.12329564327906961,0.33594380028419907,24
mimic-11site,MICU-meta,1,25.9,0,0.023200052632262085,0.3314123473667984,0.38734102524549446,24
mimic-11site,MICU-meta,1,25.9,1,0.109552815642174,0.3011368957407121,0.3674595021369533,24
mimic-11site,MICU-meta,1,25.9,2,0.24111345846005755,0.230673526138737,0.3638387871056823,24
mimic-11site,MICU-meta,1,25.9,3,0.31497430437031776,0.1967483600427271,0.3544356903370489,24
mimic-11site,MICU-meta,1,25.9,4,0.4259987352516224,0.14644654135951393,0.35570531737958505,24
mimic-11site,SICU-care,0,10.703225806451611,0,0.11487080025180513,0.6816802932909956,0.35357108430233136,24
mimic-11site,SICU-care,0,10.703225806451611,1,0.6355943081609025,0.6382980326172815,0.3299427335241464,24
mimic-11site,SICU-care,0,10.703225806451611,2,0.829665130186179,0.49549137171325736,0.3196596797516969,24
mimic-11site,SICU-care,0,10.703225806451611,3,1.000424648563014,0.33762836838478294,0.32050180658449384,24
mimic-11site,SICU-care,0,10.703225806451611,4,1.0086153025338815,0.19303120518733716,0.31825201328817204,24
mimic-11site,SICU-care,1,10.703225806451611,0,0.13162703681712248,0.7415781154382519,0.3462253327833544,24
mimic-11site,SICU-care,1,10.703225806451611,1,0.7263499969141503,0.8520186073392138,0.3485522086119495,24
mimic-11site,SICU-care,1,10.703225806451611,2,1.1160971349150632,0.5450813612906406,0.3483435305473122,24
mimic-11site,SICU-care,1,10.703225806451611,3,1.5834671847219928,0.409432599369568,0.34272868999737666,24
mimic-11site,SICU-care,1,10.703225806451611,4,1.5765686678714055,0.2831634945039378,0.3484575965059573,24
mimic-11site,SICU-meta,0,9.548,0,0.36711798408115504,0.6784639963474159,0.25547926146837513,24
mimic-11site,SICU-meta,0,9.548,1,1.3284179029638967,0.6430758890288599,0.23640343530846317,24
mimic-11site,SICU-meta,0,9.548,2,1.7336764206043431,0.38076732836388266,0.23913925353501728,24
mimic-11site,SICU-meta,0,9.548,3,1.9494406207460306,0.19434382996999222,0.24500685917235476,24
mimic-11site,SICU-meta,0,9.548,4,2.1291936982914828,0.1158445035744005,0.2403529192497463,24
mimic-11site,SICU-meta,1,9.548,0,0.4282120181754643,0.8475798168518217,0.2563805413120419,24
mimic-11site,SICU-meta,1,9.548,1,0.8000217136997141,0.5852802258014479,0.26176216942622016,24
mimic-11site,SICU-meta,1,9.548,2,0.9370777092708723,0.33542831335016626,0.2658621744080845,24
mimic-11site,SICU-meta,1,9.548,3,1.2375501976259693,0.20614781927570483,0.2592112134463997,24
mimic-11site,SICU-meta,1,9.548,4,1.2129861065812406,0.1729805551896777,0.25535361747647217,24
mimic-11site,TSICU-care,0,6.5406249999999995,0,0.05823252857908967,0.8148835956710916,0.2801408744143643,24
mimic-11site,TSICU-care,0,6.5406249999999995,1,0.7763777798992509,0.8546322697227741,0.28930642679484336,24
mimic-11site,TSICU-care,0,6.5406249999999995,2,1.0594055205899626,0.5620439131605338,0.2823123758651534,24
mimic-11site,TSICU-care,0,6.5406249999999995,3,1.241256653003684,0.32232878229424833,0.2862646649133383,24
mimic-11site,TSICU-care,0,6.5406249999999995,4,1.3198387148048965,0.194615512156324,0.28195715638554747,24
mimic-11site,TSICU-care,1,6.5406249999999995,0,0.149606790930552,0.641758506027479,0.28809915502036504,24
mimic-11site,TSICU-care,1,6.5406249999999995,1,1.2608525301500935,0.7850160967857893,0.3067673931506966,24
mimic-11site,TSICU-care,1,6.5406249999999995,2,1.630557680665866,0.5798078532722419,0.3059325095884573,24
mimic-11site,TSICU-care,1,6.5406249999999995,3,1.8737297370553074,0.475023265958316,0.29765805839288356,24
mimic-11site,TSICU-care,1,6.5406249999999995,4,1.914225010096729,0.30038874930325843,0.29507900578262886,24
mimic-11site,TSICU-meta,0,5.203333333333333,0,0.12792616515282654,0.9809151678808185,0.27557021306125123,24
mimic-11site,TSICU-meta,0,5.203333333333333,1,1.1232498370347566,1.0829636745445732,0.3191348866415156,24
mimic-11site,TSICU-meta,0,5.203333333333333,2,1.278793568057916,0.513224026946317,0.3421880813314539,24
mimic-11site,TSICU-meta,0,5.203333333333333,3,1.6029657532006933,0.3593193827058912,0.34285113433652165,24
mimic-11site,TSICU-meta,0,5.203333333333333,4,1.608378764300555,0.22437884751988602,0.34820370359976627,24
mimic-11site,TSICU-meta,1,5.203333333333333,0,0.3169886076098042,0.9359285885146088,0.2736803618489904,24
mimic-11site,TSICU-meta,1,5.203333333333333,1,0.8397786167626545,0.8943033598808748,0.27299051153130116,24
mimic-11site,TSICU-meta,1,5.203333333333333,2,1.3448472556244526,0.5834118364403643,0.2795491888682638,24
mimic-11site,TSICU-meta,1,5.203333333333333,3,1.6953112567191932,0.3043132321547014,0.28173440013665774,24
mimic-11site,TSICU-meta,1,5.203333333333333,4,1.8495045431289334,0.1568626538171946,0.29032268813104023,24
mimic4-9site,Cardiac Vascular Intensive Care Unit (CVICU),0,7.2333333333333325,0,0.020659401059906088,0.5964729874017554,0.30703922814336854,24
mimic4-9site,Cardiac Vascular Intensive Care Unit (CVICU),0,7.2333333333333325,1,0.16894197796485605,0.5633404880991821,0.3298744145357038,24
mimic4-9site,Cardiac Vascular Intensive Care Unit (CVICU),0,7.2333333333333325,2,0.43811076428116597,0.5042931602960382,0.3316298009061674,24
mimic4-9site,Cardiac Vascular Intensive Care Unit (CVICU),0,7.2333333333333325,3,0.6874232072622807,0.5128200941318065,0.3171825881155353,24
mimic4-9site,Cardiac Vascular Intensive Care Unit (CVICU),0,7.2333333333333325,4,0.7993906763255927,0.47846818390862517,0.31554098721828555,24
mimic4-9site,Cardiac Vascular Intensive Care Unit (CVICU),1,7.2333333333333325,0,0.05684876695040288,0.49884630474684166,0.3214431851216876,24
mimic4-9site,Cardiac Vascular Intensive Care Unit (CVICU),1,7.2333333333333325,1,0.28323822610051475,0.5800202659013249,0.32326805455586527,24
mimic4-9site,Cardiac Vascular Intensive Care Unit (CVICU),1,7.2333333333333325,2,0.4440339080476618,0.4685781026847889,0.32311437467646364,24
mimic4-9site,Cardiac Vascular Intensive Care Unit (CVICU),1,7.2333333333333325,3,0.7709983862133886,0.3386092192179861,0.3136846174136515,24
mimic4-9site,Cardiac Vascular Intensive Care Unit (CVICU),1,7.2333333333333325,4,0.9366124571733389,0.2118852493878678,0.3088571603719716,24
mimic4-9site,Coronary Care Unit (CCU),0,19.4,0,0.27589058253320325,0.7694535875748948,0.42516315556870166,24
mimic4-9site,Coronary Care Unit (CCU),0,19.4,1,0.8200728023563574,0.9135926435325578,0.3984983392333044,24
mimic4-9site,Coronary Care Unit (CCU),0,19.4,2,0.9386345436393888,0.7614732168485633,0.38577298319193104,24
mimic4-9site,Coronary Care Unit (CCU),0,19.4,3,1.035794637250403,0.5410747732062108,0.3815219476266926,24
mimic4-9site,Coronary Care Unit (CCU),0,19.4,4,1.8410367423741187,0.346381724756138,0.36794424177524915,24
mimic4-9site,Coronary Care Unit (CCU),1,19.4,0,0.14655148764888706,0.768778737609702,0.4206160203928908,24
mimic4-9site,Coronary Care Unit (CCU),1,19.4,1,0.5060617560678534,0.9080163558860691,0.3905745792190493,24
mimic4-9site,Coronary Care Unit (CCU),1,19.4,2,1.1446961918089151,0.5647891332792428,0.39487641243299537,24
mimic4-9site,Coronary Care Unit (CCU),1,19.4,3,1.2582613958061584,0.26814782498861667,0.3989313972475559,24
mimic4-9site,Coronary Care Unit (CCU),1,19.4,4,1.5650432693433987,0.21251658166280143,0.40202833961211226,24
mimic4-9site,Medical Intensive Care Unit (MICU),0,46.15882352941176,0,1.670683097639577,1.1331046466426289,0.4412563357595342,24
mimic4-9site,Medical Intensive Care Unit (MICU),0,46.15882352941176,1,2.7348310073415782,0.7016853812068753,0.4176113890922779,24
mimic4-9site,Medical Intensive Care Unit (MICU),0,46.15882352941176,2,2.820385477017474,0.7545380187613854,0.4092829406573592,24
mimic4-9site,Medical Intensive Care Unit (MICU),0,46.15882352941176,3,3.396462044394332,0.41025187821158754,0.4071684592375968,24
mimic4-9site,Medical Intensive Care Unit (MICU),0,46.15882352941176,4,3.637196441926037,0.29010702218271817,0.3987293670741232,24
mimic4-9site,Medical Intensive Care Unit (MICU),1,46.15882352941176,0,0.09577869473884729,0.4016988828132592,0.45541038884444635,24
mimic4-9site,Medical Intensive Care Unit (MICU),1,46.15882352941176,1,0.25907459532001276,0.44914153026083614,0.4315898885816405,24
mimic4-9site,Medical Intensive Care Unit (MICU),1,46.15882352941176,2,0.42043461395958354,0.4771878526872427,0.41165837512170783,24
mimic4-9site,Medical Intensive Care Unit (MICU),1,46.15882352941176,3,0.5944428486030156,0.29882590547788523,0.4247752286947592,24
mimic4-9site,Medical Intensive Care Unit (MICU),1,46.15882352941176,4,0.6233945311904341,0.19765825978594564,0.4156752165339488,24
mimic4-9site,Medical/Surgical Intensive Care Unit (MICU/SICU),0,32.28235294117647,0,0.03544670320412676,0.3571220251065726,0.3593228795417022,24
mimic4-9site,Medical/Surgical Intensive Care Unit (MICU/SICU),0,32.28235294117647,1,0.3166367163362818,0.6909384601045444,0.33180572220230226,24
mimic4-9site,Medical/Surgical Intensive Care Unit (MICU/SICU),0,32.28235294117647,2,0.6135481851891098,0.533021099112216,0.3232185278753085,24
mimic4-9site,Medical/Surgical Intensive Care Unit (MICU/SICU),0,32.28235294117647,3,0.8878419832880519,0.5164316317304324,0.31002907830429854,24
mimic4-9site,Medical/Surgical Intensive Care Unit (MICU/SICU),0,32.28235294117647,4,0.9369594666312441,0.42856096482225103,0.3215806042951843,24
mimic4-9site,Medical/Surgical Intensive Care Unit (MICU/SICU),1,32.28235294117647,0,0.02841544762590892,0.4436054347248897,0.35596606146619364,24
mimic4-9site,Medical/Surgical Intensive Care Unit (MICU/SICU),1,32.28235294117647,1,0.37697425295430764,0.5569423682907461,0.3493751595046824,24
mimic4-9site,Medical/Surgical Intensive Care Unit (MICU/SICU),1,32.28235294117647,2,0.7579076532860021,0.44849800692284586,0.3294056441962275,24
mimic4-9site,Medical/Surgical Intensive Care Unit (MICU/SICU),1,32.28235294117647,3,1.1270638000492328,0.3122035926622975,0.31694273747129387,24
mimic4-9site,Medical/Surgical Intensive Care Unit (MICU/SICU),1,32.28235294117647,4,1.0979150487161473,0.20067030979654535,0.3243024949311601,24
mimic4-9site,Neuro Intermediate,0,2.1,0,0.22369206412033957,0.6714108276245899,0.11146257406329126,24
mimic4-9site,Neuro Intermediate,0,2.1,1,1.8608341182094605,0.5635279867377717,0.08813959345134015,24
mimic4-9site,Neuro Intermediate,0,2.1,2,2.4660857212530436,0.43758650713965874,0.09186483280736239,24
mimic4-9site,Neuro Intermediate,0,2.1,3,2.7029151083969416,0.2968064800135637,0.09387031318279149,24
mimic4-9site,Neuro Intermediate,0,2.1,4,2.899364687616354,0.18163417672335389,0.097743870373188,24
mimic4-9site,Neuro Intermediate,1,2.1,0,0.12180280666819943,0.7644676055619608,0.10986890574558866,24
mimic4-9site,Neuro Intermediate,1,2.1,1,1.5743492206511107,0.8690602267911478,0.10545222303276618,24
mimic4-9site,Neuro Intermediate,1,2.1,2,2.115631873362386,0.5690448388579122,0.10371833623162198,24
mimic4-9site,Neuro Intermediate,1,2.1,3,2.432008379124655,0.3304794701206646,0.0930504409996999,24
mimic4-9site,Neuro Intermediate,1,2.1,4,2.4556036634889247,0.2843209263962354,0.09537945044784273,24
mimic4-9site,Neuro Stepdown,0,0.5310344827586206,0,0.25331705219208095,1.77520033074288,0.20427010535353027,24
mimic4-9site,Neuro Stepdown,0,0.5310344827586206,1,1.8721722724326628,0.998905950841337,0.25434316544196367,24
mimic4-9site,Neuro Stepdown,0,0.5310344827586206,2,2.345377207509608,0.6020102948547769,0.25422309716164615,24
mimic4-9site,Neuro Stepdown,0,0.5310344827586206,3,2.510026618161517,0.42257540685899847,0.24976114266528796,24
mimic4-9site,Neuro Stepdown,0,0.5310344827586206,4,2.4854817066198787,0.3213744142646145,0.2529324077204116,24
mimic4-9site,Neuro Stepdown,1,0.5310344827586206,0,0.19565370896992298,1.7336561141879379,0.11057251697196309,24
mimic4-9site,Neuro Stepdown,1,0.5310344827586206,1,1.814564431500695,1.212101053772483,0.11762557789057382,24
mimic4-9site,Neuro Stepdown,1,0.5310344827586206,2,1.9547181820061472,0.7747617278010989,0.12070448964397389,24
mimic4-9site,Neuro Stepdown,1,0.5310344827586206,3,2.1342918698372335,0.43146090575303403,0.1338935979739456,24
mimic4-9site,Neuro Stepdown,1,0.5310344827586206,4,2.094101593418346,0.29659785193659227,0.16965798800053786,24
mimic4-9site,Neuro Surgical Intensive Care Unit (Neuro SICU),0,8.37741935483871,0,0.258645643631173,0.9661413543348578,0.5370467916053712,24
mimic4-9site,Neuro Surgical Intensive Care Unit (Neuro SICU),0,8.37741935483871,1,1.308685177195922,1.4634158217775586,0.504082888380608,24
mimic4-9site,Neuro Surgical Intensive Care Unit (Neuro SICU),0,8.37741935483871,2,2.1599750503253112,0.6875435970556653,0.5046420550999903,24
mimic4-9site,Neuro Surgical Intensive Care Unit (Neuro SICU),0,8.37741935483871,3,2.2997718500898365,0.5781541401262685,0.5189173682600354,24
mimic4-9site,Neuro Surgical Intensive Care Unit (Neuro SICU),0,8.37741935483871,4,2.526672467625579,0.40891250888219166,0.513750115513681,24
mimic4-9site,Neuro Surgical Intensive Care Unit (Neuro SICU),1,8.37741935483871,0,0.44528201077007856,1.0711223906349854,0.4868172402733848,24
mimic4-9site,Neuro Surgical Intensive Care Unit (Neuro SICU),1,8.37741935483871,1,2.5644219496110754,1.3814149238615523,0.45783731689233687,24
mimic4-9site,Neuro Surgical Intensive Care Unit (Neuro SICU),1,8.37741935483871,2,3.518811682222587,0.878267569779411,0.43309442001534304,24
mimic4-9site,Neuro Surgical Intensive Care Unit (Neuro SICU),1,8.37741935483871,3,3.3129641454881917,0.4749944412054206,0.4235269069168668,24
mimic4-9site,Neuro Surgical Intensive Care Unit (Neuro SICU),1,8.37741935483871,4,3.4832648008498155,0.33801411200398973,0.4359037089619982,24
mimic4-9site,Surgical Intensive Care Unit (SICU),0,23.31,0,0.0385837209312433,0.34292024146522343,0.2901585646347164,24
mimic4-9site,Surgical Intensive Care Unit (SICU),0,23.31,1,0.6696265581980774,0.5755508861105789,0.28522385482663964,24
mimic4-9site,Surgical Intensive Care Unit (SICU),0,23.31,2,1.2047892427296605,0.32787073310044695,0.27936180548185835,24
mimic4-9site,Surgical Intensive Care Unit (SICU),0,23.31,3,1.255354771609167,0.2952938654323599,0.2727528030888497,24
mimic4-9site,Surgical Intensive Care Unit (SICU),0,23.31,4,1.5163938003012687,0.12080419876610317,0.26251531622160856,24
mimic4-9site,Surgical Intensive Care Unit (SICU),1,23.31,0,0.12847357108330498,0.3666221335579489,0.3484334698075033,24
mimic4-9site,Surgical Intensive Care Unit (SICU),1,23.31,1,1.508774548299748,0.6478986175086893,0.3203417098150699,24
mimic4-9site,Surgical Intensive Care Unit (SICU),1,23.31,2,2.3829096789685242,0.3928675040755789,0.30352045258771754,24
mimic4-9site,Surgical Intensive Care Unit (SICU),1,23.31,3,3.025172036038232,0.24084285742961478,0.3024769356449571,24
mimic4-9site,Surgical Intensive Care Unit (SICU),1,23.31,4,3.8011185993919185,0.13593874264249298,0.3026282121349751,24
mimic4-9site,Trauma SICU (TSICU),0,15.79375,0,0.021113771195487796,0.5117422984644625,0.3792930537959239,24
mimic4-9site,Trauma SICU (TSICU),0,15.79375,1,0.5354641249614139,0.9336909538635965,0.36538903058461786,24
mimic4-9site,Trauma SICU (TSICU),0,15.79375,2,0.7514166778471019,0.7708893692547362,0.3483474797057568,24
mimic4-9site,Trauma SICU (TSICU),0,15.79375,3,1.3407802374777984,0.5714009612964511,0.32834064422354486,24
mimic4-9site,Trauma SICU (TSICU),0,15.79375,4,1.3987043977442584,0.3828024688561371,0.3247418330482848,24
mimic4-9site,Trauma SICU (TSICU),1,15.79375,0,0.16522906480803623,0.6475352582579789,0.3755507380606189,24
mimic4-9site,Trauma SICU (TSICU),1,15.79375,1,0.427666275435556,0.8040953722825052,0.37232091631211944,24
mimic4-9site,Trauma SICU (TSICU),1,15.79375,2,0.549820412684243,0.6130283198859944,0.36442299397981115,24
mimic4-9site,Trauma SICU (TSICU),1,15.79375,3,0.6854408175287809,0.378613403871408,0.3671466431987292,24
mimic4-9site,Trauma SICU (TSICU),1,15.79375,4,0.6408351496576761,0.21237061543009852,0.36290557876059476,24
