method,stratum,brier,ece,slope,auprc,dataset
pooled,all,0.18038898375107978,0.24605358652301004,4.61891952669398,0.8693310178018484,heart-4site
pooled,high_miss,0.18922425463723286,0.27602074563303763,4.536566364053429,0.8237701315990192,heart-4site
pattern,all,0.1355416443461798,0.054874291383891285,1.1312188648544141,0.8593708378560381,heart-4site
pattern,high_miss,0.1522899594116521,0.11819754263873408,0.9997359243801189,0.7978765282885517,heart-4site
pooled,all,0.11581833745128926,0.08260286104822868,1.6825657598776622,0.9418054665262575,heart-4site
pooled,high_miss,0.12537461768125505,0.19418976424370524,1.6062326995989349,0.9131694153310117,heart-4site
pattern,all,0.12826560442234297,0.06518001899139243,1.3086751172075837,0.9136899866109871,heart-4site
pattern,high_miss,0.13572123971829142,0.09758971991494908,1.3365036059690327,0.89270575019447,heart-4site
pooled,all,0.18438606607713529,0.2137425531590561,3.8505847822438115,0.8869646832578051,heart-4site
pooled,high_miss,0.18814281265342314,0.26760649373476075,5.029921137924753,0.8975699777607641,heart-4site
pattern,all,0.1409212518151302,0.04685342617025071,1.020697522917147,0.872139545837331,heart-4site
pattern,high_miss,0.1254863124758183,0.05602195500548159,1.1750796050684302,0.8654995954876863,heart-4site
pooled,all,0.14918574528311074,0.14342185991988057,2.328524781944174,0.9115121022100772,heart-4site
pooled,high_miss,0.15589405743606163,0.1446031792710875,2.33242511284991,0.8438979364372412,heart-4site
pattern,all,0.13415554427225326,0.05535977977632016,1.2578351966453334,0.9160461443369772,heart-4site
pattern,high_miss,0.12178504651849195,0.10319817968346835,1.561937861972613,0.8701938781373681,heart-4site
pooled,all,0.18296101086322117,0.2271168109842696,4.360669325773304,0.9186349957797816,heart-4site
pooled,high_miss,0.18878424489152504,0.23628491516364702,4.118751379933987,0.9058502001413173,heart-4site
pattern,all,0.1383794322527012,0.07044615637404966,1.0068211530931526,0.9146412775930228,heart-4site
pattern,high_miss,0.15023727923684163,0.09994680817029712,0.846886141936156,0.8988678019262413,heart-4site
pooled,all,0.15833804135563065,0.11891487113233022,1.783746863454275,0.8702544515028535,heart-4site
pooled,high_miss,0.167082073640313,0.13888804455437007,1.7787904177449916,0.7841965559207582,heart-4site
pattern,all,0.1484634870040123,0.06492108778555206,0.9805209736919642,0.8622350246017658,heart-4site
pattern,high_miss,0.14260854279421628,0.11818170049710806,0.9822410727740898,0.7936657584019258,heart-4site
pooled,all,0.18310928675147356,0.23128209794917257,4.398735641427907,0.927423572869335,heart-4site
pooled,high_miss,0.1970333042500641,0.2214225877698629,4.058657803834378,0.886817325272959,heart-4site
pattern,all,0.1445550750361089,0.07539079130586032,0.9614421031226075,0.8955042284696347,heart-4site
pattern,high_miss,0.17358338257750672,0.1329337926474645,0.7540310542705189,0.8274120581722385,heart-4site
pooled,all,0.12759885331804668,0.17701932503199871,3.0115697170188085,0.9523407177309037,heart-4site
pooled,high_miss,0.11964960247081405,0.27538724492977545,5.164346908953984,0.9824937235275674,heart-4site
pattern,all,0.1221004444338805,0.07430096055721262,1.227071584030376,0.9296035402166176,heart-4site
pattern,high_miss,0.08740857674343668,0.12198607107363135,2.514937248784658,0.9661938505673444,heart-4site
pooled,all,0.1849046218960769,0.21733372170422105,3.9824794850666083,0.8718238527134996,heart-4site
pooled,high_miss,0.1828805676374033,0.2575100981057588,4.865596045807925,0.9346595045108641,heart-4site
pattern,all,0.13721621764342984,0.07093739092942444,1.0612352056900265,0.8613458659887405,heart-4site
pattern,high_miss,0.12859558668183055,0.11093920308137638,1.2276742174675905,0.9292987805059507,heart-4site
pooled,all,0.17975863940248032,0.24072183348106652,4.884548699005411,0.9117772649054862,heart-4site
pooled,high_miss,0.19186719879895583,0.22117820507011407,4.257923894163406,0.827595648733021,heart-4site
pattern,all,0.12544078957538532,0.0620713285196408,1.5034341122214032,0.9259244958725037,heart-4site
pattern,high_miss,0.15212724249267215,0.09319965192018424,1.18735085632834,0.8526281113977733,heart-4site
pooled,all,0.18573851671774302,0.20966773627555668,3.9261290183518773,0.8928584933117747,heart-4site
pooled,high_miss,0.20417714312339252,0.2215065281579051,3.3488043186621224,0.790329968705588,heart-4site
pattern,all,0.1385396097039785,0.07213369075567362,1.1874484427765273,0.8947303634137493,heart-4site
pattern,high_miss,0.1630470898420493,0.14238789606760616,0.907334620707129,0.78663800065381,heart-4site
pooled,all,0.1749657550819487,0.24781466614406827,5.343535617453955,0.9394314550034278,heart-4site
pooled,high_miss,0.1786465453535183,0.262021531396501,5.405835669793236,0.9275584844200288,heart-4site
pattern,all,0.12331541314171905,0.0606616540917464,1.258246918998362,0.9185255145462436,heart-4site
pattern,high_miss,0.1225238962970871,0.06512218751536501,1.2297695772651756,0.8993199840560437,heart-4site
pooled,all,0.1435584350757329,0.045207746552783784,0.9195467672701237,0.9008950205716231,heart-4site
pooled,high_miss,0.13178445596759414,0.09644146017425372,0.9910786005318893,0.8887192844790951,heart-4site
pattern,all,0.14758588655671104,0.04196251395952809,1.0179791424227844,0.894213060067972,heart-4site
pattern,high_miss,0.1364696222624911,0.1065008169915247,1.1529180743180567,0.8938937377535028,heart-4site
pooled,all,0.1812376379093141,0.23086918062256623,4.7084317622811955,0.8710187291375752,heart-4site
pooled,high_miss,0.18193602096709177,0.3198031187297313,6.65022774797628,0.9254335709089048,heart-4site
pattern,all,0.12500658973177467,0.09155713336095501,1.1894598194236548,0.8584372584426576,heart-4site
pattern,high_miss,0.1137445116337743,0.12560588872406384,1.774597211642192,0.9108746161250614,heart-4site
pooled,all,0.17836061565490632,0.22662656155923866,4.534733295107734,0.931464286259837,heart-4site
pooled,high_miss,0.19720193882696643,0.23886711637516106,4.061415448947492,0.8769584812821061,heart-4site
pattern,all,0.13796822146156407,0.08651928381211034,1.0517383094596655,0.9130657171046177,heart-4site
pattern,high_miss,0.1559252251588707,0.12328113832908281,0.8266057815039818,0.8315747734471204,heart-4site
pooled,all,0.08096231056671509,0.09939113081428527,1.2436602387881701,0.9731478691062246,primary-tumor
pattern,all,0.07430417066379608,0.09962739328081881,1.4346415239334718,0.985911533013621,primary-tumor
pooled,all,0.0983978575386315,0.09471614318961627,1.1229219078044237,0.9563224059532783,primary-tumor
pattern,all,0.11964578986782559,0.07324667007996274,1.2410618503880337,0.9563324394397831,primary-tumor
pooled,all,0.17572110471696675,0.2157608173714183,15.193029119307521,0.9655248914482747,primary-tumor
pattern,all,0.0964487247428611,0.0914987132303132,1.2739964799694574,0.9655616099786386,primary-tumor
pooled,all,0.12489664793339882,0.08149382503353306,0.8067019903056539,0.9395638447941234,primary-tumor
pattern,all,0.1362074576679524,0.08457705141739151,0.8013988608739911,0.9402754416892812,primary-tumor
pooled,all,0.10451901063272573,0.1671391511598442,1.8029809410071733,0.9592484403219176,primary-tumor
pattern,all,0.11440391671763991,0.09256402104437336,1.1247094133473243,0.9566711682304523,primary-tumor
pooled,all,0.14759266240820973,0.11210659447934129,0.631261405442566,0.8964994755145753,primary-tumor
pattern,all,0.15409550322646,0.09829953676428933,0.5993035756731319,0.8966479066879759,primary-tumor
pooled,all,0.0880150875085894,0.09997774482934164,1.1424200185318762,0.9743945835998689,primary-tumor
pattern,all,0.09176077884630328,0.09553961076482059,1.4033075365683478,0.9691739023447392,primary-tumor
pooled,all,0.1050023966278931,0.08319442158668117,0.9677781469667964,0.9601395244716947,primary-tumor
pattern,all,0.1144137312620639,0.06918749712449253,1.119675102564629,0.9600438297160557,primary-tumor
pooled,all,0.0863512714927674,0.0555268653723722,1.1784501289510518,0.9698116320826872,primary-tumor
pattern,all,0.1031208584192153,0.08411281635480976,1.0052943302946284,0.9649100066202074,primary-tumor
pooled,all,0.0840583239141143,0.13794084814740196,3.0274688908190233,0.9916730846992861,primary-tumor
pattern,all,0.08070579929068988,0.07786417436636073,1.8375126827520825,0.9833541608167242,primary-tumor
pooled,all,0.09450621790404508,0.1459134356924482,1.8218376710678577,0.975907497179842,primary-tumor
pattern,all,0.10098290140130015,0.10934929986516834,1.3453914464796761,0.9633791965096398,primary-tumor
pooled,all,0.08551802749534942,0.07661507455255197,0.9102634126038359,0.9848872383071458,primary-tumor
pattern,all,0.0921638383479961,0.04245718646070821,1.0969499327750056,0.9715852812970222,primary-tumor
pooled,all,0.176767190993684,0.21744710881372975,17.460295878518668,0.9567317194882435,primary-tumor
pattern,all,0.1136601672631257,0.0830889636910592,1.2503419837545129,0.9687269616124382,primary-tumor
pooled,all,0.10734991346947187,0.10538695993708178,1.0070461015059673,0.9105757586770495,primary-tumor
pattern,all,0.12883739015924958,0.0869949637607222,0.9775541450903082,0.9392458905306481,primary-tumor
pooled,all,0.12181082798937569,0.09172177941657239,1.1083967994394541,0.956371720395418,primary-tumor
pattern,all,0.10827442348713594,0.1180871521879973,1.4650870058598102,0.9705265232194868,primary-tumor
pooled,all,0.16246313706217136,0.14146942263710888,1.398167591329062,0.9380407689833611,eucalyptus
pattern,all,0.16526700785758922,0.08349118425529455,0.9059106552659649,0.9275650690878632,eucalyptus
pooled,all,0.16125511740321583,0.07880270002964368,1.17713550579622,0.9252325001189559,eucalyptus
pattern,all,0.1607789544321323,0.05002490786661426,1.1412198555267286,0.9235949185924086,eucalyptus
pooled,all,0.1581154659719275,0.10475888913482839,1.6012004662439283,0.931211744089321,eucalyptus
pattern,all,0.1567758420261311,0.06039197176160423,1.0840785294911282,0.9303897052903382,eucalyptus
pooled,all,0.1689853491525587,0.12586607547901202,0.6257286825429936,0.9320489480421643,eucalyptus
pooled,high_miss,0.10231300522979161,0.10782204671635574,1.27517658649062,0.9835697635697636,eucalyptus
pattern,all,0.1529663326185134,0.10715598955491998,1.274826060893266,0.9408665267542625,eucalyptus
pattern,high_miss,0.09055967426848754,0.06955191296261445,1.6101288662356152,0.9868899216725302,eucalyptus
pooled,all,0.15901821415774225,0.15163257093440763,1.9678393154463703,0.9370160676053946,eucalyptus
pattern,all,0.14981817236456071,0.07250382109699782,1.6382267258512262,0.9375156925787189,eucalyptus
pooled,all,0.19031716504926638,0.15082563208028424,0.4082926237800808,0.9060214700806195,eucalyptus
pattern,all,0.18748067864825566,0.10443423202598294,0.6644925068576298,0.903714548470956,eucalyptus
pooled,all,0.15205890094629493,0.13824752468217805,1.8690073763848138,0.948336040375797,eucalyptus
pooled,high_miss,0.032495029843806644,0.09767799634864657,11.79741282578862,0.9999999999999999,eucalyptus
pattern,all,0.14801220867768647,0.10317602463855427,1.313314639399506,0.94307210959352,eucalyptus
pattern,high_miss,0.025042664679289194,0.09220027777847489,11.027711734258501,0.9999999999999999,eucalyptus
pooled,all,0.16504426938683026,0.08796994667256462,1.1092111187507556,0.9186341195188608,eucalyptus
pooled,high_miss,0.08278316940270482,0.10632088641060834,1.316670393934824,0.9888636363636364,eucalyptus
pattern,all,0.15756086449407786,0.08087251642277814,1.308739281351899,0.9281783739258398,eucalyptus
pattern,high_miss,0.07004857662279522,0.0948438851901,4.222328404716354,0.9959575997125404,eucalyptus
pooled,all,0.16258715272469537,0.08863656726084153,1.6464347362112068,0.9292752941153692,eucalyptus
pattern,all,0.1562487452172717,0.11761592045888979,1.2164149161359648,0.9293827693831953,eucalyptus
pooled,all,0.15498856462929594,0.12260152629555233,1.9278363045487161,0.9422345903559348,eucalyptus
pattern,all,0.15927768649654483,0.08124525739473365,1.197994461760977,0.9329297825329366,eucalyptus
pooled,all,0.16833638631037848,0.1290210374777894,1.2846210363043642,0.9202074551800032,eucalyptus
pattern,all,0.17369096502162182,0.10797882816885414,0.8215946289368721,0.9129202304263946,eucalyptus
pooled,all,0.16076130439999914,0.152683218043891,1.6282658043959262,0.9388817305982546,eucalyptus
pattern,all,0.1524690887551731,0.09497827639887256,1.2059485813360848,0.9399925843815858,eucalyptus
pooled,all,0.18045002499721716,0.09862845959864038,0.8064116246000024,0.9080178247196306,eucalyptus
pattern,all,0.1834842435535152,0.07063054761209858,0.7487423017476539,0.9000413608632781,eucalyptus
pooled,all,0.1625181369461337,0.11850956346769724,0.7148538173579398,0.9384828957159339,eucalyptus
pooled,high_miss,0.09173248692730933,0.05677983555135017,1.7192028855042552,0.9826595474192725,eucalyptus
pattern,all,0.14620497933656224,0.07513031661839299,1.6890789672178745,0.9433821671068813,eucalyptus
pattern,high_miss,0.07981994832768055,0.06247044668325888,2.121550856147011,0.9840329315642984,eucalyptus
pooled,all,0.1498247433666624,0.13379753565195673,2.097278324783123,0.9512098861717426,eucalyptus
pooled,high_miss,0.07993703902706917,0.14799127493344655,1.2448300934764076,0.9869950615292233,eucalyptus
pattern,all,0.14953776765042004,0.12822735941134708,1.2324512498436866,0.9445050308820901,eucalyptus
pattern,high_miss,0.0908710219076155,0.14958833484592557,1.0464729411349305,0.9869950615292233,eucalyptus
pooled,all,0.013781842368387708,0.02094052357225716,1.2587607593106422,0.9478067578982964,hypothyroid
pooled,high_miss,0.010590407490381315,0.013788614806892897,0.6572105390485447,0.8897693576265004,hypothyroid
pattern,all,0.027943073830949194,0.05080663763827504,2.9148135946040146,0.9116695695714028,hypothyroid
pattern,high_miss,0.023498037047826152,0.04367265538218054,2.903185315242201,0.8828935371228603,hypothyroid
pooled,all,0.02290909952249941,0.02509554594549411,0.9968628568643157,0.8896906752809104,hypothyroid
pooled,high_miss,0.011339134692532069,0.0056683717951000615,1.8266460853117488,0.8978365384615384,hypothyroid
pattern,all,0.03632709644887823,0.05070165832586162,2.418739170190653,0.8345847815164116,hypothyroid
pattern,high_miss,0.019064403010708518,0.03994940596855358,5.036066691269355,0.8943452380952381,hypothyroid
pooled,all,0.021663432893861502,0.016236232990132927,0.7133800774989805,0.8629916180093433,hypothyroid
pooled,high_miss,0.02753359804383588,0.019432750937266804,0.4877799700734638,0.7938109518335157,hypothyroid
pattern,all,0.0363894296955231,0.04165577251839108,2.334609393365569,0.8170936061374555,hypothyroid
pattern,high_miss,0.04076092515087855,0.031103489118224845,1.8894881842419846,0.7073454745755009,hypothyroid
pooled,all,0.016515387339077568,0.02114145913538366,1.1324461586688417,0.8997407343391954,hypothyroid
pooled,high_miss,0.015582028658923169,0.029228931528394182,3.9206500312211032,0.9789786347231201,hypothyroid
pattern,all,0.029364433351555107,0.05371526344075882,2.786584350000829,0.9022465039038051,hypothyroid
pattern,high_miss,0.03152324857885942,0.07039705989493805,4.7644367280180004,0.9308663816403755,hypothyroid
pooled,all,0.022057254563229604,0.029330687152372994,1.0852705546176866,0.9131279982298989,hypothyroid
pooled,high_miss,0.019828220695554948,0.02460046633130859,1.0742972816915992,0.9446755800622405,hypothyroid
pattern,all,0.03509686887116167,0.05141207466989256,2.355641706516034,0.8492510205406747,hypothyroid
pattern,high_miss,0.03585367799436239,0.05744118767050184,2.827506905068876,0.907774645330047,hypothyroid
pooled,all,0.02398664091716132,0.01128166636135358,0.39873949333592884,0.7993978077197157,hypothyroid
pooled,high_miss,0.02772437152924911,0.024801767844004237,0.34772265393294743,0.723301906816689,hypothyroid
pattern,all,0.03482855425830488,0.03918266196312122,1.602914318133464,0.7925662735398507,hypothyroid
pattern,high_miss,0.03655355984533683,0.04000473710004113,1.3096569346119598,0.7543367629548494,hypothyroid
pooled,all,0.017540960558898575,0.021862702208468053,1.1199548815030238,0.9321326551268454,hypothyroid
pooled,high_miss,0.011615367277550987,0.024152092139687865,0.41986912531921244,0.7918791085457751,hypothyroid
pattern,all,0.03238270067473236,0.03901539159182177,2.37754585534052,0.855359372664382,hypothyroid
pattern,high_miss,0.016936589086544038,0.03534553962314322,2.8473807681507184,0.9051066217732886,hypothyroid
pooled,all,0.022243136344878466,0.03623382749719256,1.8873449396300337,0.939667772737872,hypothyroid
pooled,high_miss,0.024034678087361556,0.04029989704259464,3.005968564692373,0.9692246750576525,hypothyroid
pattern,all,0.038124093787906085,0.05456065752995448,3.0821609915925925,0.8338563669081052,hypothyroid
pattern,high_miss,0.04573540268958006,0.05778312887979868,3.4333603232722645,0.8642480546997354,hypothyroid
pooled,all,0.015600410684251446,0.028374768139876383,1.4347889395261013,0.9414075750964862,hypothyroid
pooled,high_miss,0.0133288978297437,0.024420762895922023,3.3772365934591915,0.9713435374149659,hypothyroid
pattern,all,0.029764229060885,0.05729865733763581,2.441462920183115,0.8985009290868612,hypothyroid
pattern,high_miss,0.025995199610038468,0.06089906383171763,4.196287849578115,0.9034955648926235,hypothyroid
pooled,all,0.02060436504206654,0.02114141922812824,1.0099407371319113,0.8850675454621075,hypothyroid
pooled,high_miss,0.01703500167935655,0.018676034689484384,3.0459485626734417,0.956845238095238,hypothyroid
pattern,all,0.033348127596558294,0.04720278022283031,2.529521551571054,0.8539396540692766,hypothyroid
pattern,high_miss,0.03204217016881613,0.04143330466294479,2.8426671438607114,0.8534446939817784,hypothyroid
pooled,all,0.022025338615621528,0.028725517343964727,0.867808810227142,0.8955040105764711,hypothyroid
pooled,high_miss,0.020036136862914992,0.007187435505284357,0.5671667196454206,0.862084451760565,hypothyroid
pattern,all,0.03663810840877071,0.04537793183488609,1.8919537671959914,0.8053130759241706,hypothyroid
pattern,high_miss,0.027755766173831065,0.03187802544796449,1.968553757797149,0.8021061217566825,hypothyroid
pooled,all,0.013960550171824808,0.018954921660161165,1.3074180662797958,0.9430020038483538,hypothyroid
pooled,high_miss,0.0029156361806260676,0.01510925072773736,6.358584185372993,1.0,hypothyroid
pattern,all,0.029234600862089673,0.05227003506714953,3.031276981112161,0.9155099920536424,hypothyroid
pattern,high_miss,0.01768144260341905,0.05181824911821422,7.312402542625296,0.9855769230769229,hypothyroid
pooled,all,0.02078145148157746,0.014215444418432761,0.5282197161624103,0.8018432405863268,hypothyroid
pooled,high_miss,0.02720036769426715,0.011451365003903879,0.37692700205877167,0.7148572223489964,hypothyroid
pattern,all,0.03309949418962116,0.04655033117344724,2.0994954148268135,0.8344168554522148,hypothyroid
pattern,high_miss,0.03819455776375317,0.044280616353110036,1.86260938904798,0.8203919773926176,hypothyroid
pooled,all,0.022403336114809068,0.027709816175142416,2.1243404592278425,0.9197776347930534,hypothyroid
pooled,high_miss,0.025466330149603932,0.030814056305762227,2.0639563445732856,0.9004055507415724,hypothyroid
pattern,all,0.03559312959068218,0.044401209764778564,2.596162326898471,0.822680113739897,hypothyroid
pattern,high_miss,0.04040487313937624,0.055444662515632515,3.2749600096845826,0.8125604113865209,hypothyroid
pooled,all,0.01779661350173365,0.026546917533426015,1.5029763992787586,0.9378535988608919,hypothyroid
pooled,high_miss,0.012528065781783122,0.014499679491094906,2.200232052994878,0.9455128205128205,hypothyroid
pattern,all,0.03192827928377308,0.054829035109332194,2.998135747784266,0.8822771061714977,hypothyroid
pattern,high_miss,0.029120626105468193,0.05283714481351996,3.655048558443631,0.8809676434676436,hypothyroid
pooled,all,0.047361908586606105,0.01708909350886444,0.963171128526716,0.9437674035200143,support2
pooled,high_miss,0.03470189198224725,0.014276036461222844,0.9459954374602945,0.9561408495410655,support2
pattern,all,0.0767609213556553,0.03511070724060844,1.0707875249932688,0.8981191366692531,support2
pattern,high_miss,0.06838766965192859,0.046304032752362646,1.0061161759015964,0.9134954160929963,support2
pooled,all,0.049889387116275476,0.02757189828864263,0.8822204153214677,0.9333550282277319,support2
pooled,high_miss,0.03592460463873696,0.024342707298673435,0.7928620515731719,0.9261547974084096,support2
pattern,all,0.07363601614254314,0.02875298407326083,1.1115279675082739,0.8958426470872538,support2
pattern,high_miss,0.062166100434769035,0.04664753025130051,1.086548563048989,0.9021731550485873,support2
pooled,all,0.04916090698891525,0.02320869295036432,0.9722275675729986,0.9443218632588459,support2
pooled,high_miss,0.03591907352431234,0.020610672542102002,0.9565710008789815,0.9451612953890801,support2
pattern,all,0.081901789853219,0.029962512289702255,1.0798039416653262,0.8891642461781003,support2
pattern,high_miss,0.0786839334017682,0.07266807853138502,1.0202389668322358,0.8973247784960703,support2
pooled,all,0.04373938049896649,0.017749460070505124,1.0585715462554477,0.953069630759457,support2
pooled,high_miss,0.03249043803529082,0.020662653129516737,1.069650038137308,0.9609132843092842,support2
pattern,all,0.07376223384744889,0.03743674946371675,1.1282643760464455,0.901671471351244,support2
pattern,high_miss,0.06476457077952828,0.0515132574780704,1.1278517504062806,0.9170636224311914,support2
pooled,all,0.054273430366098135,0.019086910308453477,0.8977295538928705,0.9421445689973497,support2
pooled,high_miss,0.04335078108283435,0.020018563514186908,0.8367890162935936,0.9437369222196832,support2
pattern,all,0.08332953887475605,0.02870694759452815,1.0150615944913244,0.884799831010737,support2
pattern,high_miss,0.0725634048420093,0.06087904866844313,1.0417743438929645,0.9030795964847931,support2
pooled,all,0.04681988186711494,0.01869387462736064,0.9774059322637373,0.9454369291149958,support2
pooled,high_miss,0.03889776821857841,0.029143098791685078,0.8397814764992376,0.9366148256494398,support2
pattern,all,0.0722801694668779,0.03847781346479142,1.1329880153055452,0.90028957901122,support2
pattern,high_miss,0.06417463454836878,0.05686821753973434,1.0678938800967774,0.8998418125051193,support2
pooled,all,0.0510374395868738,0.02490478660617439,0.8573011682453731,0.9343055904266326,support2
pooled,high_miss,0.03404447076663097,0.01741962529707962,0.8332357669943175,0.9429707648219228,support2
pattern,all,0.07876652976109705,0.031637890742867346,1.032490029339844,0.893763017793448,support2
pattern,high_miss,0.06393691501778734,0.05196225337642571,1.0522080445562563,0.9153154430539738,support2
pooled,all,0.05523460791783523,0.024774649615611776,0.8314421873367762,0.9391703771802656,support2
pooled,high_miss,0.04144154311576084,0.012519450553208812,0.8519894088233166,0.9509650987227041,support2
pattern,all,0.08285801383091765,0.03175916779228393,1.0433928080275214,0.8890994991466176,support2
pattern,high_miss,0.0785053718439486,0.06641196349168244,1.0468198803182212,0.8984218725498834,support2
pooled,all,0.04457224833477627,0.01620048294125399,1.03588848122632,0.9517018793722631,support2
pooled,high_miss,0.030938225657660495,0.025704944351712097,1.0873211563997014,0.958769050665502,support2
pattern,all,0.08055968070131572,0.024317049870250813,1.0775767338839004,0.8939750974111117,support2
pattern,high_miss,0.07075693846178614,0.05745161873465793,1.1110170698275066,0.9210342144568016,support2
pooled,all,0.04752354443428661,0.01769048601022309,1.0791803733817684,0.9486190632263254,support2
pooled,high_miss,0.03772206072568589,0.023981196872202105,0.9752330715079407,0.9515112515499364,support2
pattern,all,0.0779660865746635,0.03409857570070644,1.0870696643169087,0.8956414942131738,support2
pattern,high_miss,0.07034524101419201,0.05105843574252299,1.0236140967973937,0.909162619294049,support2
pooled,all,0.053013435290076634,0.025706942508227446,0.8808170048096298,0.935754202886399,support2
pooled,high_miss,0.04740418000025569,0.02397320563413786,0.7320979730162134,0.9171098829025969,support2
pattern,all,0.08192039921472095,0.0311301742830686,0.977457941265805,0.8778490215636227,support2
pattern,high_miss,0.07990288949293613,0.051784438543077585,0.9052852555937366,0.8612805214155566,support2
pooled,all,0.054284719295490357,0.025455627057220372,0.9020803291682241,0.9343249101316504,support2
pooled,high_miss,0.042632011424137035,0.03302695530928167,0.8525210266695633,0.9324693752024152,support2
pattern,all,0.07794998605723083,0.034083187432946666,1.1314724522914423,0.8948409388518066,support2
pattern,high_miss,0.07168003787709716,0.06715411699007809,1.0820422771669604,0.8959902812706009,support2
pooled,all,0.04631447385077066,0.01931484548893271,1.004807939840995,0.950617489315159,support2
pooled,high_miss,0.03553853114502314,0.021648318317698985,0.948110138297568,0.9591373291137134,support2
pattern,all,0.07805575273607576,0.030751847528283853,1.1078639572751823,0.8976945052141443,support2
pattern,high_miss,0.06797463241151473,0.058378134877160155,1.079852956682558,0.9144977295227696,support2
pooled,all,0.047127108370062176,0.02075555305950139,0.9205979509039698,0.9381246161644062,support2
pooled,high_miss,0.02772850125484561,0.018047944219781314,1.045893078968582,0.9536495768384088,support2
pattern,all,0.07659454382776823,0.037555006962292685,1.0912435177349469,0.8968882052165515,support2
pattern,high_miss,0.06300495517702887,0.057447521415418146,1.1569820313360188,0.929227932872441,support2
pooled,all,0.046389134319876006,0.014476176756017364,1.05952339257305,0.9567838779040122,support2
pooled,high_miss,0.033741369041635605,0.018285364465766812,0.9939674220056759,0.96446962732508,support2
pattern,all,0.07657820986441234,0.022493894457901453,1.0902183443368445,0.8985972430079496,support2
pattern,high_miss,0.06616869847282562,0.04638710872028274,1.0790335317483888,0.9216647643257924,support2
