target,target_db,seed,n_partners,n_cross,frac_cross,epv_target,n_target,benefit,helped
m3:CCU-care,0,0,3,1,0.3333333333333333,11.88,2722,-0.027157533234804965,0
m3:CCU-care,0,1,3,1,0.3333333333333333,11.88,2722,0.02802626803052921,1
m3:CCU-care,0,0,4,2,0.5,11.88,2722,-0.034957822744233535,0
m3:CCU-care,0,1,4,2,0.5,11.88,2722,0.0085503585002219,1
m3:CCU-care,0,0,3,1,0.3333333333333333,11.88,2722,-0.024547012775518906,0
m3:CCU-care,0,1,3,1,0.3333333333333333,11.88,2722,-0.014088276244691111,0
m3:CCU-care,0,0,4,2,0.5,11.88,2722,-0.018445743219881516,0
m3:CCU-care,0,1,4,2,0.5,11.88,2722,0.025379629358803724,1
m3:CCU-care,0,0,1,0,0.0,11.88,2722,-0.023168118215099176,0
m3:CCU-care,0,1,1,0,0.0,11.88,2722,-0.01619366990053861,0
m3:CCU-care,0,0,3,1,0.3333333333333333,11.88,2722,-0.013605421196104972,0
m3:CCU-care,0,1,3,1,0.3333333333333333,11.88,2722,-0.056147858948245866,0
m3:CCU-care,0,0,4,1,0.25,11.88,2722,-0.019304034691869754,0
m3:CCU-care,0,1,4,1,0.25,11.88,2722,0.026316058875326342,1
m3:CCU-care,0,0,3,2,0.6666666666666666,11.88,2722,0.01407198620723149,1
m3:CCU-care,0,1,3,2,0.6666666666666666,11.88,2722,0.02741718758430023,1
m3:CCU-care,0,0,2,1,0.5,11.88,2722,-0.040929580398052945,0
m3:CCU-care,0,1,2,1,0.5,11.88,2722,-0.02910668821635437,0
m3:CCU-care,0,0,1,0,0.0,11.88,2722,-0.013565444124696457,0
m3:CCU-care,0,1,1,0,0.0,11.88,2722,0.0023229098525625602,1
m3:CCU-care,0,0,4,1,0.25,11.88,2722,-0.019220760660612957,0
m3:CCU-care,0,1,4,1,0.25,11.88,2722,0.008932175358279504,1
m3:CCU-care,0,0,3,2,0.6666666666666666,11.88,2722,0.0088276105487049,1
m3:CCU-care,0,1,3,2,0.6666666666666666,11.88,2722,0.03254175443134649,1
m3:CCU-care,0,0,2,1,0.5,11.88,2722,-0.08206225538740303,0
m3:CCU-care,0,1,2,1,0.5,11.88,2722,-0.07784596051621429,0
m3:CCU-care,0,0,3,1,0.3333333333333333,11.88,2722,-0.031136653706476614,0
m3:CCU-care,0,1,3,1,0.3333333333333333,11.88,2722,0.03086884585412114,1
m3:CCU-care,0,0,4,3,0.75,11.88,2722,0.007598085992420123,1
m3:CCU-care,0,1,4,3,0.75,11.88,2722,0.03137814689591101,1
m3:CCU-care,0,0,4,3,0.75,11.88,2722,-0.03687724959283745,0
m3:CCU-care,0,1,4,3,0.75,11.88,2722,-0.02468020120076314,0
m3:CCU-care,0,0,2,1,0.5,11.88,2722,-0.006743244427899364,0
m3:CCU-care,0,1,2,1,0.5,11.88,2722,0.011398794093294806,1
m3:CCU-care,0,0,3,2,0.6666666666666666,11.88,2722,-0.04157513438392968,0
m3:CCU-care,0,1,3,2,0.6666666666666666,11.88,2722,0.03541605100297285,1
m3:CCU-care,0,0,3,2,0.6666666666666666,11.88,2722,-0.002634247024414227,0
m3:CCU-care,0,1,3,2,0.6666666666666666,11.88,2722,0.0273624164561152,1
m3:CCU-care,0,0,2,2,1.0,11.88,2722,0.0024070333268741972,1
m3:CCU-care,0,1,2,2,1.0,11.88,2722,0.02388597909515261,1
m3:CCU-care,0,0,1,1,1.0,11.88,2722,-0.005643393090307147,0
m3:CCU-care,0,1,1,1,1.0,11.88,2722,-0.01073249100514534,0
m3:CCU-care,0,0,1,1,1.0,11.88,2722,-0.012894164226898541,0
m3:CCU-care,0,1,1,1,1.0,11.88,2722,-0.010451051670185896,0
m3:CCU-care,0,0,2,2,1.0,11.88,2722,-0.06307229080427351,0
m3:CCU-care,0,1,2,2,1.0,11.88,2722,-0.10319987979089695,0
m3:CCU-care,0,0,1,1,1.0,11.88,2722,-0.061875427349583345,0
m3:CCU-care,0,1,1,1,1.0,11.88,2722,-0.11551817813293819,0
m3:CCU-meta,0,0,4,2,0.5,6.44,1535,0.004760486829125221,1
m3:CCU-meta,0,1,4,2,0.5,6.44,1535,0.020219289693282905,1
m3:CCU-meta,0,0,3,2,0.6666666666666666,6.44,1535,0.04064382957299967,1
m3:CCU-meta,0,1,3,2,0.6666666666666666,6.44,1535,0.014072536457365947,1
m3:CCU-meta,0,0,3,2,0.6666666666666666,6.44,1535,-0.007922933471278037,0
m3:CCU-meta,0,1,3,2,0.6666666666666666,6.44,1535,-0.0052107803372370975,0
m3:CCU-meta,0,0,3,2,0.6666666666666666,6.44,1535,-0.05171995667375828,0
m3:CCU-meta,0,1,3,2,0.6666666666666666,6.44,1535,-0.06716743674322612,0
m3:CCU-meta,0,0,4,2,0.5,6.44,1535,-0.007185387496297879,0
m3:CCU-meta,0,1,4,2,0.5,6.44,1535,0.003997207696750438,1
m3:CCU-meta,0,0,4,1,0.25,6.44,1535,0.01777445122171012,1
m3:CCU-meta,0,1,4,1,0.25,6.44,1535,0.06178384334960291,1
m3:CCU-meta,0,0,4,2,0.5,6.44,1535,0.009690836890093313,1
m3:CCU-meta,0,1,4,2,0.5,6.44,1535,0.01900518419043362,1
m3:CCU-meta,0,0,3,0,0.0,6.44,1535,0.03000817604320427,1
m3:CCU-meta,0,1,3,0,0.0,6.44,1535,0.03826464300258797,1
m3:CCU-meta,0,0,4,2,0.5,6.44,1535,0.008429294695129597,1
m3:CCU-meta,0,1,4,2,0.5,6.44,1535,0.025126625291983062,1
m3:CCU-meta,0,0,2,1,0.5,6.44,1535,0.005009148917298145,1
m3:CCU-meta,0,1,2,1,0.5,6.44,1535,-0.10514699655127713,0
m3:CCU-meta,0,0,2,1,0.5,6.44,1535,0.002238984598366911,1
m3:CCU-meta,0,1,2,1,0.5,6.44,1535,-0.00978559016034325,0
m3:CCU-meta,0,0,4,3,0.75,6.44,1535,0.01236145370513475,1
m3:CCU-meta,0,1,4,3,0.75,6.44,1535,0.028928447900341325,1
m3:CCU-meta,0,0,3,2,0.6666666666666666,6.44,1535,-0.0018309694825950906,0
m3:CCU-meta,0,1,3,2,0.6666666666666666,6.44,1535,0.021955589936934528,1
m3:CCU-meta,0,0,4,1,0.25,6.44,1535,0.009330337271935496,1
m3:CCU-meta,0,1,4,1,0.25,6.44,1535,0.0035015787582862723,1
m3:CCU-meta,0,0,1,0,0.0,6.44,1535,0.020884902290944585,1
m3:CCU-meta,0,1,1,0,0.0,6.44,1535,0.02437201224606278,1
m3:CCU-meta,0,0,1,1,1.0,6.44,1535,-0.015035283146811074,0
m3:CCU-meta,0,1,1,1,1.0,6.44,1535,-0.0007273055401036954,0
m3:CCU-meta,0,0,1,1,1.0,6.44,1535,0.036905397104399884,1
m3:CCU-meta,0,1,1,1,1.0,6.44,1535,0.040617246004335195,1
m3:CCU-meta,0,0,3,3,1.0,6.44,1535,0.031170465174318984,1
m3:CCU-meta,0,1,3,3,1.0,6.44,1535,0.012070113682319583,1
m3:CCU-meta,0,0,2,2,1.0,6.44,1535,0.005513200653945338,1
m3:CCU-meta,0,1,2,2,1.0,6.44,1535,-0.05916004839752187,0
m3:CCU-meta,0,0,1,1,1.0,6.44,1535,-0.16200901907472387,0
m3:CCU-meta,0,1,1,1,1.0,6.44,1535,-0.21658519055927483,0
m3:CCU-meta,0,0,1,1,1.0,6.44,1535,-0.0681088481184402,0
m3:CCU-meta,0,1,1,1,1.0,6.44,1535,-0.15657843490409024,0
m3:CCU-meta,0,0,1,1,1.0,6.44,1535,0.005828058216761078,1
m3:CCU-meta,0,1,1,1,1.0,6.44,1535,0.017682688481678477,1
m3:CSRU-care,0,0,1,0,0.0,4.393939393939394,3483,0.027238674959413955,1
m3:CSRU-care,0,1,1,0,0.0,4.393939393939394,3483,0.03430132732391877,1
m3:CSRU-care,0,0,4,1,0.25,4.393939393939394,3483,0.07784166051542007,1
m3:CSRU-care,0,1,4,1,0.25,4.393939393939394,3483,-0.011788383503632371,0
m3:CSRU-care,0,0,1,0,0.0,4.393939393939394,3483,-0.0111365939764132,0
m3:CSRU-care,0,1,1,0,0.0,4.393939393939394,3483,0.030408157190803753,1
m3:CSRU-care,0,0,2,0,0.0,4.393939393939394,3483,0.015345817681698182,1
m3:CSRU-care,0,1,2,0,0.0,4.393939393939394,3483,0.0560336238185597,1
m3:CSRU-care,0,0,1,0,0.0,4.393939393939394,3483,0.04895621826481533,1
m3:CSRU-care,0,1,1,0,0.0,4.393939393939394,3483,-0.003533667863646839,0
m3:CSRU-care,0,0,1,0,0.0,4.393939393939394,3483,0.004028087524856505,1
m3:CSRU-care,0,1,1,0,0.0,4.393939393939394,3483,0.003359328937281525,1
m3:CSRU-care,0,0,4,2,0.5,4.393939393939394,3483,0.01710316243967236,1
m3:CSRU-care,0,1,4,2,0.5,4.393939393939394,3483,0.028960140331625916,1
m3:CSRU-care,0,0,2,0,0.0,4.393939393939394,3483,0.041850213775176226,1
m3:CSRU-care,0,1,2,0,0.0,4.393939393939394,3483,0.020856251622065614,1
m3:CSRU-care,0,0,4,2,0.5,4.393939393939394,3483,-7.354614916382785e-05,0
m3:CSRU-care,0,1,4,2,0.5,4.393939393939394,3483,0.0577656531394134,1
m3:CSRU-care,0,0,4,3,0.75,4.393939393939394,3483,0.04022727960078104,1
m3:CSRU-care,0,1,4,3,0.75,4.393939393939394,3483,0.028327112590225134,1
m3:CSRU-care,0,0,2,1,0.5,4.393939393939394,3483,0.03915014733124422,1
m3:CSRU-care,0,1,2,1,0.5,4.393939393939394,3483,0.01803282100503839,1
m3:CSRU-care,0,0,1,0,0.0,4.393939393939394,3483,0.03690990073425793,1
m3:CSRU-care,0,1,1,0,0.0,4.393939393939394,3483,0.03243480263488491,1
m3:CSRU-care,0,0,2,0,0.0,4.393939393939394,3483,0.05292740234769494,1
m3:CSRU-care,0,1,2,0,0.0,4.393939393939394,3483,0.020070324551141383,1
m3:CSRU-care,0,0,3,2,0.6666666666666666,4.393939393939394,3483,0.06291384694956259,1
m3:CSRU-care,0,1,3,2,0.6666666666666666,4.393939393939394,3483,0.05078774450593715,1
m3:CSRU-care,0,0,1,0,0.0,4.393939393939394,3483,0.055505746470552564,1
m3:CSRU-care,0,1,1,0,0.0,4.393939393939394,3483,0.025430800535577225,1
m3:CSRU-care,0,0,3,2,0.6666666666666666,4.393939393939394,3483,0.05074909706346492,1
m3:CSRU-care,0,1,3,2,0.6666666666666666,4.393939393939394,3483,0.011643423442737388,1
m3:CSRU-care,0,0,3,2,0.6666666666666666,4.393939393939394,3483,0.008154442491989045,1
m3:CSRU-care,0,1,3,2,0.6666666666666666,4.393939393939394,3483,-0.018771474472664362,0
m3:CSRU-care,0,0,2,2,1.0,4.393939393939394,3483,0.002177338405967899,1
m3:CSRU-care,0,1,2,2,1.0,4.393939393939394,3483,0.05085518457594207,1
m3:CSRU-care,0,0,1,1,1.0,4.393939393939394,3483,0.04498109931671074,1
m3:CSRU-care,0,1,1,1,1.0,4.393939393939394,3483,0.02404091567686134,1
m3:CSRU-care,0,0,4,4,1.0,4.393939393939394,3483,0.030624389092627102,1
m3:CSRU-care,0,1,4,4,1.0,4.393939393939394,3483,0.06612165245905122,1
m3:CSRU-care,0,0,2,2,1.0,4.393939393939394,3483,0.013208339821644433,1
m3:CSRU-care,0,1,2,2,1.0,4.393939393939394,3483,0.07629832130110309,1
m3:CSRU-care,0,0,2,2,1.0,4.393939393939394,3483,-0.0018013295880195956,0
m3:CSRU-care,0,1,2,2,1.0,4.393939393939394,3483,-0.030043576551512685,0
m3:CSRU-care,0,0,1,1,1.0,4.393939393939394,3483,0.0255895220588111,1
m3:CSRU-care,0,1,1,1,1.0,4.393939393939394,3483,0.009460102219951305,1
m3:CSRU-meta,0,0,4,2,0.5,1.7058823529411764,2031,0.0658428515303095,1
m3:CSRU-meta,0,1,4,2,0.5,1.7058823529411764,2031,-0.021866204007149392,0
m3:CSRU-meta,0,0,2,1,0.5,1.7058823529411764,2031,0.08684870177879783,1
m3:CSRU-meta,0,1,2,1,0.5,1.7058823529411764,2031,-0.00847992065274078,0
m3:CSRU-meta,0,0,4,1,0.25,1.7058823529411764,2031,0.033327546235627614,1
m3:CSRU-meta,0,1,4,1,0.25,1.7058823529411764,2031,-0.058170920757662115,0
m3:CSRU-meta,0,0,4,1,0.25,1.7058823529411764,2031,0.0483284918084268,1
m3:CSRU-meta,0,1,4,1,0.25,1.7058823529411764,2031,-0.0714893943111492,0
m3:CSRU-meta,0,0,4,3,0.75,1.7058823529411764,2031,0.007330508306683303,1
m3:CSRU-meta,0,1,4,3,0.75,1.7058823529411764,2031,-0.04687310276464046,0
m3:CSRU-meta,0,0,4,2,0.5,1.7058823529411764,2031,0.0118359639953034,1
m3:CSRU-meta,0,1,4,2,0.5,1.7058823529411764,2031,0.016181425700826313,1
m3:CSRU-meta,0,0,4,2,0.5,1.7058823529411764,2031,0.054376330740051326,1
m3:CSRU-meta,0,1,4,2,0.5,1.7058823529411764,2031,-0.02176206329026184,0
m3:CSRU-meta,0,0,4,2,0.5,1.7058823529411764,2031,-0.06081703813002437,0
m3:CSRU-meta,0,1,4,2,0.5,1.7058823529411764,2031,-0.0037083356261459754,0
m3:CSRU-meta,0,0,3,1,0.3333333333333333,1.7058823529411764,2031,0.05393299168374116,1
m3:CSRU-meta,0,1,3,1,0.3333333333333333,1.7058823529411764,2031,-0.017979918657925753,0
m3:CSRU-meta,0,0,4,2,0.5,1.7058823529411764,2031,0.03262976408278778,1
m3:CSRU-meta,0,1,4,2,0.5,1.7058823529411764,2031,0.001079478143889978,1
m3:CSRU-meta,0,0,3,2,0.6666666666666666,1.7058823529411764,2031,0.030065211923689272,1
m3:CSRU-meta,0,1,3,2,0.6666666666666666,1.7058823529411764,2031,-0.01827905950308384,0
m3:CSRU-meta,0,0,2,1,0.5,1.7058823529411764,2031,0.048154905059910325,1
m3:CSRU-meta,0,1,2,1,0.5,1.7058823529411764,2031,-0.05151194252351568,0
m3:CSRU-meta,0,0,2,1,0.5,1.7058823529411764,2031,0.05887040319019904,1
m3:CSRU-meta,0,1,2,1,0.5,1.7058823529411764,2031,-0.0045884668496110614,0
m3:CSRU-meta,0,0,4,2,0.5,1.7058823529411764,2031,0.01540459078181583,1
m3:CSRU-meta,0,1,4,2,0.5,1.7058823529411764,2031,-0.014913192996475033,0
m3:CSRU-meta,0,0,1,0,0.0,1.7058823529411764,2031,0.019654538797535592,1
m3:CSRU-meta,0,1,1,0,0.0,1.7058823529411764,2031,-0.009435637212517667,0
m3:CSRU-meta,0,0,3,2,0.6666666666666666,1.7058823529411764,2031,0.021318823981286927,1
m3:CSRU-meta,0,1,3,2,0.6666666666666666,1.7058823529411764,2031,-0.008977869379832526,0
m3:CSRU-meta,0,0,3,2,0.6666666666666666,1.7058823529411764,2031,-0.05222473410714257,0
m3:CSRU-meta,0,1,3,2,0.6666666666666666,1.7058823529411764,2031,-0.01880208804134645,0
m3:CSRU-meta,0,0,3,2,0.6666666666666666,1.7058823529411764,2031,0.05373297246459663,1
m3:CSRU-meta,0,1,3,2,0.6666666666666666,1.7058823529411764,2031,-0.01771192589738635,0
m3:CSRU-meta,0,0,2,2,1.0,1.7058823529411764,2031,0.077562706568917,1
m3:CSRU-meta,0,1,2,2,1.0,1.7058823529411764,2031,-0.02280945304577331,0
m3:CSRU-meta,0,0,1,1,1.0,1.7058823529411764,2031,0.02014245628380229,1
m3:CSRU-meta,0,1,1,1,1.0,1.7058823529411764,2031,-0.0373833032731225,0
m3:CSRU-meta,0,0,1,1,1.0,1.7058823529411764,2031,-0.00383271784995326,0
m3:CSRU-meta,0,1,1,1,1.0,1.7058823529411764,2031,-0.028575443801719613,0
m3:CSRU-meta,0,0,3,3,1.0,1.7058823529411764,2031,-0.0813520842078364,0
m3:CSRU-meta,0,1,3,3,1.0,1.7058823529411764,2031,-0.0446514011618781,0
m3:CSRU-meta,0,0,1,1,1.0,1.7058823529411764,2031,-0.042171691228235386,0
m3:CSRU-meta,0,1,1,1,1.0,1.7058823529411764,2031,-0.07993825993408946,0
m3:CSRU-meta,0,0,1,1,1.0,1.7058823529411764,2031,0.027180328237262186,1
m3:CSRU-meta,0,1,1,1,1.0,1.7058823529411764,2031,-0.05512781298405481,0
m3:MICU-care,0,0,4,0,0.0,35.0,5985,-0.030975201225056703,0
m3:MICU-care,0,1,4,0,0.0,35.0,5985,-0.00984990562121485,0
m3:MICU-care,0,0,2,0,0.0,35.0,5985,-0.014818417905224202,0
m3:MICU-care,0,1,2,0,0.0,35.0,5985,0.007886776679957241,1
m3:MICU-care,0,0,4,2,0.5,35.0,5985,-0.04408230587630929,0
m3:MICU-care,0,1,4,2,0.5,35.0,5985,-0.019245530646929132,0
m3:MICU-care,0,0,1,0,0.0,35.0,5985,-0.027817789815691107,0
m3:MICU-care,0,1,1,0,0.0,35.0,5985,-0.015959258848070368,0
m3:MICU-care,0,0,3,1,0.3333333333333333,35.0,5985,-0.020605267608942213,0
m3:MICU-care,0,1,3,1,0.3333333333333333,35.0,5985,-0.017337623375153932,0
m3:MICU-care,0,0,4,3,0.75,35.0,5985,-0.010667005056700707,0
m3:MICU-care,0,1,4,3,0.75,35.0,5985,0.0015078534023454937,1
m3:MICU-care,0,0,3,2,0.6666666666666666,35.0,5985,-0.003634595623110415,0
m3:MICU-care,0,1,3,2,0.6666666666666666,35.0,5985,-0.00014086975161992088,0
m3:MICU-care,0,0,2,1,0.5,35.0,5985,-0.016517081615393836,0
m3:MICU-care,0,1,2,1,0.5,35.0,5985,0.003126619134876718,1
m3:MICU-care,0,0,3,2,0.6666666666666666,35.0,5985,-0.027387409285877795,0
m3:MICU-care,0,1,3,2,0.6666666666666666,35.0,5985,-0.005287418129408916,0
m3:MICU-care,0,0,1,0,0.0,35.0,5985,-0.005370844163520294,0
m3:MICU-care,0,1,1,0,0.0,35.0,5985,-0.0007202665202368785,0
m3:MICU-care,0,0,2,1,0.5,35.0,5985,0.003259558375516336,1
m3:MICU-care,0,1,2,1,0.5,35.0,5985,0.00531057654388567,1
m3:MICU-care,0,0,2,1,0.5,35.0,5985,-0.04030944714199902,0
m3:MICU-care,0,1,2,1,0.5,35.0,5985,-0.0471022951463681,0
m3:MICU-care,0,0,1,0,0.0,35.0,5985,-0.0003532221273505054,0
m3:MICU-care,0,1,1,0,0.0,35.0,5985,-0.0009593569468619445,0
m3:MICU-care,0,0,4,3,0.75,35.0,5985,-0.021753664318105936,0
m3:MICU-care,0,1,4,3,0.75,35.0,5985,-0.01478164348841643,0
m3:MICU-care,0,0,3,2,0.6666666666666666,35.0,5985,-0.019626247880702663,0
m3:MICU-care,0,1,3,2,0.6666666666666666,35.0,5985,-0.014051424895393627,0
m3:MICU-care,0,0,1,0,0.0,35.0,5985,-0.0014112230533941394,0
m3:MICU-care,0,1,1,0,0.0,35.0,5985,-0.0016558176702303196,0
m3:MICU-care,0,0,2,1,0.5,35.0,5985,-0.014093301696571525,0
m3:MICU-care,0,1,2,1,0.5,35.0,5985,-0.013971923122477303,0
m3:MICU-care,0,0,2,2,1.0,35.0,5985,-0.01559924490280895,0
m3:MICU-care,0,1,2,2,1.0,35.0,5985,-0.011878525636487058,0
m3:MICU-care,0,0,2,2,1.0,35.0,5985,-0.02594871051989578,0
m3:MICU-care,0,1,2,2,1.0,35.0,5985,-0.01652317293878669,0
m3:MICU-care,0,0,1,1,1.0,35.0,5985,0.0011338708942728037,1
m3:MICU-care,0,1,1,1,1.0,35.0,5985,0.0009178254165854716,1
m3:MICU-care,0,0,1,1,1.0,35.0,5985,-0.0013023463473694763,0
m3:MICU-care,0,1,1,1,1.0,35.0,5985,-0.0035374492209067077,0
m3:MICU-care,0,0,1,1,1.0,35.0,5985,-0.01012169165027782,0
m3:MICU-care,0,1,1,1,1.0,35.0,5985,-0.006467408833646993,0
m3:MICU-meta,0,0,3,1,0.3333333333333333,27.96,5469,0.0034441238604661084,1
m3:MICU-meta,0,1,3,1,0.3333333333333333,27.96,5469,-0.001122829853862195,0
m3:MICU-meta,0,0,3,1,0.3333333333333333,27.96,5469,-0.01537623162375834,0
m3:MICU-meta,0,1,3,1,0.3333333333333333,27.96,5469,-0.02506782308830685,0
m3:MICU-meta,0,0,3,2,0.6666666666666666,27.96,5469,-0.012517736776950894,0
m3:MICU-meta,0,1,3,2,0.6666666666666666,27.96,5469,-0.025721368935238464,0
m3:MICU-meta,0,0,3,2,0.6666666666666666,27.96,5469,-0.04112121956841541,0
m3:MICU-meta,0,1,3,2,0.6666666666666666,27.96,5469,-0.04640788568537929,0
m3:MICU-meta,0,0,3,2,0.6666666666666666,27.96,5469,-0.017552919806645306,0
m3:MICU-meta,0,1,3,2,0.6666666666666666,27.96,5469,-0.0005272846727807923,0
m3:MICU-meta,0,0,3,2,0.6666666666666666,27.96,5469,-0.029979448096989547,0
m3:MICU-meta,0,1,3,2,0.6666666666666666,27.96,5469,-0.008744146122492968,0
m3:MICU-meta,0,0,4,3,0.75,27.96,5469,-0.02427529346202917,0
m3:MICU-meta,0,1,4,3,0.75,27.96,5469,-0.0031118512445734714,0
m3:MICU-meta,0,0,3,2,0.6666666666666666,27.96,5469,-0.05194152113593936,0
m3:MICU-meta,0,1,3,2,0.6666666666666666,27.96,5469,-0.04683316221365352,0
m3:MICU-meta,0,0,1,0,0.0,27.96,5469,-0.029096643308095527,0
m3:MICU-meta,0,1,1,0,0.0,27.96,5469,-0.026975850188608486,0
m3:MICU-meta,0,0,3,1,0.3333333333333333,27.96,5469,-0.03127408486563016,0
m3:MICU-meta,0,1,3,1,0.3333333333333333,27.96,5469,-0.019159254414244486,0
m3:MICU-meta,0,0,3,2,0.6666666666666666,27.96,5469,-0.04580625554783502,0
m3:MICU-meta,0,1,3,2,0.6666666666666666,27.96,5469,-0.03869301155828697,0
m3:MICU-meta,0,0,2,1,0.5,27.96,5469,-0.035989583448268914,0
m3:MICU-meta,0,1,2,1,0.5,27.96,5469,-0.02976481336861081,0
m3:MICU-meta,0,0,2,1,0.5,27.96,5469,-0.02043488423675288,0
m3:MICU-meta,0,1,2,1,0.5,27.96,5469,-0.025952930642853034,0
m3:MICU-meta,0,0,4,3,0.75,27.96,5469,-0.0022917687284380595,0
m3:MICU-meta,0,1,4,3,0.75,27.96,5469,-0.016856888864606068,0
m3:MICU-meta,0,0,3,2,0.6666666666666666,27.96,5469,-0.029535331080440486,0
m3:MICU-meta,0,1,3,2,0.6666666666666666,27.96,5469,-0.01921091891246457,0
m3:MICU-meta,0,0,2,1,0.5,27.96,5469,-0.07377395384853108,0
m3:MICU-meta,0,1,2,1,0.5,27.96,5469,-0.0684260597184635,0
m3:MICU-meta,0,0,2,1,0.5,27.96,5469,-0.020604810986735667,0
m3:MICU-meta,0,1,2,1,0.5,27.96,5469,-0.008129096741769759,0
m3:MICU-meta,0,0,2,2,1.0,27.96,5469,0.00023835760335488843,1
m3:MICU-meta,0,1,2,2,1.0,27.96,5469,-0.017460289902313797,0
m3:MICU-meta,0,0,1,1,1.0,27.96,5469,-0.017500508630061806,0
m3:MICU-meta,0,1,1,1,1.0,27.96,5469,-0.012591376630029127,0
m3:MICU-meta,0,0,2,2,1.0,27.96,5469,-0.024842480829484537,0
m3:MICU-meta,0,1,2,2,1.0,27.96,5469,-0.017364829698846784,0
m3:MICU-meta,0,0,1,1,1.0,27.96,5469,0.0003634144333526934,1
m3:MICU-meta,0,1,1,1,1.0,27.96,5469,-0.03378877182994078,0
m3:MICU-meta,0,0,2,2,1.0,27.96,5469,-0.00489744918533791,0
m3:MICU-meta,0,1,2,2,1.0,27.96,5469,-0.011360358758960354,0
m3:SICU-care,0,0,1,0,0.0,11.448275862068966,2489,-0.02907104057158927,0
m3:SICU-care,0,1,1,0,0.0,11.448275862068966,2489,-0.02356718641696548,0
m3:SICU-care,0,0,3,1,0.3333333333333333,11.448275862068966,2489,-0.05537744726324195,0
m3:SICU-care,0,1,3,1,0.3333333333333333,11.448275862068966,2489,-0.05287875037057821,0
m3:SICU-care,0,0,4,1,0.25,11.448275862068966,2489,-0.028766714026503604,0
m3:SICU-care,0,1,4,1,0.25,11.448275862068966,2489,-0.014549583926227128,0
m3:SICU-care,0,0,2,1,0.5,11.448275862068966,2489,-0.027139663641607803,0
m3:SICU-care,0,1,2,1,0.5,11.448275862068966,2489,-0.01678559168177307,0
m3:SICU-care,0,0,1,0,0.0,11.448275862068966,2489,-0.029792877937760587,0
m3:SICU-care,0,1,1,0,0.0,11.448275862068966,2489,-0.03142286769559188,0
m3:SICU-care,0,0,2,0,0.0,11.448275862068966,2489,-0.059474664614824424,0
m3:SICU-care,0,1,2,0,0.0,11.448275862068966,2489,-0.0287770472686924,0
m3:SICU-care,0,0,3,2,0.6666666666666666,11.448275862068966,2489,-0.03502874622737229,0
m3:SICU-care,0,1,3,2,0.6666666666666666,11.448275862068966,2489,-0.022203840632830596,0
m3:SICU-care,0,0,3,2,0.6666666666666666,11.448275862068966,2489,-0.01610623871819933,0
m3:SICU-care,0,1,3,2,0.6666666666666666,11.448275862068966,2489,-0.05500516644523734,0
m3:SICU-care,0,0,1,0,0.0,11.448275862068966,2489,-0.04745635119621244,0
m3:SICU-care,0,1,1,0,0.0,11.448275862068966,2489,-0.04152125866341316,0
m3:SICU-care,0,0,4,1,0.25,11.448275862068966,2489,-0.051651505372614315,0
m3:SICU-care,0,1,4,1,0.25,11.448275862068966,2489,-0.032356767892419536,0
m3:SICU-care,0,0,2,1,0.5,11.448275862068966,2489,-0.02412303495547169,0
m3:SICU-care,0,1,2,1,0.5,11.448275862068966,2489,-0.06534184470806997,0
m3:SICU-care,0,0,1,0,0.0,11.448275862068966,2489,-0.02614826648476931,0
m3:SICU-care,0,1,1,0,0.0,11.448275862068966,2489,-0.04968613556003082,0
m3:SICU-care,0,0,4,1,0.25,11.448275862068966,2489,-0.027977749387504913,0
m3:SICU-care,0,1,4,1,0.25,11.448275862068966,2489,-0.00828681648152857,0
m3:SICU-care,0,0,2,0,0.0,11.448275862068966,2489,-0.016618154449249467,0
m3:SICU-care,0,1,2,0,0.0,11.448275862068966,2489,-0.027023219447932123,0
m3:SICU-care,0,0,4,2,0.5,11.448275862068966,2489,-0.02747544030657567,0
m3:SICU-care,0,1,4,2,0.5,11.448275862068966,2489,-0.032119751098322546,0
m3:SICU-care,0,0,4,3,0.75,11.448275862068966,2489,-0.07815821499077902,0
m3:SICU-care,0,1,4,3,0.75,11.448275862068966,2489,-0.05178168826913826,0
m3:SICU-care,0,0,2,1,0.5,11.448275862068966,2489,-0.02380768683357193,0
m3:SICU-care,0,1,2,1,0.5,11.448275862068966,2489,-0.002888435683062629,0
m3:SICU-care,0,0,2,1,0.5,11.448275862068966,2489,0.0015480485299347868,1
m3:SICU-care,0,1,2,1,0.5,11.448275862068966,2489,-0.008887129408135908,0
m3:SICU-care,0,0,3,1,0.3333333333333333,11.448275862068966,2489,0.011824509240692838,1
m3:SICU-care,0,1,3,1,0.3333333333333333,11.448275862068966,2489,0.036618512395503344,1
m3:SICU-care,0,0,3,2,0.6666666666666666,11.448275862068966,2489,-0.04412992477386901,0
m3:SICU-care,0,1,3,2,0.6666666666666666,11.448275862068966,2489,0.008439222800198598,1
m3:SICU-care,0,0,2,2,1.0,11.448275862068966,2489,-0.06066302875720753,0
m3:SICU-care,0,1,2,2,1.0,11.448275862068966,2489,-0.04015297519438338,0
m3:SICU-care,0,0,2,2,1.0,11.448275862068966,2489,-0.041742205515843234,0
m3:SICU-care,0,1,2,2,1.0,11.448275862068966,2489,-0.026989451757064686,0
m3:SICU-care,0,0,3,3,1.0,11.448275862068966,2489,-0.01409226881651221,0
m3:SICU-care,0,1,3,3,1.0,11.448275862068966,2489,-0.0033113813732550956,0
m3:SICU-meta,0,0,1,0,0.0,10.391304347826088,2276,-0.04039239881441975,0
m3:SICU-meta,0,1,1,0,0.0,10.391304347826088,2276,-0.008032416248784702,0
m3:SICU-meta,0,0,3,1,0.3333333333333333,10.391304347826088,2276,-0.011646759998455103,0
m3:SICU-meta,0,1,3,1,0.3333333333333333,10.391304347826088,2276,0.0369876045356089,1
m3:SICU-meta,0,0,2,1,0.5,10.391304347826088,2276,-0.027849985726608073,0
m3:SICU-meta,0,1,2,1,0.5,10.391304347826088,2276,-0.018183967004743118,0
m3:SICU-meta,0,0,4,1,0.25,10.391304347826088,2276,-0.044348402926349534,0
m3:SICU-meta,0,1,4,1,0.25,10.391304347826088,2276,-0.02027217735800746,0
m3:SICU-meta,0,0,2,1,0.5,10.391304347826088,2276,-0.04853801642420799,0
m3:SICU-meta,0,1,2,1,0.5,10.391304347826088,2276,-0.02505103254268129,0
m3:SICU-meta,0,0,3,2,0.6666666666666666,10.391304347826088,2276,-0.03480114779751983,0
m3:SICU-meta,0,1,3,2,0.6666666666666666,10.391304347826088,2276,-0.008173837904081244,0
m3:SICU-meta,0,0,3,0,0.0,10.391304347826088,2276,-0.03247084273686293,0
m3:SICU-meta,0,1,3,0,0.0,10.391304347826088,2276,-0.02162413686306372,0
m3:SICU-meta,0,0,2,1,0.5,10.391304347826088,2276,-0.025745553043709207,0
m3:SICU-meta,0,1,2,1,0.5,10.391304347826088,2276,0.027106858171015324,1
m3:SICU-meta,0,0,3,2,0.6666666666666666,10.391304347826088,2276,-0.022924738951250023,0
m3:SICU-meta,0,1,3,2,0.6666666666666666,10.391304347826088,2276,0.029470422046664668,1
m3:SICU-meta,0,0,4,2,0.5,10.391304347826088,2276,-0.026319877647151102,0
m3:SICU-meta,0,1,4,2,0.5,10.391304347826088,2276,0.047288816453480875,1
m3:SICU-meta,0,0,3,2,0.6666666666666666,10.391304347826088,2276,-0.04110330438331172,0
m3:SICU-meta,0,1,3,2,0.6666666666666666,10.391304347826088,2276,0.03517601618552668,1
m3:SICU-meta,0,0,3,2,0.6666666666666666,10.391304347826088,2276,-0.01578157749068909,0
m3:SICU-meta,0,1,3,2,0.6666666666666666,10.391304347826088,2276,0.05974201778803129,1
m3:SICU-meta,0,0,2,1,0.5,10.391304347826088,2276,0.010280049947320957,1
m3:SICU-meta,0,1,2,1,0.5,10.391304347826088,2276,0.05684795781337143,1
m3:SICU-meta,0,0,4,2,0.5,10.391304347826088,2276,0.00986987671373718,1
m3:SICU-meta,0,1,4,2,0.5,10.391304347826088,2276,0.05987513898257435,1
m3:SICU-meta,0,0,4,3,0.75,10.391304347826088,2276,-0.04192380198042189,0
m3:SICU-meta,0,1,4,3,0.75,10.391304347826088,2276,0.043067209768422265,1
m3:SICU-meta,0,0,3,2,0.6666666666666666,10.391304347826088,2276,0.011959088079980473,1
m3:SICU-meta,0,1,3,2,0.6666666666666666,10.391304347826088,2276,0.06559463769740409,1
m3:SICU-meta,0,0,1,1,1.0,10.391304347826088,2276,-0.04698691492130966,0
m3:SICU-meta,0,1,1,1,1.0,10.391304347826088,2276,0.011201644631442187,1
m3:SICU-meta,0,0,4,4,1.0,10.391304347826088,2276,-0.049248048874666994,0
m3:SICU-meta,0,1,4,4,1.0,10.391304347826088,2276,0.012352673892380317,1
m3:SICU-meta,0,0,1,1,1.0,10.391304347826088,2276,-0.009339488947230745,0
m3:SICU-meta,0,1,1,1,1.0,10.391304347826088,2276,0.04536740740910572,1
m3:SICU-meta,0,0,3,3,1.0,10.391304347826088,2276,-0.016622687725975638,0
m3:SICU-meta,0,1,3,3,1.0,10.391304347826088,2276,0.07060800315210913,1
m3:SICU-meta,0,0,1,1,1.0,10.391304347826088,2276,-0.015389844575550649,0
m3:SICU-meta,0,1,1,1,1.0,10.391304347826088,2276,0.035627508493948135,1
m3:SICU-meta,0,0,2,2,1.0,10.391304347826088,2276,-0.013426536947787227,0
m3:SICU-meta,0,1,2,2,1.0,10.391304347826088,2276,0.036999565870448115,1
m3:SICU-meta,0,0,1,1,1.0,10.391304347826088,2276,-0.026180493373997415,0
m3:SICU-meta,0,1,1,1,1.0,10.391304347826088,2276,-0.0014022410219950432,0
m3:SICU-meta,0,0,1,1,1.0,10.391304347826088,2276,0.009855030805360265,1
m3:SICU-meta,0,1,1,1,1.0,10.391304347826088,2276,0.010636050888619242,1
m3:TSICU-care,0,0,3,0,0.0,6.966666666666667,1880,0.010876041523579627,1
m3:TSICU-care,0,1,3,0,0.0,6.966666666666667,1880,0.02172427480042949,1
m3:TSICU-care,0,0,2,1,0.5,6.966666666666667,1880,-0.02312878092972359,0
m3:TSICU-care,0,1,2,1,0.5,6.966666666666667,1880,-0.02289854312901768,0
m3:TSICU-care,0,0,3,0,0.0,6.966666666666667,1880,-0.03371897091389575,0
m3:TSICU-care,0,1,3,0,0.0,6.966666666666667,1880,-0.03263947339425449,0
m3:TSICU-care,0,0,3,1,0.3333333333333333,6.966666666666667,1880,-0.02145535441606017,0
m3:TSICU-care,0,1,3,1,0.3333333333333333,6.966666666666667,1880,-0.019941550425785992,0
m3:TSICU-care,0,0,2,1,0.5,6.966666666666667,1880,-0.05547090670058702,0
m3:TSICU-care,0,1,2,1,0.5,6.966666666666667,1880,-0.008759467244320085,0
m3:TSICU-care,0,0,1,0,0.0,6.966666666666667,1880,0.017710096483458282,1
m3:TSICU-care,0,1,1,0,0.0,6.966666666666667,1880,-0.001943989457506734,0
m3:TSICU-care,0,0,3,1,0.3333333333333333,6.966666666666667,1880,0.011536255603415257,1
m3:TSICU-care,0,1,3,1,0.3333333333333333,6.966666666666667,1880,-0.01552901244849847,0
m3:TSICU-care,0,0,1,0,0.0,6.966666666666667,1880,0.0018284289409424281,1
m3:TSICU-care,0,1,1,0,0.0,6.966666666666667,1880,-0.004021678332848222,0
m3:TSICU-care,0,0,3,1,0.3333333333333333,6.966666666666667,1880,-0.023520335761758937,0
m3:TSICU-care,0,1,3,1,0.3333333333333333,6.966666666666667,1880,-0.015092470917561607,0
m3:TSICU-care,0,0,3,1,0.3333333333333333,6.966666666666667,1880,0.006721403256583658,1
m3:TSICU-care,0,1,3,1,0.3333333333333333,6.966666666666667,1880,0.009311135819724314,1
m3:TSICU-care,0,0,4,3,0.75,6.966666666666667,1880,-0.03266908125233875,0
m3:TSICU-care,0,1,4,3,0.75,6.966666666666667,1880,-0.017206409075568474,0
m3:TSICU-care,0,0,1,0,0.0,6.966666666666667,1880,-0.005129607102952016,0
m3:TSICU-care,0,1,1,0,0.0,6.966666666666667,1880,-0.005467465706653352,0
m3:TSICU-care,0,0,2,1,0.5,6.966666666666667,1880,-0.040766944260401505,0
m3:TSICU-care,0,1,2,1,0.5,6.966666666666667,1880,-0.038421038347514924,0
m3:TSICU-care,0,0,4,3,0.75,6.966666666666667,1880,-0.026108212076701665,0
m3:TSICU-care,0,1,4,3,0.75,6.966666666666667,1880,-0.047399228221631506,0
m3:TSICU-care,0,0,2,1,0.5,6.966666666666667,1880,-0.015932818586140762,0
m3:TSICU-care,0,1,2,1,0.5,6.966666666666667,1880,-0.01917316410295844,0
m3:TSICU-care,0,0,3,2,0.6666666666666666,6.966666666666667,1880,0.0063824935697723295,1
m3:TSICU-care,0,1,3,2,0.6666666666666666,6.966666666666667,1880,-0.003096197372754239,0
m3:TSICU-care,0,0,1,0,0.0,6.966666666666667,1880,0.018233341432808248,1
m3:TSICU-care,0,1,1,0,0.0,6.966666666666667,1880,0.02609240069859564,1
m3:TSICU-care,0,0,3,2,0.6666666666666666,6.966666666666667,1880,0.015073428416973012,1
m3:TSICU-care,0,1,3,2,0.6666666666666666,6.966666666666667,1880,0.01128455512539106,1
m3:TSICU-care,0,0,4,3,0.75,6.966666666666667,1880,0.0198395593168465,1
m3:TSICU-care,0,1,4,3,0.75,6.966666666666667,1880,0.017850220097417935,1
m3:TSICU-care,0,0,1,1,1.0,6.966666666666667,1880,-0.039112979887032606,0
m3:TSICU-care,0,1,1,1,1.0,6.966666666666667,1880,-0.05963210630237464,0
m3:TSICU-care,0,0,4,4,1.0,6.966666666666667,1880,-0.012340149721342897,0
m3:TSICU-care,0,1,4,4,1.0,6.966666666666667,1880,-0.03278919703865468,0
m3:TSICU-care,0,0,1,1,1.0,6.966666666666667,1880,-0.055618139855855786,0
m3:TSICU-care,0,1,1,1,1.0,6.966666666666667,1880,-0.0157646726393757,0
m3:TSICU-meta,0,0,1,0,0.0,5.571428571428571,1527,0.02288953032296598,1
m3:TSICU-meta,0,1,1,0,0.0,5.571428571428571,1527,0.0025755968406181995,1
m3:TSICU-meta,0,0,3,0,0.0,5.571428571428571,1527,0.03449643722868373,1
m3:TSICU-meta,0,1,3,0,0.0,5.571428571428571,1527,0.001167279875065319,1
m3:TSICU-meta,0,0,4,3,0.75,5.571428571428571,1527,0.08207358703196987,1
m3:TSICU-meta,0,1,4,3,0.75,5.571428571428571,1527,0.03797437866659975,1
m3:TSICU-meta,0,0,1,0,0.0,5.571428571428571,1527,0.0365304861630496,1
m3:TSICU-meta,0,1,1,0,0.0,5.571428571428571,1527,0.01907115234226353,1
m3:TSICU-meta,0,0,2,1,0.5,5.571428571428571,1527,0.04589028390311767,1
m3:TSICU-meta,0,1,2,1,0.5,5.571428571428571,1527,0.03957729961251538,1
m3:TSICU-meta,0,0,3,2,0.6666666666666666,5.571428571428571,1527,0.023178232606891946,1
m3:TSICU-meta,0,1,3,2,0.6666666666666666,5.571428571428571,1527,-0.023852168308551802,0
m3:TSICU-meta,0,0,3,0,0.0,5.571428571428571,1527,0.07080331830885994,1
m3:TSICU-meta,0,1,3,0,0.0,5.571428571428571,1527,0.01452988560847518,1
m3:TSICU-meta,0,0,3,1,0.3333333333333333,5.571428571428571,1527,0.07028633011565194,1
m3:TSICU-meta,0,1,3,1,0.3333333333333333,5.571428571428571,1527,0.016823744530671092,1
m3:TSICU-meta,0,0,4,3,0.75,5.571428571428571,1527,0.05821304466255106,1
m3:TSICU-meta,0,1,4,3,0.75,5.571428571428571,1527,0.045005212602762745,1
m3:TSICU-meta,0,0,1,0,0.0,5.571428571428571,1527,0.05316860864899281,1
m3:TSICU-meta,0,1,1,0,0.0,5.571428571428571,1527,-0.01443405837271744,0
m3:TSICU-meta,0,0,2,0,0.0,5.571428571428571,1527,0.045684354957898576,1
m3:TSICU-meta,0,1,2,0,0.0,5.571428571428571,1527,-0.012103422996413482,0
m3:TSICU-meta,0,0,2,0,0.0,5.571428571428571,1527,0.08509811375986737,1
m3:TSICU-meta,0,1,2,0,0.0,5.571428571428571,1527,0.03378363203449242,1
m3:TSICU-meta,0,0,3,2,0.6666666666666666,5.571428571428571,1527,0.07051957855297442,1
m3:TSICU-meta,0,1,3,2,0.6666666666666666,5.571428571428571,1527,0.07072199413159275,1
m3:TSICU-meta,0,0,3,3,1.0,5.571428571428571,1527,0.05861455363571916,1
m3:TSICU-meta,0,1,3,3,1.0,5.571428571428571,1527,0.05462121784448848,1
m3:TSICU-meta,0,0,3,3,1.0,5.571428571428571,1527,0.07016422876889988,1
m3:TSICU-meta,0,1,3,3,1.0,5.571428571428571,1527,0.055047522853143904,1
m3:TSICU-meta,0,0,1,1,1.0,5.571428571428571,1527,0.05820400951709348,1
m3:TSICU-meta,0,1,1,1,1.0,5.571428571428571,1527,0.042704679627500186,1
m3:TSICU-meta,0,0,2,2,1.0,5.571428571428571,1527,0.0709270972225543,1
m3:TSICU-meta,0,1,2,2,1.0,5.571428571428571,1527,0.04326006436465357,1
m3:TSICU-meta,0,0,1,1,1.0,5.571428571428571,1527,-0.09830073755954366,0
m3:TSICU-meta,0,1,1,1,1.0,5.571428571428571,1527,-0.08172372020424393,0
m3:TSICU-meta,0,0,1,1,1.0,5.571428571428571,1527,-0.04039453213214972,0
m3:TSICU-meta,0,1,1,1,1.0,5.571428571428571,1527,-0.01199367110498517,0
m3:TSICU-meta,0,0,1,1,1.0,5.571428571428571,1527,0.002707133599356981,1
m3:TSICU-meta,0,1,1,1,1.0,5.571428571428571,1527,0.007389164439656759,1
m4:Cardiac Vascular Intensive Care Unit (CVICU),1,0,4,3,0.75,7.428571428571429,8420,0.02811092442226043,1
m4:Cardiac Vascular Intensive Care Unit (CVICU),1,1,4,3,0.75,7.428571428571429,8420,0.025809059514638688,1
m4:Cardiac Vascular Intensive Care Unit (CVICU),1,0,3,2,0.6666666666666666,7.428571428571429,8420,0.024200115729164084,1
m4:Cardiac Vascular Intensive Care Unit (CVICU),1,1,3,2,0.6666666666666666,7.428571428571429,8420,0.010491044410958106,1
m4:Cardiac Vascular Intensive Care Unit (CVICU),1,0,4,2,0.5,7.428571428571429,8420,-0.03772409221672546,0
m4:Cardiac Vascular Intensive Care Unit (CVICU),1,1,4,2,0.5,7.428571428571429,8420,0.013290910288892122,1
m4:Cardiac Vascular Intensive Care Unit (CVICU),1,0,4,3,0.75,7.428571428571429,8420,0.027197469468923652,1
m4:Cardiac Vascular Intensive Care Unit (CVICU),1,1,4,3,0.75,7.428571428571429,8420,0.01716777692894561,1
m4:Cardiac Vascular Intensive Care Unit (CVICU),1,0,4,4,1.0,7.428571428571429,8420,0.028352382894776595,1
m4:Cardiac Vascular Intensive Care Unit (CVICU),1,1,4,4,1.0,7.428571428571429,8420,0.004417830601409323,1
m4:Cardiac Vascular Intensive Care Unit (CVICU),1,0,4,2,0.5,7.428571428571429,8420,0.015216184043470582,1
m4:Cardiac Vascular Intensive Care Unit (CVICU),1,1,4,2,0.5,7.428571428571429,8420,0.00011298072684534644,1
m4:Cardiac Vascular Intensive Care Unit (CVICU),1,0,2,1,0.5,7.428571428571429,8420,0.018327586023736464,1
m4:Cardiac Vascular Intensive Care Unit (CVICU),1,1,2,1,0.5,7.428571428571429,8420,0.009393473485462045,1
m4:Cardiac Vascular Intensive Care Unit (CVICU),1,0,3,2,0.6666666666666666,7.428571428571429,8420,0.04172711723082384,1
m4:Cardiac Vascular Intensive Care Unit (CVICU),1,1,3,2,0.6666666666666666,7.428571428571429,8420,-0.006543996487719084,0
m4:Cardiac Vascular Intensive Care Unit (CVICU),1,0,3,3,1.0,7.428571428571429,8420,0.024383898303125484,1
m4:Cardiac Vascular Intensive Care Unit (CVICU),1,1,3,3,1.0,7.428571428571429,8420,0.012815680758238468,1
m4:Cardiac Vascular Intensive Care Unit (CVICU),1,0,4,3,0.75,7.428571428571429,8420,0.05788188817121115,1
m4:Cardiac Vascular Intensive Care Unit (CVICU),1,1,4,3,0.75,7.428571428571429,8420,0.02258336213754808,1
m4:Cardiac Vascular Intensive Care Unit (CVICU),1,0,4,1,0.25,7.428571428571429,8420,-0.04633711552554881,0
m4:Cardiac Vascular Intensive Care Unit (CVICU),1,1,4,1,0.25,7.428571428571429,8420,0.022650800243224967,1
m4:Cardiac Vascular Intensive Care Unit (CVICU),1,0,4,4,1.0,7.428571428571429,8420,0.033702692494044506,1
m4:Cardiac Vascular Intensive Care Unit (CVICU),1,1,4,4,1.0,7.428571428571429,8420,0.00662622587845807,1
m4:Cardiac Vascular Intensive Care Unit (CVICU),1,0,3,2,0.6666666666666666,7.428571428571429,8420,0.030237320864073824,1
m4:Cardiac Vascular Intensive Care Unit (CVICU),1,1,3,2,0.6666666666666666,7.428571428571429,8420,-0.005593160446187406,0
m4:Cardiac Vascular Intensive Care Unit (CVICU),1,0,4,2,0.5,7.428571428571429,8420,0.01585777711771269,1
m4:Cardiac Vascular Intensive Care Unit (CVICU),1,1,4,2,0.5,7.428571428571429,8420,-0.009007811887872696,0
m4:Cardiac Vascular Intensive Care Unit (CVICU),1,0,4,2,0.5,7.428571428571429,8420,0.03802371453675607,1
m4:Cardiac Vascular Intensive Care Unit (CVICU),1,1,4,2,0.5,7.428571428571429,8420,-0.016282988590778258,0
m4:Cardiac Vascular Intensive Care Unit (CVICU),1,0,4,2,0.5,7.428571428571429,8420,0.053090400816325545,1
m4:Cardiac Vascular Intensive Care Unit (CVICU),1,1,4,2,0.5,7.428571428571429,8420,0.004747224994187116,1
m4:Cardiac Vascular Intensive Care Unit (CVICU),1,0,2,1,0.5,7.428571428571429,8420,0.01845238682846595,1
m4:Cardiac Vascular Intensive Care Unit (CVICU),1,1,2,1,0.5,7.428571428571429,8420,0.011986490530116745,1
m4:Cardiac Vascular Intensive Care Unit (CVICU),1,0,1,1,1.0,7.428571428571429,8420,0.013736705351325429,1
m4:Cardiac Vascular Intensive Care Unit (CVICU),1,1,1,1,1.0,7.428571428571429,8420,0.008783367798083641,1
m4:Cardiac Vascular Intensive Care Unit (CVICU),1,0,2,0,0.0,7.428571428571429,8420,-0.04816426186699668,0
m4:Cardiac Vascular Intensive Care Unit (CVICU),1,1,2,0,0.0,7.428571428571429,8420,0.007400443757298869,1
m4:Cardiac Vascular Intensive Care Unit (CVICU),1,0,2,0,0.0,7.428571428571429,8420,-0.05194378006601347,0
m4:Cardiac Vascular Intensive Care Unit (CVICU),1,1,2,0,0.0,7.428571428571429,8420,-0.0035681166373389694,0
m4:Cardiac Vascular Intensive Care Unit (CVICU),1,0,1,0,0.0,7.428571428571429,8420,0.011469489668755495,1
m4:Cardiac Vascular Intensive Care Unit (CVICU),1,1,1,0,0.0,7.428571428571429,8420,-0.013692934421243752,0
m4:Cardiac Vascular Intensive Care Unit (CVICU),1,0,2,0,0.0,7.428571428571429,8420,0.02014298820099536,1
m4:Cardiac Vascular Intensive Care Unit (CVICU),1,1,2,0,0.0,7.428571428571429,8420,-0.012048473443824148,0
m4:Cardiac Vascular Intensive Care Unit (CVICU),1,0,1,0,0.0,7.428571428571429,8420,0.04113348545607037,1
m4:Cardiac Vascular Intensive Care Unit (CVICU),1,1,1,0,0.0,7.428571428571429,8420,0.019838240374754235,1
m4:Coronary Care Unit (CCU),1,0,4,3,0.75,20.575757575757574,5371,-0.023044367533366916,0
m4:Coronary Care Unit (CCU),1,1,4,3,0.75,20.575757575757574,5371,-0.01951686353714649,0
m4:Coronary Care Unit (CCU),1,0,4,2,0.5,20.575757575757574,5371,-0.037311943398531666,0
m4:Coronary Care Unit (CCU),1,1,4,2,0.5,20.575757575757574,5371,-0.006085160738090789,0
m4:Coronary Care Unit (CCU),1,0,4,3,0.75,20.575757575757574,5371,-0.032454782417594474,0
m4:Coronary Care Unit (CCU),1,1,4,3,0.75,20.575757575757574,5371,-0.0248603269114267,0
m4:Coronary Care Unit (CCU),1,0,4,2,0.5,20.575757575757574,5371,-0.014666877829635716,0
m4:Coronary Care Unit (CCU),1,1,4,2,0.5,20.575757575757574,5371,-0.01780226163150389,0
m4:Coronary Care Unit (CCU),1,0,3,2,0.6666666666666666,20.575757575757574,5371,-0.04361204080467762,0
m4:Coronary Care Unit (CCU),1,1,3,2,0.6666666666666666,20.575757575757574,5371,-0.006285930300980402,0
m4:Coronary Care Unit (CCU),1,0,4,3,0.75,20.575757575757574,5371,-0.09797564109668006,0
m4:Coronary Care Unit (CCU),1,1,4,3,0.75,20.575757575757574,5371,-0.04136427777871343,0
m4:Coronary Care Unit (CCU),1,0,3,3,1.0,20.575757575757574,5371,-0.03573895018002082,0
m4:Coronary Care Unit (CCU),1,1,3,3,1.0,20.575757575757574,5371,-0.007431566093064945,0
m4:Coronary Care Unit (CCU),1,0,4,3,0.75,20.575757575757574,5371,-0.04901028791290457,0
m4:Coronary Care Unit (CCU),1,1,4,3,0.75,20.575757575757574,5371,-0.012540112518465762,0
m4:Coronary Care Unit (CCU),1,0,1,1,1.0,20.575757575757574,5371,-0.010253914156307886,0
m4:Coronary Care Unit (CCU),1,1,1,1,1.0,20.575757575757574,5371,-0.021112172213452518,0
m4:Coronary Care Unit (CCU),1,0,3,2,0.6666666666666666,20.575757575757574,5371,-0.054975429953586785,0
m4:Coronary Care Unit (CCU),1,1,3,2,0.6666666666666666,20.575757575757574,5371,-0.06090016549987126,0
m4:Coronary Care Unit (CCU),1,0,1,1,1.0,20.575757575757574,5371,-0.02017748560082555,0
m4:Coronary Care Unit (CCU),1,1,1,1,1.0,20.575757575757574,5371,-0.0074789230158617825,0
m4:Coronary Care Unit (CCU),1,0,4,3,0.75,20.575757575757574,5371,-0.021224376774174436,0
m4:Coronary Care Unit (CCU),1,1,4,3,0.75,20.575757575757574,5371,-0.017699039406212758,0
m4:Coronary Care Unit (CCU),1,0,3,2,0.6666666666666666,20.575757575757574,5371,-0.028109907720547334,0
m4:Coronary Care Unit (CCU),1,1,3,2,0.6666666666666666,20.575757575757574,5371,-0.01961461882831189,0
m4:Coronary Care Unit (CCU),1,0,4,3,0.75,20.575757575757574,5371,-0.09386724690537801,0
m4:Coronary Care Unit (CCU),1,1,4,3,0.75,20.575757575757574,5371,-0.05692076499427451,0
m4:Coronary Care Unit (CCU),1,0,3,2,0.6666666666666666,20.575757575757574,5371,-0.039629312861202526,0
m4:Coronary Care Unit (CCU),1,1,3,2,0.6666666666666666,20.575757575757574,5371,-0.03679506119731352,0
m4:Coronary Care Unit (CCU),1,0,2,1,0.5,20.575757575757574,5371,-0.09483265433451787,0
m4:Coronary Care Unit (CCU),1,1,2,1,0.5,20.575757575757574,5371,-0.05605487186425273,0
m4:Coronary Care Unit (CCU),1,0,2,1,0.5,20.575757575757574,5371,-0.02682874104986599,0
m4:Coronary Care Unit (CCU),1,1,2,1,0.5,20.575757575757574,5371,-0.024312717479742563,0
m4:Coronary Care Unit (CCU),1,0,1,1,1.0,20.575757575757574,5371,-0.019203664800788056,0
m4:Coronary Care Unit (CCU),1,1,1,1,1.0,20.575757575757574,5371,-0.0197835622861679,0
m4:Coronary Care Unit (CCU),1,0,1,1,1.0,20.575757575757574,5371,-0.010546008542117347,0
m4:Coronary Care Unit (CCU),1,1,1,1,1.0,20.575757575757574,5371,-0.008687631588420675,0
m4:Coronary Care Unit (CCU),1,0,2,1,0.5,20.575757575757574,5371,-0.08323797196570476,0
m4:Coronary Care Unit (CCU),1,1,2,1,0.5,20.575757575757574,5371,-0.05264013222858965,0
m4:Coronary Care Unit (CCU),1,0,2,0,0.0,20.575757575757574,5371,-0.051333869809185306,0
m4:Coronary Care Unit (CCU),1,1,2,0,0.0,20.575757575757574,5371,-0.02137942962039091,0
m4:Coronary Care Unit (CCU),1,0,2,0,0.0,20.575757575757574,5371,-0.048970554735692284,0
m4:Coronary Care Unit (CCU),1,1,2,0,0.0,20.575757575757574,5371,-0.055151866139021566,0
m4:Coronary Care Unit (CCU),1,0,2,0,0.0,20.575757575757574,5371,-0.0258222780526004,0
m4:Coronary Care Unit (CCU),1,1,2,0,0.0,20.575757575757574,5371,-0.02329983446177014,0
m4:Medical Intensive Care Unit (MICU),1,0,3,3,1.0,47.54545454545455,9732,-0.02034005658386956,0
m4:Medical Intensive Care Unit (MICU),1,1,3,3,1.0,47.54545454545455,9732,-0.023148392419467867,0
m4:Medical Intensive Care Unit (MICU),1,0,1,1,1.0,47.54545454545455,9732,-0.00016602188491976477,0
m4:Medical Intensive Care Unit (MICU),1,1,1,1,1.0,47.54545454545455,9732,0.0023019178226026393,1
m4:Medical Intensive Care Unit (MICU),1,0,4,3,0.75,47.54545454545455,9732,-0.05246997767252076,0
m4:Medical Intensive Care Unit (MICU),1,1,4,3,0.75,47.54545454545455,9732,-0.03938138018998333,0
m4:Medical Intensive Care Unit (MICU),1,0,4,3,0.75,47.54545454545455,9732,-0.030811652922935362,0
m4:Medical Intensive Care Unit (MICU),1,1,4,3,0.75,47.54545454545455,9732,-0.07801069905970154,0
m4:Medical Intensive Care Unit (MICU),1,0,3,2,0.6666666666666666,47.54545454545455,9732,-0.057206427515135994,0
m4:Medical Intensive Care Unit (MICU),1,1,3,2,0.6666666666666666,47.54545454545455,9732,-0.04758108447745246,0
m4:Medical Intensive Care Unit (MICU),1,0,3,2,0.6666666666666666,47.54545454545455,9732,-0.03398769220647829,0
m4:Medical Intensive Care Unit (MICU),1,1,3,2,0.6666666666666666,47.54545454545455,9732,-0.07942060084134422,0
m4:Medical Intensive Care Unit (MICU),1,0,4,2,0.5,47.54545454545455,9732,-0.0666984039889687,0
m4:Medical Intensive Care Unit (MICU),1,1,4,2,0.5,47.54545454545455,9732,-0.04760930103000971,0
m4:Medical Intensive Care Unit (MICU),1,0,2,1,0.5,47.54545454545455,9732,-0.02302210762459206,0
m4:Medical Intensive Care Unit (MICU),1,1,2,1,0.5,47.54545454545455,9732,-0.018685797040991936,0
m4:Medical Intensive Care Unit (MICU),1,0,3,1,0.3333333333333333,47.54545454545455,9732,-0.018860291421559983,0
m4:Medical Intensive Care Unit (MICU),1,1,3,1,0.3333333333333333,47.54545454545455,9732,-0.014504423264366961,0
m4:Medical Intensive Care Unit (MICU),1,0,3,1,0.3333333333333333,47.54545454545455,9732,-0.02824705576063108,0
m4:Medical Intensive Care Unit (MICU),1,1,3,1,0.3333333333333333,47.54545454545455,9732,-0.020204325079144103,0
m4:Medical Intensive Care Unit (MICU),1,0,3,2,0.6666666666666666,47.54545454545455,9732,-0.0206126969702492,0
m4:Medical Intensive Care Unit (MICU),1,1,3,2,0.6666666666666666,47.54545454545455,9732,-0.0150618531274751,0
m4:Medical Intensive Care Unit (MICU),1,0,4,2,0.5,47.54545454545455,9732,-0.06984232525202089,0
m4:Medical Intensive Care Unit (MICU),1,1,4,2,0.5,47.54545454545455,9732,-0.04378993470036863,0
m4:Medical Intensive Care Unit (MICU),1,0,4,2,0.5,47.54545454545455,9732,-0.032592289256642815,0
m4:Medical Intensive Care Unit (MICU),1,1,4,2,0.5,47.54545454545455,9732,-0.07133957289355564,0
m4:Medical Intensive Care Unit (MICU),1,0,3,1,0.3333333333333333,47.54545454545455,9732,-0.05328281812641161,0
m4:Medical Intensive Care Unit (MICU),1,1,3,1,0.3333333333333333,47.54545454545455,9732,-0.051584058735198446,0
m4:Medical Intensive Care Unit (MICU),1,0,3,1,0.3333333333333333,47.54545454545455,9732,-0.06048634061903624,0
m4:Medical Intensive Care Unit (MICU),1,1,3,1,0.3333333333333333,47.54545454545455,9732,-0.0356258908757392,0
m4:Medical Intensive Care Unit (MICU),1,0,2,1,0.5,47.54545454545455,9732,-0.00486292379763259,0
m4:Medical Intensive Care Unit (MICU),1,1,2,1,0.5,47.54545454545455,9732,0.006743639062925966,1
m4:Medical Intensive Care Unit (MICU),1,0,2,1,0.5,47.54545454545455,9732,-0.05801008192798207,0
m4:Medical Intensive Care Unit (MICU),1,1,2,1,0.5,47.54545454545455,9732,-0.039213925093433244,0
m4:Medical Intensive Care Unit (MICU),1,0,3,1,0.3333333333333333,47.54545454545455,9732,-0.010556525104627457,0
m4:Medical Intensive Care Unit (MICU),1,1,3,1,0.3333333333333333,47.54545454545455,9732,-0.003263132076141706,0
m4:Medical Intensive Care Unit (MICU),1,0,3,1,0.3333333333333333,47.54545454545455,9732,-0.06437627935838319,0
m4:Medical Intensive Care Unit (MICU),1,1,3,1,0.3333333333333333,47.54545454545455,9732,-0.04317905114691689,0
m4:Medical Intensive Care Unit (MICU),1,0,2,1,0.5,47.54545454545455,9732,-0.056915006477234964,0
m4:Medical Intensive Care Unit (MICU),1,1,2,1,0.5,47.54545454545455,9732,-0.04126047855643489,0
m4:Medical Intensive Care Unit (MICU),1,0,1,0,0.0,47.54545454545455,9732,-0.02506264658850127,0
m4:Medical Intensive Care Unit (MICU),1,1,1,0,0.0,47.54545454545455,9732,-0.020176916854310833,0
m4:Medical Intensive Care Unit (MICU),1,0,4,0,0.0,47.54545454545455,9732,-0.02067918173452038,0
m4:Medical Intensive Care Unit (MICU),1,1,4,0,0.0,47.54545454545455,9732,-0.04502345264336044,0
m4:Medical Intensive Care Unit (MICU),1,0,2,0,0.0,47.54545454545455,9732,-0.014858334092339665,0
m4:Medical Intensive Care Unit (MICU),1,1,2,0,0.0,47.54545454545455,9732,0.0051430377754775325,1
m4:Medical Intensive Care Unit (MICU),1,0,1,0,0.0,47.54545454545455,9732,-0.0049910636136651365,0
m4:Medical Intensive Care Unit (MICU),1,1,1,0,0.0,47.54545454545455,9732,0.003649554714368064,1
m4:Medical/Surgical Intensive Care Unit (MICU/SICU),1,0,1,1,1.0,33.27272727272727,7353,-0.0052721776058584635,0
m4:Medical/Surgical Intensive Care Unit (MICU/SICU),1,1,1,1,1.0,33.27272727272727,7353,0.004563595576996982,1
m4:Medical/Surgical Intensive Care Unit (MICU/SICU),1,0,4,3,0.75,33.27272727272727,7353,-0.041447999080879705,0
m4:Medical/Surgical Intensive Care Unit (MICU/SICU),1,1,4,3,0.75,33.27272727272727,7353,-0.061856100920925416,0
m4:Medical/Surgical Intensive Care Unit (MICU/SICU),1,0,2,2,1.0,33.27272727272727,7353,-0.010233825063557023,0
m4:Medical/Surgical Intensive Care Unit (MICU/SICU),1,1,2,2,1.0,33.27272727272727,7353,0.003360736145070986,1
m4:Medical/Surgical Intensive Care Unit (MICU/SICU),1,0,2,1,0.5,33.27272727272727,7353,-0.0035734553751448073,0
m4:Medical/Surgical Intensive Care Unit (MICU/SICU),1,1,2,1,0.5,33.27272727272727,7353,-0.0006903833739457244,0
m4:Medical/Surgical Intensive Care Unit (MICU/SICU),1,0,1,1,1.0,33.27272727272727,7353,0.003820191185517685,1
m4:Medical/Surgical Intensive Care Unit (MICU/SICU),1,1,1,1,1.0,33.27272727272727,7353,0.0077444132191026305,1
m4:Medical/Surgical Intensive Care Unit (MICU/SICU),1,0,4,2,0.5,33.27272727272727,7353,-0.038624109211077395,0
m4:Medical/Surgical Intensive Care Unit (MICU/SICU),1,1,4,2,0.5,33.27272727272727,7353,-0.025467750556493585,0
m4:Medical/Surgical Intensive Care Unit (MICU/SICU),1,0,3,3,1.0,33.27272727272727,7353,-0.00972222203875922,0
m4:Medical/Surgical Intensive Care Unit (MICU/SICU),1,1,3,3,1.0,33.27272727272727,7353,-0.0014238899176539643,0
m4:Medical/Surgical Intensive Care Unit (MICU/SICU),1,0,3,2,0.6666666666666666,33.27272727272727,7353,-0.014303870033403887,0
m4:Medical/Surgical Intensive Care Unit (MICU/SICU),1,1,3,2,0.6666666666666666,33.27272727272727,7353,-0.005189462616461027,0
m4:Medical/Surgical Intensive Care Unit (MICU/SICU),1,0,4,3,0.75,33.27272727272727,7353,-0.002835557644344844,0
m4:Medical/Surgical Intensive Care Unit (MICU/SICU),1,1,4,3,0.75,33.27272727272727,7353,0.01207218121224235,1
m4:Medical/Surgical Intensive Care Unit (MICU/SICU),1,0,3,2,0.6666666666666666,33.27272727272727,7353,-0.016752710248073066,0
m4:Medical/Surgical Intensive Care Unit (MICU/SICU),1,1,3,2,0.6666666666666666,33.27272727272727,7353,-0.0029889219569451675,0
m4:Medical/Surgical Intensive Care Unit (MICU/SICU),1,0,2,1,0.5,33.27272727272727,7353,-0.033025465311926794,0
m4:Medical/Surgical Intensive Care Unit (MICU/SICU),1,1,2,1,0.5,33.27272727272727,7353,-0.00122978796488743,0
m4:Medical/Surgical Intensive Care Unit (MICU/SICU),1,0,1,1,1.0,33.27272727272727,7353,-0.0022010703867663683,0
m4:Medical/Surgical Intensive Care Unit (MICU/SICU),1,1,1,1,1.0,33.27272727272727,7353,0.005181575802985283,1
m4:Medical/Surgical Intensive Care Unit (MICU/SICU),1,0,1,1,1.0,33.27272727272727,7353,0.008605150704578235,1
m4:Medical/Surgical Intensive Care Unit (MICU/SICU),1,1,1,1,1.0,33.27272727272727,7353,0.0027898566861229157,1
m4:Medical/Surgical Intensive Care Unit (MICU/SICU),1,0,4,1,0.25,33.27272727272727,7353,-0.03881991320506112,0
m4:Medical/Surgical Intensive Care Unit (MICU/SICU),1,1,4,1,0.25,33.27272727272727,7353,-0.07375485211124122,0
m4:Medical/Surgical Intensive Care Unit (MICU/SICU),1,0,2,1,0.5,33.27272727272727,7353,-0.03022784223155789,0
m4:Medical/Surgical Intensive Care Unit (MICU/SICU),1,1,2,1,0.5,33.27272727272727,7353,-0.002220687141958444,0
m4:Medical/Surgical Intensive Care Unit (MICU/SICU),1,0,1,1,1.0,33.27272727272727,7353,-0.0029634740477877952,0
m4:Medical/Surgical Intensive Care Unit (MICU/SICU),1,1,1,1,1.0,33.27272727272727,7353,0.0026052902922809595,1
m4:Medical/Surgical Intensive Care Unit (MICU/SICU),1,0,2,1,0.5,33.27272727272727,7353,-0.04319402129726396,0
m4:Medical/Surgical Intensive Care Unit (MICU/SICU),1,1,2,1,0.5,33.27272727272727,7353,-0.07869969742703925,0
m4:Medical/Surgical Intensive Care Unit (MICU/SICU),1,0,2,1,0.5,33.27272727272727,7353,-0.02237148257994853,0
m4:Medical/Surgical Intensive Care Unit (MICU/SICU),1,1,2,1,0.5,33.27272727272727,7353,-0.002887673110092359,0
m4:Medical/Surgical Intensive Care Unit (MICU/SICU),1,0,3,0,0.0,33.27272727272727,7353,-0.025859128989347058,0
m4:Medical/Surgical Intensive Care Unit (MICU/SICU),1,1,3,0,0.0,33.27272727272727,7353,0.00827402782390596,1
m4:Medical/Surgical Intensive Care Unit (MICU/SICU),1,0,1,0,0.0,33.27272727272727,7353,-0.04423145569094844,0
m4:Medical/Surgical Intensive Care Unit (MICU/SICU),1,1,1,0,0.0,33.27272727272727,7353,-0.07808504018990992,0
m4:Medical/Surgical Intensive Care Unit (MICU/SICU),1,0,1,0,0.0,33.27272727272727,7353,-0.05275431847872958,0
m4:Medical/Surgical Intensive Care Unit (MICU/SICU),1,1,1,0,0.0,33.27272727272727,7353,-0.03363465784204339,0
m4:Medical/Surgical Intensive Care Unit (MICU/SICU),1,0,2,0,0.0,33.27272727272727,7353,-0.053591298496254214,0
m4:Medical/Surgical Intensive Care Unit (MICU/SICU),1,1,2,0,0.0,33.27272727272727,7353,-0.03651970463915655,0
m4:Medical/Surgical Intensive Care Unit (MICU/SICU),1,0,2,0,0.0,33.27272727272727,7353,-0.019676633272516342,0
m4:Medical/Surgical Intensive Care Unit (MICU/SICU),1,1,2,0,0.0,33.27272727272727,7353,-0.008680408647030513,0
m4:Neuro Intermediate,1,0,1,1,1.0,2.1785714285714284,3138,-0.03296814937423742,0
m4:Neuro Intermediate,1,1,1,1,1.0,2.1785714285714284,3138,0.008790916393370568,1
m4:Neuro Intermediate,1,0,3,3,1.0,2.1785714285714284,3138,-0.040196095859097725,0
m4:Neuro Intermediate,1,1,3,3,1.0,2.1785714285714284,3138,-0.006197847114077282,0
m4:Neuro Intermediate,1,0,4,2,0.5,2.1785714285714284,3138,-0.059278552649131636,0
m4:Neuro Intermediate,1,1,4,2,0.5,2.1785714285714284,3138,-0.04498983692253934,0
m4:Neuro Intermediate,1,0,2,2,1.0,2.1785714285714284,3138,-0.03126586324386997,0
m4:Neuro Intermediate,1,1,2,2,1.0,2.1785714285714284,3138,-0.0036847279569405256,0
m4:Neuro Intermediate,1,0,3,2,0.6666666666666666,2.1785714285714284,3138,-0.030853645170156194,0
m4:Neuro Intermediate,1,1,3,2,0.6666666666666666,2.1785714285714284,3138,-0.018135774999147758,0
m4:Neuro Intermediate,1,0,3,1,0.3333333333333333,2.1785714285714284,3138,-0.025530150547285607,0
m4:Neuro Intermediate,1,1,3,1,0.3333333333333333,2.1785714285714284,3138,-0.024587956328465735,0
m4:Neuro Intermediate,1,0,3,2,0.6666666666666666,2.1785714285714284,3138,-0.025973248882563874,0
m4:Neuro Intermediate,1,1,3,2,0.6666666666666666,2.1785714285714284,3138,-0.007062931052555149,0
m4:Neuro Intermediate,1,0,1,1,1.0,2.1785714285714284,3138,-0.03129212441395289,0
m4:Neuro Intermediate,1,1,1,1,1.0,2.1785714285714284,3138,-0.009515781326441583,0
m4:Neuro Intermediate,1,0,2,2,1.0,2.1785714285714284,3138,-0.035810828679786244,0
m4:Neuro Intermediate,1,1,2,2,1.0,2.1785714285714284,3138,-0.013937055265198214,0
m4:Neuro Intermediate,1,0,4,3,0.75,2.1785714285714284,3138,-0.005166900239041788,0
m4:Neuro Intermediate,1,1,4,3,0.75,2.1785714285714284,3138,-0.01863118915244792,0
m4:Neuro Intermediate,1,0,4,2,0.5,2.1785714285714284,3138,-0.05781017673909146,0
m4:Neuro Intermediate,1,1,4,2,0.5,2.1785714285714284,3138,-0.04381893023218028,0
m4:Neuro Intermediate,1,0,4,2,0.5,2.1785714285714284,3138,-0.017212075324878034,0
m4:Neuro Intermediate,1,1,4,2,0.5,2.1785714285714284,3138,-0.026728760739868088,0
m4:Neuro Intermediate,1,0,3,1,0.3333333333333333,2.1785714285714284,3138,-0.029499001630406446,0
m4:Neuro Intermediate,1,1,3,1,0.3333333333333333,2.1785714285714284,3138,-0.008537260869817223,0
m4:Neuro Intermediate,1,0,4,1,0.25,2.1785714285714284,3138,0.0020053078087105963,1
m4:Neuro Intermediate,1,1,4,1,0.25,2.1785714285714284,3138,-0.019948431809243397,0
m4:Neuro Intermediate,1,0,3,1,0.3333333333333333,2.1785714285714284,3138,-0.018275978910341203,0
m4:Neuro Intermediate,1,1,3,1,0.3333333333333333,2.1785714285714284,3138,-0.029765485524359925,0
m4:Neuro Intermediate,1,0,4,1,0.25,2.1785714285714284,3138,-0.020667130566646055,0
m4:Neuro Intermediate,1,1,4,1,0.25,2.1785714285714284,3138,-0.021065997936171713,0
m4:Neuro Intermediate,1,0,2,1,0.5,2.1785714285714284,3138,-0.021259187652312883,0
m4:Neuro Intermediate,1,1,2,1,0.5,2.1785714285714284,3138,-0.02058576618142982,0
m4:Neuro Intermediate,1,0,2,2,1.0,2.1785714285714284,3138,-0.021803442934808348,0
m4:Neuro Intermediate,1,1,2,2,1.0,2.1785714285714284,3138,-0.010140468801188629,0
m4:Neuro Intermediate,1,0,2,1,0.5,2.1785714285714284,3138,-0.03348525235640264,0
m4:Neuro Intermediate,1,1,2,1,0.5,2.1785714285714284,3138,-0.015584343663016753,0
m4:Neuro Intermediate,1,0,4,1,0.25,2.1785714285714284,3138,-0.016789454043342714,0
m4:Neuro Intermediate,1,1,4,1,0.25,2.1785714285714284,3138,-0.022166430110733548,0
m4:Neuro Intermediate,1,0,2,1,0.5,2.1785714285714284,3138,-0.02420263131337884,0
m4:Neuro Intermediate,1,1,2,1,0.5,2.1785714285714284,3138,-0.02567238527683041,0
m4:Neuro Intermediate,1,0,2,1,0.5,2.1785714285714284,3138,-0.03627646025292894,0
m4:Neuro Intermediate,1,1,2,1,0.5,2.1785714285714284,3138,-0.0014401220774496737,0
m4:Neuro Intermediate,1,0,3,0,0.0,2.1785714285714284,3138,-0.029771182037672622,0
m4:Neuro Intermediate,1,1,3,0,0.0,2.1785714285714284,3138,-0.007965289748939564,0
m4:Neuro Intermediate,1,0,1,0,0.0,2.1785714285714284,3138,-0.022778066987538065,0
m4:Neuro Intermediate,1,1,1,0,0.0,2.1785714285714284,3138,-0.010331383314667403,0
m4:Neuro Stepdown,1,0,2,2,1.0,0.5357142857142857,698,0.09274663343704001,1
m4:Neuro Stepdown,1,1,2,2,1.0,0.5357142857142857,698,0.04850115173802824,1
m4:Neuro Stepdown,1,0,4,3,0.75,0.5357142857142857,698,0.10925280808000712,1
m4:Neuro Stepdown,1,1,4,3,0.75,0.5357142857142857,698,0.11306779637992331,1
m4:Neuro Stepdown,1,0,4,3,0.75,0.5357142857142857,698,0.12620240072739378,1
m4:Neuro Stepdown,1,1,4,3,0.75,0.5357142857142857,698,0.17749147767517348,1
m4:Neuro Stepdown,1,0,4,2,0.5,0.5357142857142857,698,0.14144262482847572,1
m4:Neuro Stepdown,1,1,4,2,0.5,0.5357142857142857,698,0.11566721010229725,1
m4:Neuro Stepdown,1,0,3,2,0.6666666666666666,0.5357142857142857,698,0.18171378045603312,1
m4:Neuro Stepdown,1,1,3,2,0.6666666666666666,0.5357142857142857,698,0.11581535712804,1
m4:Neuro Stepdown,1,0,4,1,0.25,0.5357142857142857,698,0.0592971041635072,1
m4:Neuro Stepdown,1,1,4,1,0.25,0.5357142857142857,698,-0.01430632050608635,0
m4:Neuro Stepdown,1,0,3,1,0.3333333333333333,0.5357142857142857,698,0.0633367822813736,1
m4:Neuro Stepdown,1,1,3,1,0.3333333333333333,0.5357142857142857,698,-0.00459546144253703,0
m4:Neuro Stepdown,1,0,4,1,0.25,0.5357142857142857,698,0.1899928724448917,1
m4:Neuro Stepdown,1,1,4,1,0.25,0.5357142857142857,698,0.09689235077311659,1
m4:Neuro Stepdown,1,0,4,1,0.25,0.5357142857142857,698,0.03150305973499459,1
m4:Neuro Stepdown,1,1,4,1,0.25,0.5357142857142857,698,0.03372252771886683,1
m4:Neuro Stepdown,1,0,3,1,0.3333333333333333,0.5357142857142857,698,0.12025370421546014,1
m4:Neuro Stepdown,1,1,3,1,0.3333333333333333,0.5357142857142857,698,0.02357118589564472,1
m4:Neuro Stepdown,1,0,2,1,0.5,0.5357142857142857,698,0.02227766420959837,1
m4:Neuro Stepdown,1,1,2,1,0.5,0.5357142857142857,698,-0.011440856435803837,0
m4:Neuro Stepdown,1,0,2,1,0.5,0.5357142857142857,698,0.26933814743862594,1
m4:Neuro Stepdown,1,1,2,1,0.5,0.5357142857142857,698,0.04754867272564531,1
m4:Neuro Stepdown,1,0,2,2,1.0,0.5357142857142857,698,0.1672722866163586,1
m4:Neuro Stepdown,1,1,2,2,1.0,0.5357142857142857,698,0.11119547872271973,1
m4:Neuro Stepdown,1,0,3,2,0.6666666666666666,0.5357142857142857,698,0.08523657848514907,1
m4:Neuro Stepdown,1,1,3,2,0.6666666666666666,0.5357142857142857,698,-0.022872730543099365,0
m4:Neuro Stepdown,1,0,4,1,0.25,0.5357142857142857,698,0.19392283818467335,1
m4:Neuro Stepdown,1,1,4,1,0.25,0.5357142857142857,698,0.14139764867929583,1
m4:Neuro Stepdown,1,0,2,1,0.5,0.5357142857142857,698,0.11215899552386319,1
m4:Neuro Stepdown,1,1,2,1,0.5,0.5357142857142857,698,0.019688713019506754,1
m4:Neuro Stepdown,1,0,2,1,0.5,0.5357142857142857,698,0.16100366070696168,1
m4:Neuro Stepdown,1,1,2,1,0.5,0.5357142857142857,698,0.040356013299772286,1
m4:Neuro Stepdown,1,0,2,1,0.5,0.5357142857142857,698,0.07930042620032204,1
m4:Neuro Stepdown,1,1,2,1,0.5,0.5357142857142857,698,0.003568653317221504,1
m4:Neuro Stepdown,1,0,2,1,0.5,0.5357142857142857,698,0.06551526671728591,1
m4:Neuro Stepdown,1,1,2,1,0.5,0.5357142857142857,698,0.010578392959285754,1
m4:Neuro Stepdown,1,0,1,0,0.0,0.5357142857142857,698,0.12963122522696743,1
m4:Neuro Stepdown,1,1,1,0,0.0,0.5357142857142857,698,-0.04934630792248125,0
m4:Neuro Stepdown,1,0,2,0,0.0,0.5357142857142857,698,0.08968883851877998,1
m4:Neuro Stepdown,1,1,2,0,0.0,0.5357142857142857,698,-0.050649298041500285,0
m4:Neuro Stepdown,1,0,2,0,0.0,0.5357142857142857,698,0.06567412308612819,1
m4:Neuro Stepdown,1,1,2,0,0.0,0.5357142857142857,698,0.010004759162894089,1
m4:Neuro Stepdown,1,0,1,0,0.0,0.5357142857142857,698,0.14785958635781174,1
m4:Neuro Stepdown,1,1,1,0,0.0,0.5357142857142857,698,0.01843647347064964,1
m4:Neuro Stepdown,1,0,2,0,0.0,0.5357142857142857,698,0.1598394474606866,1
m4:Neuro Stepdown,1,1,2,0,0.0,0.5357142857142857,698,0.03162019246117201,1
m4:Neuro Surgical Intensive Care Unit (Neuro SICU),1,0,3,3,1.0,7.222222222222222,946,-0.05667641863728157,0
m4:Neuro Surgical Intensive Care Unit (Neuro SICU),1,1,3,3,1.0,7.428571428571429,946,-0.09042025593300768,0
m4:Neuro Surgical Intensive Care Unit (Neuro SICU),1,0,4,4,1.0,7.222222222222222,946,-0.03555551332779561,0
m4:Neuro Surgical Intensive Care Unit (Neuro SICU),1,1,4,4,1.0,7.428571428571429,946,-0.06788385072488068,0
m4:Neuro Surgical Intensive Care Unit (Neuro SICU),1,0,3,2,0.6666666666666666,7.222222222222222,946,-0.02758204573090861,0
m4:Neuro Surgical Intensive Care Unit (Neuro SICU),1,1,3,2,0.6666666666666666,7.428571428571429,946,-0.08710449169496426,0
m4:Neuro Surgical Intensive Care Unit (Neuro SICU),1,0,3,3,1.0,7.222222222222222,946,-0.04052436199561871,0
m4:Neuro Surgical Intensive Care Unit (Neuro SICU),1,1,3,3,1.0,7.428571428571429,946,-0.07365408903131027,0
m4:Neuro Surgical Intensive Care Unit (Neuro SICU),1,0,3,2,0.6666666666666666,7.222222222222222,946,-0.058261225980946574,0
m4:Neuro Surgical Intensive Care Unit (Neuro SICU),1,1,3,2,0.6666666666666666,7.428571428571429,946,-0.05616462758438878,0
m4:Neuro Surgical Intensive Care Unit (Neuro SICU),1,0,3,2,0.6666666666666666,7.222222222222222,946,-0.04006539385320729,0
m4:Neuro Surgical Intensive Care Unit (Neuro SICU),1,1,3,2,0.6666666666666666,7.428571428571429,946,-0.030315642306912582,0
m4:Neuro Surgical Intensive Care Unit (Neuro SICU),1,0,4,3,0.75,7.222222222222222,946,-0.060683573718113504,0
m4:Neuro Surgical Intensive Care Unit (Neuro SICU),1,1,4,3,0.75,7.428571428571429,946,-0.09663516803545869,0
m4:Neuro Surgical Intensive Care Unit (Neuro SICU),1,0,4,2,0.5,7.222222222222222,946,-0.038318087644435894,0
m4:Neuro Surgical Intensive Care Unit (Neuro SICU),1,1,4,2,0.5,7.428571428571429,946,-0.08008662911332637,0
m4:Neuro Surgical Intensive Care Unit (Neuro SICU),1,0,4,2,0.5,7.222222222222222,946,-0.024364610239053786,0
m4:Neuro Surgical Intensive Care Unit (Neuro SICU),1,1,4,2,0.5,7.428571428571429,946,-0.011079265953393036,0
m4:Neuro Surgical Intensive Care Unit (Neuro SICU),1,0,2,1,0.5,7.222222222222222,946,-0.061525792206695074,0
m4:Neuro Surgical Intensive Care Unit (Neuro SICU),1,1,2,1,0.5,7.428571428571429,946,-0.10235850816736958,0
m4:Neuro Surgical Intensive Care Unit (Neuro SICU),1,0,2,2,1.0,7.222222222222222,946,-0.036878859299897426,0
m4:Neuro Surgical Intensive Care Unit (Neuro SICU),1,1,2,2,1.0,7.428571428571429,946,-0.0791016918497231,0
m4:Neuro Surgical Intensive Care Unit (Neuro SICU),1,0,1,1,1.0,7.222222222222222,946,-0.08337009047378396,0
m4:Neuro Surgical Intensive Care Unit (Neuro SICU),1,1,1,1,1.0,7.428571428571429,946,-0.0848127288662891,0
m4:Neuro Surgical Intensive Care Unit (Neuro SICU),1,0,3,1,0.3333333333333333,7.222222222222222,946,-0.03588989187690683,0
m4:Neuro Surgical Intensive Care Unit (Neuro SICU),1,1,3,1,0.3333333333333333,7.428571428571429,946,-0.08041279823764541,0
m4:Neuro Surgical Intensive Care Unit (Neuro SICU),1,0,2,1,0.5,7.222222222222222,946,-0.02842340289042744,0
m4:Neuro Surgical Intensive Care Unit (Neuro SICU),1,1,2,1,0.5,7.428571428571429,946,-0.07992956790023431,0
m4:Neuro Surgical Intensive Care Unit (Neuro SICU),1,0,2,1,0.5,7.222222222222222,946,-0.06240982046212257,0
m4:Neuro Surgical Intensive Care Unit (Neuro SICU),1,1,2,1,0.5,7.428571428571429,946,-0.05726947232390367,0
m4:Neuro Surgical Intensive Care Unit (Neuro SICU),1,0,3,1,0.3333333333333333,7.222222222222222,946,-0.04472771807900611,0
m4:Neuro Surgical Intensive Care Unit (Neuro SICU),1,1,3,1,0.3333333333333333,7.428571428571429,946,-0.04448502762473583,0
m4:Neuro Surgical Intensive Care Unit (Neuro SICU),1,0,3,1,0.3333333333333333,7.222222222222222,946,-0.0033455024243455034,0
m4:Neuro Surgical Intensive Care Unit (Neuro SICU),1,1,3,1,0.3333333333333333,7.428571428571429,946,-0.01727637620363559,0
m4:Neuro Surgical Intensive Care Unit (Neuro SICU),1,0,2,1,0.5,7.222222222222222,946,-0.018540185655455232,0
m4:Neuro Surgical Intensive Care Unit (Neuro SICU),1,1,2,1,0.5,7.428571428571429,946,0.0017854176759533602,1
m4:Neuro Surgical Intensive Care Unit (Neuro SICU),1,0,2,0,0.0,7.222222222222222,946,-0.08899227690883549,0
m4:Neuro Surgical Intensive Care Unit (Neuro SICU),1,1,2,0,0.0,7.428571428571429,946,-0.10076296248195599,0
m4:Neuro Surgical Intensive Care Unit (Neuro SICU),1,0,1,0,0.0,7.222222222222222,946,-0.08557634249182178,0
m4:Neuro Surgical Intensive Care Unit (Neuro SICU),1,1,1,0,0.0,7.428571428571429,946,-0.07623362629660702,0
m4:Neuro Surgical Intensive Care Unit (Neuro SICU),1,0,1,0,0.0,7.222222222222222,946,-0.027094818426374845,0
m4:Neuro Surgical Intensive Care Unit (Neuro SICU),1,1,1,0,0.0,7.428571428571429,946,-0.001959462556719138,0
m4:Neuro Surgical Intensive Care Unit (Neuro SICU),1,0,1,0,0.0,7.222222222222222,946,-0.01034909846557941,0
m4:Neuro Surgical Intensive Care Unit (Neuro SICU),1,1,1,0,0.0,7.428571428571429,946,0.036497760905890964,1
m4:Surgical Intensive Care Unit (SICU),1,0,3,3,1.0,24.103448275862068,6334,0.0037674801713208916,1
m4:Surgical Intensive Care Unit (SICU),1,1,3,3,1.0,24.103448275862068,6334,-0.05425004906758207,0
m4:Surgical Intensive Care Unit (SICU),1,0,4,3,0.75,24.103448275862068,6334,0.0147138953115718,1
m4:Surgical Intensive Care Unit (SICU),1,1,4,3,0.75,24.103448275862068,6334,-0.01834426675193601,0
m4:Surgical Intensive Care Unit (SICU),1,0,2,2,1.0,24.103448275862068,6334,0.01671895455301009,1
m4:Surgical Intensive Care Unit (SICU),1,1,2,2,1.0,24.103448275862068,6334,-0.012155493060336087,0
m4:Surgical Intensive Care Unit (SICU),1,0,4,3,0.75,24.103448275862068,6334,0.013996451199977389,1
m4:Surgical Intensive Care Unit (SICU),1,1,4,3,0.75,24.103448275862068,6334,-0.010304403815352803,0
m4:Surgical Intensive Care Unit (SICU),1,0,3,2,0.6666666666666666,24.103448275862068,6334,-0.02790883124607163,0
m4:Surgical Intensive Care Unit (SICU),1,1,3,2,0.6666666666666666,24.103448275862068,6334,-0.0802388615860557,0
m4:Surgical Intensive Care Unit (SICU),1,0,1,1,1.0,24.103448275862068,6334,-0.007024514418554506,0
m4:Surgical Intensive Care Unit (SICU),1,1,1,1,1.0,24.103448275862068,6334,-0.013744521390802789,0
m4:Surgical Intensive Care Unit (SICU),1,0,3,2,0.6666666666666666,24.103448275862068,6334,-0.06305046373641862,0
m4:Surgical Intensive Care Unit (SICU),1,1,3,2,0.6666666666666666,24.103448275862068,6334,-0.106804780976965,0
m4:Surgical Intensive Care Unit (SICU),1,0,2,1,0.5,24.103448275862068,6334,0.01373369423896964,1
m4:Surgical Intensive Care Unit (SICU),1,1,2,1,0.5,24.103448275862068,6334,-0.011613686909862864,0
m4:Surgical Intensive Care Unit (SICU),1,0,3,3,1.0,24.103448275862068,6334,-0.009285978872897394,0
m4:Surgical Intensive Care Unit (SICU),1,1,3,3,1.0,24.103448275862068,6334,-0.0309253111219,0
m4:Surgical Intensive Care Unit (SICU),1,0,3,2,0.6666666666666666,24.103448275862068,6334,0.008352596205422336,1
m4:Surgical Intensive Care Unit (SICU),1,1,3,2,0.6666666666666666,24.103448275862068,6334,-0.013004441053465099,0
m4:Surgical Intensive Care Unit (SICU),1,0,2,1,0.5,24.103448275862068,6334,-0.012620292220630047,0
m4:Surgical Intensive Care Unit (SICU),1,1,2,1,0.5,24.103448275862068,6334,-0.019046326563510352,0
m4:Surgical Intensive Care Unit (SICU),1,0,2,2,1.0,24.103448275862068,6334,-0.013928283444340162,0
m4:Surgical Intensive Care Unit (SICU),1,1,2,2,1.0,24.103448275862068,6334,-0.041930211465467715,0
m4:Surgical Intensive Care Unit (SICU),1,0,1,1,1.0,24.103448275862068,6334,0.02489390122790136,1
m4:Surgical Intensive Care Unit (SICU),1,1,1,1,1.0,24.103448275862068,6334,-0.019127296262019033,0
m4:Surgical Intensive Care Unit (SICU),1,0,3,2,0.6666666666666666,24.103448275862068,6334,0.001540018317446601,1
m4:Surgical Intensive Care Unit (SICU),1,1,3,2,0.6666666666666666,24.103448275862068,6334,-0.01149061762250142,0
m4:Surgical Intensive Care Unit (SICU),1,0,2,1,0.5,24.103448275862068,6334,-0.009457224529672681,0
m4:Surgical Intensive Care Unit (SICU),1,1,2,1,0.5,24.103448275862068,6334,-0.0843389898963331,0
m4:Surgical Intensive Care Unit (SICU),1,0,4,1,0.25,24.103448275862068,6334,-0.020320717186235626,0
m4:Surgical Intensive Care Unit (SICU),1,1,4,1,0.25,24.103448275862068,6334,-0.0765773600323838,0
m4:Surgical Intensive Care Unit (SICU),1,0,3,1,0.3333333333333333,24.103448275862068,6334,-0.029273346590251048,0
m4:Surgical Intensive Care Unit (SICU),1,1,3,1,0.3333333333333333,24.103448275862068,6334,-0.046293569828181225,0
m4:Surgical Intensive Care Unit (SICU),1,0,3,2,0.6666666666666666,24.103448275862068,6334,-0.02197166698476649,0
m4:Surgical Intensive Care Unit (SICU),1,1,3,2,0.6666666666666666,24.103448275862068,6334,-0.016111800165870827,0
m4:Surgical Intensive Care Unit (SICU),1,0,3,1,0.3333333333333333,24.103448275862068,6334,0.028437336319349582,1
m4:Surgical Intensive Care Unit (SICU),1,1,3,1,0.3333333333333333,24.103448275862068,6334,-0.01787424111651925,0
m4:Surgical Intensive Care Unit (SICU),1,0,2,1,0.5,24.103448275862068,6334,0.023463561118019283,1
m4:Surgical Intensive Care Unit (SICU),1,1,2,1,0.5,24.103448275862068,6334,-0.001641149352116733,0
m4:Surgical Intensive Care Unit (SICU),1,0,1,1,1.0,24.103448275862068,6334,-0.00020396122895738333,0
m4:Surgical Intensive Care Unit (SICU),1,1,1,1,1.0,24.103448275862068,6334,-0.007175233561892591,0
m4:Surgical Intensive Care Unit (SICU),1,0,1,0,0.0,24.103448275862068,6334,0.026242931642072143,1
m4:Surgical Intensive Care Unit (SICU),1,1,1,0,0.0,24.103448275862068,6334,-0.01954327740707984,0
m4:Surgical Intensive Care Unit (SICU),1,0,2,0,0.0,24.103448275862068,6334,2.8489847117674216e-05,1
m4:Surgical Intensive Care Unit (SICU),1,1,2,0,0.0,24.103448275862068,6334,-0.003783787820447193,0
m4:Surgical Intensive Care Unit (SICU),1,0,1,0,0.0,24.103448275862068,6334,-0.047088934305587776,0
m4:Surgical Intensive Care Unit (SICU),1,1,1,0,0.0,24.103448275862068,6334,-0.09027870150171169,0
m4:Trauma SICU (TSICU),1,0,4,2,0.5,16.833333333333332,4896,0.004992656855078048,1
m4:Trauma SICU (TSICU),1,1,4,2,0.5,16.29032258064516,4896,0.017352317796907046,1
m4:Trauma SICU (TSICU),1,0,4,3,0.75,16.833333333333332,4896,-0.0026007402579761307,0
m4:Trauma SICU (TSICU),1,1,4,3,0.75,16.29032258064516,4896,0.018445382004976363,1
m4:Trauma SICU (TSICU),1,0,4,2,0.5,16.833333333333332,4896,-0.09973903918513799,0
m4:Trauma SICU (TSICU),1,1,4,2,0.5,16.29032258064516,4896,-0.08086305136904154,0
m4:Trauma SICU (TSICU),1,0,1,1,1.0,16.833333333333332,4896,0.005895105618811625,1
m4:Trauma SICU (TSICU),1,1,1,1,1.0,16.29032258064516,4896,0.019063380584369793,1
m4:Trauma SICU (TSICU),1,0,2,2,1.0,16.833333333333332,4896,-0.0029498439221259942,0
m4:Trauma SICU (TSICU),1,1,2,2,1.0,16.29032258064516,4896,0.019026601215641148,1
m4:Trauma SICU (TSICU),1,0,1,1,1.0,16.833333333333332,4896,-2.275538685453382e-05,0
m4:Trauma SICU (TSICU),1,1,1,1,1.0,16.29032258064516,4896,0.0068337379228775585,1
m4:Trauma SICU (TSICU),1,0,4,3,0.75,16.833333333333332,4896,-0.06099635789325736,0
m4:Trauma SICU (TSICU),1,1,4,3,0.75,16.29032258064516,4896,-0.03337608365085981,0
m4:Trauma SICU (TSICU),1,0,3,2,0.6666666666666666,16.833333333333332,4896,-0.030678813798927784,0
m4:Trauma SICU (TSICU),1,1,3,2,0.6666666666666666,16.29032258064516,4896,-0.06902956184751313,0
m4:Trauma SICU (TSICU),1,0,4,3,0.75,16.833333333333332,4896,-0.05598870636253195,0
m4:Trauma SICU (TSICU),1,1,4,3,0.75,16.29032258064516,4896,-0.04357449228047561,0
m4:Trauma SICU (TSICU),1,0,3,2,0.6666666666666666,16.833333333333332,4896,-0.0534005088294246,0
m4:Trauma SICU (TSICU),1,1,3,2,0.6666666666666666,16.29032258064516,4896,0.014492362588431618,1
m4:Trauma SICU (TSICU),1,0,1,1,1.0,16.833333333333332,4896,0.005387825575963734,1
m4:Trauma SICU (TSICU),1,1,1,1,1.0,16.29032258064516,4896,0.00164443255297958,1
m4:Trauma SICU (TSICU),1,0,3,2,0.6666666666666666,16.833333333333332,4896,0.0020945153295903185,1
m4:Trauma SICU (TSICU),1,1,3,2,0.6666666666666666,16.29032258064516,4896,0.00831998112801724,1
m4:Trauma SICU (TSICU),1,0,4,2,0.5,16.833333333333332,4896,-0.002887973216646411,0
m4:Trauma SICU (TSICU),1,1,4,2,0.5,16.29032258064516,4896,0.015993277278318285,1
m4:Trauma SICU (TSICU),1,0,2,1,0.5,16.833333333333332,4896,0.0018595794566313995,1
m4:Trauma SICU (TSICU),1,1,2,1,0.5,16.29032258064516,4896,0.010590094824163288,1
m4:Trauma SICU (TSICU),1,0,4,2,0.5,16.833333333333332,4896,-0.05136707130764473,0
m4:Trauma SICU (TSICU),1,1,4,2,0.5,16.29032258064516,4896,0.01480838031194992,1
m4:Trauma SICU (TSICU),1,0,3,1,0.3333333333333333,16.833333333333332,4896,-0.04392535082045934,0
m4:Trauma SICU (TSICU),1,1,3,1,0.3333333333333333,16.29032258064516,4896,-0.0905459496651781,0
m4:Trauma SICU (TSICU),1,0,2,0,0.0,16.833333333333332,4896,-0.0010649967047066111,0
m4:Trauma SICU (TSICU),1,1,2,0,0.0,16.29032258064516,4896,0.01484595455762766,1
m4:Trauma SICU (TSICU),1,0,2,0,0.0,16.833333333333332,4896,-0.1415916597452912,0
m4:Trauma SICU (TSICU),1,1,2,0,0.0,16.29032258064516,4896,-0.04982026470346895,0
m4:Trauma SICU (TSICU),1,0,1,0,0.0,16.833333333333332,4896,-0.07619393066262292,0
m4:Trauma SICU (TSICU),1,1,1,0,0.0,16.29032258064516,4896,-0.05377136721015613,0
m4:Trauma SICU (TSICU),1,0,2,0,0.0,16.833333333333332,4896,-0.07627062268008128,0
m4:Trauma SICU (TSICU),1,1,2,0,0.0,16.29032258064516,4896,-0.05747820862575609,0
m4:Trauma SICU (TSICU),1,0,2,0,0.0,16.833333333333332,4896,0.016414025145200295,1
m4:Trauma SICU (TSICU),1,1,2,0,0.0,16.29032258064516,4896,0.008323399204659798,1
