dataset,target,seed,n_partners,n_target,epv_target,kind,benefit,helped,slope_last,climb_half,level
heart-4site,cleveland,0,1,212,7.461538461538462,lr,-0.005301084156170477,0,0.022568189227206,0.025872089165401773,0.8679037991644662
heart-4site,cleveland,0,1,212,7.461538461538462,gb,-0.014211511603119842,0,-0.0014810849607555445,-0.0005038031821270591,0.8483910819102798
heart-4site,cleveland,1,1,212,7.461538461538462,lr,-0.009575723898276989,0,0.0008518207567883839,0.036743553363788664,0.90691350984718
heart-4site,cleveland,1,1,212,7.461538461538462,gb,0.0006131986718508342,1,-0.005850388598588954,0.023348402114420796,0.887051170236323
heart-4site,cleveland,0,3,212,7.461538461538462,lr,-0.003025453938168887,0,0.022568189227206,0.025872089165401773,0.8679037991644662
heart-4site,cleveland,0,3,212,7.461538461538462,gb,-0.02400530635970477,0,-0.0014810849607555445,-0.0005038031821270591,0.8483910819102798
heart-4site,cleveland,1,3,212,7.461538461538462,lr,-0.01685582227276572,0,0.0008518207567883839,0.036743553363788664,0.90691350984718
heart-4site,cleveland,1,3,212,7.461538461538462,gb,0.00025416889258977893,1,-0.005850388598588954,0.023348402114420796,0.887051170236323
heart-4site,cleveland,0,2,212,7.461538461538462,lr,0.003667641456551407,1,0.022568189227206,0.025872089165401773,0.8679037991644662
heart-4site,cleveland,0,2,212,7.461538461538462,gb,-0.01738660118001434,0,-0.0014810849607555445,-0.0005038031821270591,0.8483910819102798
heart-4site,cleveland,1,2,212,7.461538461538462,lr,-0.0006428951348905754,0,0.0008518207567883839,0.036743553363788664,0.90691350984718
heart-4site,cleveland,1,2,212,7.461538461538462,gb,-0.004969831543944814,0,-0.005850388598588954,0.023348402114420796,0.887051170236323
heart-4site,hungarian,0,1,205,7.4,lr,0.00304305720203224,1,0.02524315869849323,0.017342190339481405,0.8595534236391907
heart-4site,hungarian,0,1,205,7.4,gb,0.04358856601636796,1,0.044661115227082555,0.1094092697414844,0.8683882530489879
heart-4site,hungarian,1,1,205,7.4,lr,0.03789883676524197,1,0.008571475847540871,0.057532727347611085,0.8735393716673031
heart-4site,hungarian,1,1,205,7.4,gb,0.0022737556375252987,1,0.0484135399520057,0.0926313068209354,0.8619616952534918
heart-4site,hungarian,0,2,205,7.4,lr,0.002388147901226101,1,0.02524315869849323,0.017342190339481405,0.8595534236391907
heart-4site,hungarian,0,2,205,7.4,gb,0.0469847546003469,1,0.044661115227082555,0.1094092697414844,0.8683882530489879
heart-4site,hungarian,1,2,205,7.4,lr,0.03465245950759255,1,0.008571475847540871,0.057532727347611085,0.8735393716673031
heart-4site,hungarian,1,2,205,7.4,gb,0.014505528941716639,1,0.0484135399520057,0.0926313068209354,0.8619616952534918
heart-4site,hungarian,0,3,205,7.4,lr,0.016230204378124058,1,0.02524315869849323,0.017342190339481405,0.8595534236391907
heart-4site,hungarian,0,3,205,7.4,gb,0.030780575948325617,1,0.044661115227082555,0.1094092697414844,0.8683882530489879
heart-4site,hungarian,1,3,205,7.4,lr,0.029757351567281987,1,0.008571475847540871,0.057532727347611085,0.8735393716673031
heart-4site,hungarian,1,3,205,7.4,gb,-0.004562129448687502,0,0.0484135399520057,0.0926313068209354,0.8619616952534918
heart-4site,hungarian,0,1,205,7.4,lr,0.00018609371680244902,1,0.02524315869849323,0.017342190339481405,0.8595534236391907
heart-4site,hungarian,0,1,205,7.4,gb,0.010646011934099087,1,0.044661115227082555,0.1094092697414844,0.8683882530489879
heart-4site,hungarian,1,1,205,7.4,lr,0.00513125095874245,1,0.008571475847540871,0.057532727347611085,0.8735393716673031
heart-4site,hungarian,1,1,205,7.4,gb,-0.017852505441613098,0,0.0484135399520057,0.0926313068209354,0.8619616952534918
heart-4site,switzerland,0,1,86,0.6,lr,0.001521725807440144,1,-0.0436358345130242,-0.0653515968918147,0.875460310643872
heart-4site,switzerland,0,1,86,0.6,gb,0.03709650755426974,1,0.03345331898202018,0.03887984874824696,0.9678430563387136
heart-4site,switzerland,1,1,86,0.6,lr,0.0230181557693816,1,0.011562749455443326,0.01304947078531399,0.9708767620215308
heart-4site,switzerland,1,1,86,0.6,gb,-0.007721448298113831,0,0.03411839496159279,0.04997551859018406,0.9791468355802858
heart-4site,switzerland,0,3,86,0.6,lr,0.006076564194790857,1,-0.0436358345130242,-0.0653515968918147,0.875460310643872
heart-4site,switzerland,0,3,86,0.6,gb,0.055480073393071594,1,0.03345331898202018,0.03887984874824696,0.9678430563387136
heart-4site,switzerland,1,3,86,0.6,lr,0.013611605325891007,1,0.011562749455443326,0.01304947078531399,0.9708767620215308
heart-4site,switzerland,1,3,86,0.6,gb,-0.006222554063955776,0,0.03411839496159279,0.04997551859018406,0.9791468355802858
heart-4site,switzerland,0,2,86,0.6,lr,0.005091342519913944,1,-0.0436358345130242,-0.0653515968918147,0.875460310643872
heart-4site,switzerland,0,2,86,0.6,gb,0.046443070740948,1,0.03345331898202018,0.03887984874824696,0.9678430563387136
heart-4site,switzerland,1,2,86,0.6,lr,0.015365094544891877,1,0.011562749455443326,0.01304947078531399,0.9708767620215308
heart-4site,switzerland,1,2,86,0.6,gb,-0.003114265293902352,0,0.03411839496159279,0.04997551859018406,0.9791468355802858
heart-4site,switzerland,0,1,86,0.6,lr,0.00807248621951473,1,-0.0436358345130242,-0.0653515968918147,0.875460310643872
heart-4site,switzerland,0,1,86,0.6,gb,0.059953107474739475,1,0.03345331898202018,0.03887984874824696,0.9678430563387136
heart-4site,switzerland,1,1,86,0.6,lr,-0.011525201849371558,0,0.011562749455443326,0.01304947078531399,0.9708767620215308
heart-4site,switzerland,1,1,86,0.6,gb,-0.004785715424605486,0,0.03411839496159279,0.04997551859018406,0.9791468355802858
heart-4site,switzerland,0,1,86,0.6,lr,0.007179629076657479,1,-0.0436358345130242,-0.0653515968918147,0.875460310643872
heart-4site,switzerland,0,1,86,0.6,gb,0.051665491745977565,1,0.03345331898202018,0.03887984874824696,0.9678430563387136
heart-4site,switzerland,1,1,86,0.6,lr,0.002760512436342788,1,0.011562749455443326,0.01304947078531399,0.9708767620215308
heart-4site,switzerland,1,1,86,0.6,gb,0.011664962135094603,1,0.03411839496159279,0.04997551859018406,0.9791468355802858
heart-4site,va,0,2,140,3.272727272727273,lr,0.036198617276736345,1,0.006183326496797627,0.006329271721942104,0.8881461668449843
heart-4site,va,0,2,140,3.272727272727273,gb,-0.005686840953632588,0,0.025121251592149813,0.04400010155811186,0.8918524234061823
heart-4site,va,1,2,140,3.6,lr,0.022665378254550395,1,0.019725849068870024,0.04827814090727014,0.8227856365742133
heart-4site,va,1,2,140,3.6,gb,0.10088281058356374,1,0.04021554860328425,0.1160933966134015,0.8462858064735991
heart-4site,va,0,3,140,3.272727272727273,lr,0.026243838893552085,1,0.006183326496797627,0.006329271721942104,0.8881461668449843
heart-4site,va,0,3,140,3.272727272727273,gb,-0.00945369705543131,0,0.025121251592149813,0.04400010155811186,0.8918524234061823
heart-4site,va,1,3,140,3.6,lr,0.028580656608721666,1,0.019725849068870024,0.04827814090727014,0.8227856365742133
heart-4site,va,1,3,140,3.6,gb,0.09147969665999611,1,0.04021554860328425,0.1160933966134015,0.8462858064735991
heart-4site,va,0,2,140,3.272727272727273,lr,0.036961839428690246,1,0.006183326496797627,0.006329271721942104,0.8881461668449843
heart-4site,va,0,2,140,3.272727272727273,gb,-0.015226460283171872,0,0.025121251592149813,0.04400010155811186,0.8918524234061823
heart-4site,va,1,2,140,3.6,lr,0.024871230888133478,1,0.019725849068870024,0.04827814090727014,0.8227856365742133
heart-4site,va,1,2,140,3.6,gb,0.04718032212453427,1,0.04021554860328425,0.1160933966134015,0.8462858064735991
heart-4site,va,0,1,140,3.272727272727273,lr,0.01609146796880867,1,0.006183326496797627,0.006329271721942104,0.8881461668449843
heart-4site,va,0,1,140,3.272727272727273,gb,0.0047310279346611805,1,0.025121251592149813,0.04400010155811186,0.8918524234061823
heart-4site,va,1,1,140,3.6,lr,0.004496651231331583,1,0.019725849068870024,0.04827814090727014,0.8227856365742133
heart-4site,va,1,1,140,3.6,gb,0.095142910113024,1,0.04021554860328425,0.1160933966134015,0.8462858064735991
heart-4site,va,0,2,140,3.272727272727273,lr,0.021956389869589144,1,0.006183326496797627,0.006329271721942104,0.8881461668449843
heart-4site,va,0,2,140,3.272727272727273,gb,-0.016872079329230627,0,0.025121251592149813,0.04400010155811186,0.8918524234061823
heart-4site,va,1,2,140,3.6,lr,0.028340271996220467,1,0.019725849068870024,0.04827814090727014,0.8227856365742133
heart-4site,va,1,2,140,3.6,gb,0.08669668743785541,1,0.04021554860328425,0.1160933966134015,0.8462858064735991
heart-4site,va,0,1,140,3.272727272727273,lr,0.004986580403270824,1,0.006183326496797627,0.006329271721942104,0.8881461668449843
heart-4site,va,0,1,140,3.272727272727273,gb,-0.023423579742941292,0,0.025121251592149813,0.04400010155811186,0.8918524234061823
heart-4site,va,1,1,140,3.6,lr,0.030343042705947898,1,0.019725849068870024,0.04827814090727014,0.8227856365742133
heart-4site,va,1,1,140,3.6,gb,0.004258278751752331,1,0.04021554860328425,0.1160933966134015,0.8462858064735991
mimic-11site,CCU-care,0,4,2722,11.0,lr,-0.0327690708657018,0,0.039516858936371815,0.04130714376110853,0.3579622601416495
mimic-11site,CCU-care,0,4,2722,11.0,gb,0.028855693969570106,1,0.047223104290176454,0.08224596619025258,0.32017147238740606
mimic-11site,CCU-care,1,4,2722,11.0,lr,-0.0030462326510344306,0,0.027683694798166528,0.04831097428037648,0.35136718669187217
mimic-11site,CCU-care,1,4,2722,11.0,gb,0.10735378870408929,1,-0.09368640674017713,0.014248455596632788,0.26563495354094624
mimic-11site,CCU-care,0,3,2722,11.0,lr,-0.0028238743673685285,0,0.039516858936371815,0.04130714376110853,0.3579622601416495
mimic-11site,CCU-care,0,3,2722,11.0,gb,0.03840613747186966,1,0.047223104290176454,0.08224596619025258,0.32017147238740606
mimic-11site,CCU-care,1,3,2722,11.0,lr,0.018937704846868908,1,0.027683694798166528,0.04831097428037648,0.35136718669187217
mimic-11site,CCU-care,1,3,2722,11.0,gb,0.11187730506819721,1,-0.09368640674017713,0.014248455596632788,0.26563495354094624
mimic-11site,CCU-care,0,1,2722,11.0,lr,-0.02352219288750579,0,0.039516858936371815,0.04130714376110853,0.3579622601416495
mimic-11site,CCU-care,0,1,2722,11.0,gb,0.029534505364218477,1,0.047223104290176454,0.08224596619025258,0.32017147238740606
mimic-11site,CCU-care,1,1,2722,11.0,lr,-0.01569552304955729,0,0.027683694798166528,0.04831097428037648,0.35136718669187217
mimic-11site,CCU-care,1,1,2722,11.0,gb,0.010370447575894226,1,-0.09368640674017713,0.014248455596632788,0.26563495354094624
mimic-11site,CCU-care,0,4,2722,11.0,lr,-0.03748512309315605,0,0.039516858936371815,0.04130714376110853,0.3579622601416495
mimic-11site,CCU-care,0,4,2722,11.0,gb,0.052568932280593395,1,0.047223104290176454,0.08224596619025258,0.32017147238740606
mimic-11site,CCU-care,1,4,2722,11.0,lr,0.006488460331589563,1,0.027683694798166528,0.04831097428037648,0.35136718669187217
mimic-11site,CCU-care,1,4,2722,11.0,gb,0.1045348290359368,1,-0.09368640674017713,0.014248455596632788,0.26563495354094624
mimic-11site,CCU-care,0,3,2722,11.0,lr,-0.009670576060246239,0,0.039516858936371815,0.04130714376110853,0.3579622601416495
mimic-11site,CCU-care,0,3,2722,11.0,gb,0.059963352594080865,1,0.047223104290176454,0.08224596619025258,0.32017147238740606
mimic-11site,CCU-care,1,3,2722,11.0,lr,0.017986226905562397,1,0.027683694798166528,0.04831097428037648,0.35136718669187217
mimic-11site,CCU-care,1,3,2722,11.0,gb,0.11017242811102984,1,-0.09368640674017713,0.014248455596632788,0.26563495354094624
mimic-11site,CCU-care,0,2,2722,11.0,lr,0.006896931066643686,1,0.039516858936371815,0.04130714376110853,0.3579622601416495
mimic-11site,CCU-care,0,2,2722,11.0,gb,0.052861684820910526,1,0.047223104290176454,0.08224596619025258,0.32017147238740606
mimic-11site,CCU-care,1,2,2722,11.0,lr,0.03421760788801781,1,0.027683694798166528,0.04831097428037648,0.35136718669187217
mimic-11site,CCU-care,1,2,2722,11.0,gb,0.09725783900700885,1,-0.09368640674017713,0.014248455596632788,0.26563495354094624
mimic-11site,CCU-care,0,3,2722,11.0,lr,-0.03805467277084368,0,0.039516858936371815,0.04130714376110853,0.3579622601416495
mimic-11site,CCU-care,0,3,2722,11.0,gb,0.03472930744240016,1,0.047223104290176454,0.08224596619025258,0.32017147238740606
mimic-11site,CCU-care,1,3,2722,11.0,lr,-0.020849754197998838,0,0.027683694798166528,0.04831097428037648,0.35136718669187217
mimic-11site,CCU-care,1,3,2722,11.0,gb,0.11972754230804389,1,-0.09368640674017713,0.014248455596632788,0.26563495354094624
mimic-11site,CCU-care,0,1,2722,11.0,lr,-0.011672054383476183,0,0.039516858936371815,0.04130714376110853,0.3579622601416495
mimic-11site,CCU-care,0,1,2722,11.0,gb,0.0027328676333676083,1,0.047223104290176454,0.08224596619025258,0.32017147238740606
mimic-11site,CCU-care,1,1,2722,11.0,lr,0.011878998015615705,1,0.027683694798166528,0.04831097428037648,0.35136718669187217
mimic-11site,CCU-care,1,1,2722,11.0,gb,0.06372030559280922,1,-0.09368640674017713,0.014248455596632788,0.26563495354094624
mimic-11site,CCU-meta,0,1,1535,5.962962962962963,lr,0.016948140908632225,1,0.047152740785014344,0.11847911484806384,0.36587119346780944
mimic-11site,CCU-meta,0,1,1535,5.962962962962963,gb,0.07350976798706671,1,0.14095278117721918,0.3492873026629159,0.3790087929838117
mimic-11site,CCU-meta,1,1,1535,5.962962962962963,lr,-0.008909248554543614,0,0.020040469553910305,-0.010105361763957786,0.34606797459221417
mimic-11site,CCU-meta,1,1,1535,5.962962962962963,gb,0.03611921986192218,1,-0.03122565782985699,-0.03751641185846535,0.2939046761600373
mimic-11site,CCU-meta,0,4,1535,5.962962962962963,lr,0.029092931784999665,1,0.047152740785014344,0.11847911484806384,0.36587119346780944
mimic-11site,CCU-meta,0,4,1535,5.962962962962963,gb,0.11229688955933742,1,0.14095278117721918,0.3492873026629159,0.3790087929838117
mimic-11site,CCU-meta,1,4,1535,5.962962962962963,lr,-0.001977608425355548,0,0.020040469553910305,-0.010105361763957786,0.34606797459221417
mimic-11site,CCU-meta,1,4,1535,5.962962962962963,gb,0.12278346977067822,1,-0.03122565782985699,-0.03751641185846535,0.2939046761600373
mimic-11site,CCU-meta,0,3,1535,5.962962962962963,lr,0.032225072634241736,1,0.047152740785014344,0.11847911484806384,0.36587119346780944
mimic-11site,CCU-meta,0,3,1535,5.962962962962963,gb,0.12808899036887778,1,0.14095278117721918,0.3492873026629159,0.3790087929838117
mimic-11site,CCU-meta,1,3,1535,5.962962962962963,lr,0.029969517730511874,1,0.020040469553910305,-0.010105361763957786,0.34606797459221417
mimic-11site,CCU-meta,1,3,1535,5.962962962962963,gb,0.11444528550482724,1,-0.03122565782985699,-0.03751641185846535,0.2939046761600373
mimic-11site,CCU-meta,0,4,1535,5.962962962962963,lr,0.0462295352155232,1,0.047152740785014344,0.11847911484806384,0.36587119346780944
mimic-11site,CCU-meta,0,4,1535,5.962962962962963,gb,0.12614463177633517,1,0.14095278117721918,0.3492873026629159,0.3790087929838117
mimic-11site,CCU-meta,1,4,1535,5.962962962962963,lr,0.04803202856375077,1,0.020040469553910305,-0.010105361763957786,0.34606797459221417
mimic-11site,CCU-meta,1,4,1535,5.962962962962963,gb,0.10192743313675867,1,-0.03122565782985699,-0.03751641185846535,0.2939046761600373
mimic-11site,CCU-meta,0,2,1535,5.962962962962963,lr,-0.0015726703521351526,0,0.047152740785014344,0.11847911484806384,0.36587119346780944
mimic-11site,CCU-meta,0,2,1535,5.962962962962963,gb,0.09402341432315803,1,0.14095278117721918,0.3492873026629159,0.3790087929838117
mimic-11site,CCU-meta,1,2,1535,5.962962962962963,lr,-0.043841545809436056,0,0.020040469553910305,-0.010105361763957786,0.34606797459221417
mimic-11site,CCU-meta,1,2,1535,5.962962962962963,gb,0.08892262228988923,1,-0.03122565782985699,-0.03751641185846535,0.2939046761600373
mimic-11site,CCU-meta,0,1,1535,5.962962962962963,lr,-0.003791396239590128,0,0.047152740785014344,0.11847911484806384,0.36587119346780944
mimic-11site,CCU-meta,0,1,1535,5.962962962962963,gb,0.023330477508534675,1,0.14095278117721918,0.3492873026629159,0.3790087929838117
mimic-11site,CCU-meta,1,1,1535,5.962962962962963,lr,-0.045446387896192375,0,0.020040469553910305,-0.010105361763957786,0.34606797459221417
mimic-11site,CCU-meta,1,1,1535,5.962962962962963,gb,-0.00506518575721332,0,-0.03122565782985699,-0.03751641185846535,0.2939046761600373
mimic-11site,CCU-meta,0,2,1535,5.962962962962963,lr,0.014424594212292363,1,0.047152740785014344,0.11847911484806384,0.36587119346780944
mimic-11site,CCU-meta,0,2,1535,5.962962962962963,gb,0.08849306530688011,1,0.14095278117721918,0.3492873026629159,0.3790087929838117
mimic-11site,CCU-meta,1,2,1535,5.962962962962963,lr,0.01043998930201967,1,0.020040469553910305,-0.010105361763957786,0.34606797459221417
mimic-11site,CCU-meta,1,2,1535,5.962962962962963,gb,0.10400482588131987,1,-0.03122565782985699,-0.03751641185846535,0.2939046761600373
mimic-11site,CCU-meta,0,1,1535,5.962962962962963,lr,0.0021096533297561004,1,0.047152740785014344,0.11847911484806384,0.36587119346780944
mimic-11site,CCU-meta,0,1,1535,5.962962962962963,gb,0.03104390834387072,1,0.14095278117721918,0.3492873026629159,0.3790087929838117
mimic-11site,CCU-meta,1,1,1535,5.962962962962963,lr,-0.005220333783057696,0,0.020040469553910305,-0.010105361763957786,0.34606797459221417
mimic-11site,CCU-meta,1,1,1535,5.962962962962963,gb,0.08981298100518825,1,-0.03122565782985699,-0.03751641185846535,0.2939046761600373
mimic-11site,CSRU-care,0,3,3483,4.142857142857143,lr,0.049551831662182744,1,0.03267255053418174,0.048852639591977574,0.29964477612523016
mimic-11site,CSRU-care,0,3,3483,4.142857142857143,gb,0.061532133155933255,1,0.03227813605879394,0.2538997752954114,0.32806637218847706
mimic-11site,CSRU-care,1,3,3483,4.142857142857143,lr,0.036755671776100896,1,0.0064671865118459335,0.044804489648086414,0.2634747299627229
mimic-11site,CSRU-care,1,3,3483,4.142857142857143,gb,0.051736284843008795,1,0.0028092184550366785,0.2663266898740342,0.29648716247872875
mimic-11site,CSRU-care,0,4,3483,4.142857142857143,lr,0.05444720222878319,1,0.03267255053418174,0.048852639591977574,0.29964477612523016
mimic-11site,CSRU-care,0,4,3483,4.142857142857143,gb,0.012356086598936888,1,0.03227813605879394,0.2538997752954114,0.32806637218847706
mimic-11site,CSRU-care,1,4,3483,4.142857142857143,lr,0.019755232041642534,1,0.0064671865118459335,0.044804489648086414,0.2634747299627229
mimic-11site,CSRU-care,1,4,3483,4.142857142857143,gb,-0.0027738477983483834,0,0.0028092184550366785,0.2663266898740342,0.29648716247872875
mimic-11site,CSRU-care,0,3,3483,4.142857142857143,lr,0.031292430295544016,1,0.03267255053418174,0.048852639591977574,0.29964477612523016
mimic-11site,CSRU-care,0,3,3483,4.142857142857143,gb,0.03069055036667734,1,0.03227813605879394,0.2538997752954114,0.32806637218847706
mimic-11site,CSRU-care,1,3,3483,4.142857142857143,lr,0.059653178151816255,1,0.0064671865118459335,0.044804489648086414,0.2634747299627229
mimic-11site,CSRU-care,1,3,3483,4.142857142857143,gb,-0.006858682629494517,0,0.0028092184550366785,0.2663266898740342,0.29648716247872875
mimic-11site,CSRU-care,0,3,3483,4.142857142857143,lr,0.08542808441717165,1,0.03267255053418174,0.048852639591977574,0.29964477612523016
mimic-11site,CSRU-care,0,3,3483,4.142857142857143,gb,-0.012963483057675779,0,0.03227813605879394,0.2538997752954114,0.32806637218847706
mimic-11site,CSRU-care,1,3,3483,4.142857142857143,lr,0.01707658260734668,1,0.0064671865118459335,0.044804489648086414,0.2634747299627229
mimic-11site,CSRU-care,1,3,3483,4.142857142857143,gb,-0.01865459198641478,0,0.0028092184550366785,0.2663266898740342,0.29648716247872875
mimic-11site,CSRU-care,0,2,3483,4.142857142857143,lr,0.0762910604038105,1,0.03267255053418174,0.048852639591977574,0.29964477612523016
mimic-11site,CSRU-care,0,2,3483,4.142857142857143,gb,0.04084874788392562,1,0.03227813605879394,0.2538997752954114,0.32806637218847706
mimic-11site,CSRU-care,1,2,3483,4.142857142857143,lr,0.011789387153678721,1,0.0064671865118459335,0.044804489648086414,0.2634747299627229
mimic-11site,CSRU-care,1,2,3483,4.142857142857143,gb,-0.03373044606916037,0,0.0028092184550366785,0.2663266898740342,0.29648716247872875
mimic-11site,CSRU-care,0,4,3483,4.142857142857143,lr,0.060194675990659474,1,0.03267255053418174,0.048852639591977574,0.29964477612523016
mimic-11site,CSRU-care,0,4,3483,4.142857142857143,gb,0.016595310770728733,1,0.03227813605879394,0.2538997752954114,0.32806637218847706
mimic-11site,CSRU-care,1,4,3483,4.142857142857143,lr,0.01845312405389571,1,0.0064671865118459335,0.044804489648086414,0.2634747299627229
mimic-11site,CSRU-care,1,4,3483,4.142857142857143,gb,-0.04519070977922224,0,0.0028092184550366785,0.2663266898740342,0.29648716247872875
mimic-11site,CSRU-care,0,2,3483,4.142857142857143,lr,0.06038090371171956,1,0.03267255053418174,0.048852639591977574,0.29964477612523016
mimic-11site,CSRU-care,0,2,3483,4.142857142857143,gb,0.033290111451165505,1,0.03227813605879394,0.2538997752954114,0.32806637218847706
mimic-11site,CSRU-care,1,2,3483,4.142857142857143,lr,0.024475818499099855,1,0.0064671865118459335,0.044804489648086414,0.2634747299627229
mimic-11site,CSRU-care,1,2,3483,4.142857142857143,gb,-0.04503977796129127,0,0.0028092184550366785,0.2663266898740342,0.29648716247872875
mimic-11site,CSRU-care,0,3,3483,4.142857142857143,lr,0.04766991304918411,1,0.03267255053418174,0.048852639591977574,0.29964477612523016
mimic-11site,CSRU-care,0,3,3483,4.142857142857143,gb,0.053724325063622735,1,0.03227813605879394,0.2538997752954114,0.32806637218847706
mimic-11site,CSRU-care,1,3,3483,4.142857142857143,lr,0.006469907584724821,1,0.0064671865118459335,0.044804489648086414,0.2634747299627229
mimic-11site,CSRU-care,1,3,3483,4.142857142857143,gb,0.019875812499447365,1,0.0028092184550366785,0.2663266898740342,0.29648716247872875
mimic-11site,CSRU-meta,0,4,2031,1.6111111111111112,lr,0.07559850170433624,1,0.10893162795818001,0.2631283573667248,0.24060355109790743
mimic-11site,CSRU-meta,0,4,2031,1.6111111111111112,gb,0.03877805880338461,1,0.167008254699016,0.11366765921419301,0.19536735670861402
mimic-11site,CSRU-meta,1,4,2031,1.6111111111111112,lr,-0.023102717376591003,0,0.0450735416534678,0.1482304634432675,0.24292854911877812
mimic-11site,CSRU-meta,1,4,2031,1.6111111111111112,gb,0.09281467824340306,1,0.012800462866814112,-0.08757916760331914,0.18742539992804863
mimic-11site,CSRU-meta,0,2,2031,1.6111111111111112,lr,0.012263146813702608,1,0.10893162795818001,0.2631283573667248,0.24060355109790743
mimic-11site,CSRU-meta,0,2,2031,1.6111111111111112,gb,0.009041812200803107,1,0.167008254699016,0.11366765921419301,0.19536735670861402
mimic-11site,CSRU-meta,1,2,2031,1.6111111111111112,lr,-0.06411294337526244,0,0.0450735416534678,0.1482304634432675,0.24292854911877812
mimic-11site,CSRU-meta,1,2,2031,1.6111111111111112,gb,0.02125362565851363,1,0.012800462866814112,-0.08757916760331914,0.18742539992804863
mimic-11site,CSRU-meta,0,4,2031,1.6111111111111112,lr,0.024824234381119803,1,0.10893162795818001,0.2631283573667248,0.24060355109790743
mimic-11site,CSRU-meta,0,4,2031,1.6111111111111112,gb,0.027576449437965556,1,0.167008254699016,0.11366765921419301,0.19536735670861402
mimic-11site,CSRU-meta,1,4,2031,1.6111111111111112,lr,-0.018996938322029033,0,0.0450735416534678,0.1482304634432675,0.24292854911877812
mimic-11site,CSRU-meta,1,4,2031,1.6111111111111112,gb,0.09556987059521271,1,0.012800462866814112,-0.08757916760331914,0.18742539992804863
mimic-11site,CSRU-meta,0,4,2031,1.6111111111111112,lr,0.026058954024629877,1,0.10893162795818001,0.2631283573667248,0.24060355109790743
mimic-11site,CSRU-meta,0,4,2031,1.6111111111111112,gb,0.039968654744745175,1,0.167008254699016,0.11366765921419301,0.19536735670861402
mimic-11site,CSRU-meta,1,4,2031,1.6111111111111112,lr,-0.006810267258914371,0,0.0450735416534678,0.1482304634432675,0.24292854911877812
mimic-11site,CSRU-meta,1,4,2031,1.6111111111111112,gb,0.07991031135538268,1,0.012800462866814112,-0.08757916760331914,0.18742539992804863
mimic-11site,CSRU-meta,0,3,2031,1.6111111111111112,lr,0.02634895374129237,1,0.10893162795818001,0.2631283573667248,0.24060355109790743
mimic-11site,CSRU-meta,0,3,2031,1.6111111111111112,gb,0.020842133821137254,1,0.167008254699016,0.11366765921419301,0.19536735670861402
mimic-11site,CSRU-meta,1,3,2031,1.6111111111111112,lr,-0.014944625180846743,0,0.0450735416534678,0.1482304634432675,0.24292854911877812
mimic-11site,CSRU-meta,1,3,2031,1.6111111111111112,gb,0.06774878591784722,1,0.012800462866814112,-0.08757916760331914,0.18742539992804863
mimic-11site,CSRU-meta,0,1,2031,1.6111111111111112,lr,0.04365864622202997,1,0.10893162795818001,0.2631283573667248,0.24060355109790743
mimic-11site,CSRU-meta,0,1,2031,1.6111111111111112,gb,0.01679732303486517,1,0.167008254699016,0.11366765921419301,0.19536735670861402
mimic-11site,CSRU-meta,1,1,2031,1.6111111111111112,lr,-0.03322868241863122,0,0.0450735416534678,0.1482304634432675,0.24292854911877812
mimic-11site,CSRU-meta,1,1,2031,1.6111111111111112,gb,0.06285788234335526,1,0.012800462866814112,-0.08757916760331914,0.18742539992804863
mimic-11site,CSRU-meta,0,3,2031,1.6111111111111112,lr,0.03584673178823322,1,0.10893162795818001,0.2631283573667248,0.24060355109790743
mimic-11site,CSRU-meta,0,3,2031,1.6111111111111112,gb,0.009538322624573381,1,0.167008254699016,0.11366765921419301,0.19536735670861402
mimic-11site,CSRU-meta,1,3,2031,1.6111111111111112,lr,-0.001605241579277994,0,0.0450735416534678,0.1482304634432675,0.24292854911877812
mimic-11site,CSRU-meta,1,3,2031,1.6111111111111112,gb,0.05411524603704626,1,0.012800462866814112,-0.08757916760331914,0.18742539992804863
mimic-11site,MICU-care,0,4,5985,32.666666666666664,lr,-0.025430953798206535,0,0.0012212022275943295,0.016529562621823864,0.4051859620663533
mimic-11site,MICU-care,0,4,5985,32.666666666666664,gb,-0.019309372213461407,0,-0.024141931391473047,0.01731628197121536,0.4304756812576354
mimic-11site,MICU-care,1,4,5985,32.666666666666664,lr,-0.0013192593371048056,0,0.0074411449006457995,0.024087981765120527,0.41950919779734613
mimic-11site,MICU-care,1,4,5985,32.666666666666664,gb,-0.006235711833499358,0,0.02389717116087593,0.059345957399061795,0.44716814489402273
mimic-11site,MICU-care,0,3,5985,32.666666666666664,lr,-0.018120393060493623,0,0.0012212022275943295,0.016529562621823864,0.4051859620663533
mimic-11site,MICU-care,0,3,5985,32.666666666666664,gb,-0.027981246345567867,0,-0.024141931391473047,0.01731628197121536,0.4304756812576354
mimic-11site,MICU-care,1,3,5985,32.666666666666664,lr,-0.0007712682938407767,0,0.0074411449006457995,0.024087981765120527,0.41950919779734613
mimic-11site,MICU-care,1,3,5985,32.666666666666664,gb,-0.016939433983526375,0,0.02389717116087593,0.059345957399061795,0.44716814489402273
mimic-11site,MICU-care,0,4,5985,32.666666666666664,lr,-0.033220634735464105,0,0.0012212022275943295,0.016529562621823864,0.4051859620663533
mimic-11site,MICU-care,0,4,5985,32.666666666666664,gb,-0.011965139013981219,0,-0.024141931391473047,0.01731628197121536,0.4304756812576354
mimic-11site,MICU-care,1,4,5985,32.666666666666664,lr,-0.011048933030633368,0,0.0074411449006457995,0.024087981765120527,0.41950919779734613
mimic-11site,MICU-care,1,4,5985,32.666666666666664,gb,0.016652625819444544,1,0.02389717116087593,0.059345957399061795,0.44716814489402273
mimic-11site,MICU-care,0,2,5985,32.666666666666664,lr,-0.029472447414411518,0,0.0012212022275943295,0.016529562621823864,0.4051859620663533
mimic-11site,MICU-care,0,2,5985,32.666666666666664,gb,-0.029503470686581657,0,-0.024141931391473047,0.01731628197121536,0.4304756812576354
mimic-11site,MICU-care,1,2,5985,32.666666666666664,lr,-0.00870808885164881,0,0.0074411449006457995,0.024087981765120527,0.41950919779734613
mimic-11site,MICU-care,1,2,5985,32.666666666666664,gb,-0.00733182378516789,0,0.02389717116087593,0.059345957399061795,0.44716814489402273
mimic-11site,MICU-care,0,2,5985,32.666666666666664,lr,-0.02856525222046441,0,0.0012212022275943295,0.016529562621823864,0.4051859620663533
mimic-11site,MICU-care,0,2,5985,32.666666666666664,gb,-0.04738181284558707,0,-0.024141931391473047,0.01731628197121536,0.4304756812576354
mimic-11site,MICU-care,1,2,5985,32.666666666666664,lr,-0.015371624635791392,0,0.0074411449006457995,0.024087981765120527,0.41950919779734613
mimic-11site,MICU-care,1,2,5985,32.666666666666664,gb,-0.03702403467515175,0,0.02389717116087593,0.059345957399061795,0.44716814489402273
mimic-11site,MICU-care,0,2,5985,32.666666666666664,lr,-0.02184644450319906,0,0.0012212022275943295,0.016529562621823864,0.4051859620663533
mimic-11site,MICU-care,0,2,5985,32.666666666666664,gb,-0.01766307094005426,0,-0.024141931391473047,0.01731628197121536,0.4304756812576354
mimic-11site,MICU-care,1,2,5985,32.666666666666664,lr,-0.014481035313883395,0,0.0074411449006457995,0.024087981765120527,0.41950919779734613
mimic-11site,MICU-care,1,2,5985,32.666666666666664,gb,-0.030419616218410717,0,0.02389717116087593,0.059345957399061795,0.44716814489402273
mimic-11site,MICU-care,0,1,5985,32.666666666666664,lr,-0.0027369648233041,0,0.0012212022275943295,0.016529562621823864,0.4051859620663533
mimic-11site,MICU-care,0,1,5985,32.666666666666664,gb,-0.009685485169290686,0,-0.024141931391473047,0.01731628197121536,0.4304756812576354
mimic-11site,MICU-care,1,1,5985,32.666666666666664,lr,-0.002167133549291489,0,0.0074411449006457995,0.024087981765120527,0.41950919779734613
mimic-11site,MICU-care,1,1,5985,32.666666666666664,gb,-0.0033217181267379825,0,0.02389717116087593,0.059345957399061795,0.44716814489402273
mimic-11site,MICU-meta,0,4,5469,25.88888888888889,lr,-0.02070556559602904,0,0.008278613709365345,0.02080247841289229,0.3589801107316042
mimic-11site,MICU-meta,0,4,5469,25.88888888888889,gb,-0.005177024753545534,0,0.04122341015992069,0.0915337512567814,0.4000355364472656
mimic-11site,MICU-meta,1,4,5469,25.88888888888889,lr,-0.02119184156632037,0,-0.0022060211826812923,0.03193601583669956,0.35761786112584787
mimic-11site,MICU-meta,1,4,5469,25.88888888888889,gb,-0.020498116088659868,0,0.04856625569313136,0.11114779126028031,0.39409079675524206
mimic-11site,MICU-meta,0,3,5469,25.88888888888889,lr,-0.08168503495800888,0,0.008278613709365345,0.02080247841289229,0.3589801107316042
mimic-11site,MICU-meta,0,3,5469,25.88888888888889,gb,-0.031574127594937273,0,0.04122341015992069,0.0915337512567814,0.4000355364472656
mimic-11site,MICU-meta,1,3,5469,25.88888888888889,lr,-0.042502096878990925,0,-0.0022060211826812923,0.03193601583669956,0.35761786112584787
mimic-11site,MICU-meta,1,3,5469,25.88888888888889,gb,-0.04582835437632826,0,0.04856625569313136,0.11114779126028031,0.39409079675524206
mimic-11site,MICU-meta,0,3,5469,25.88888888888889,lr,-0.03835100928638574,0,0.008278613709365345,0.02080247841289229,0.3589801107316042
mimic-11site,MICU-meta,0,3,5469,25.88888888888889,gb,-0.025860601951975426,0,0.04122341015992069,0.0915337512567814,0.4000355364472656
mimic-11site,MICU-meta,1,3,5469,25.88888888888889,lr,-0.04204742749818596,0,-0.0022060211826812923,0.03193601583669956,0.35761786112584787
mimic-11site,MICU-meta,1,3,5469,25.88888888888889,gb,-0.020163447026913195,0,0.04856625569313136,0.11114779126028031,0.39409079675524206
mimic-11site,MICU-meta,0,3,5469,25.88888888888889,lr,-0.043460859588530854,0,0.008278613709365345,0.02080247841289229,0.3589801107316042
mimic-11site,MICU-meta,0,3,5469,25.88888888888889,gb,-0.027340696128542175,0,0.04122341015992069,0.0915337512567814,0.4000355364472656
mimic-11site,MICU-meta,1,3,5469,25.88888888888889,lr,-0.040043343738537185,0,-0.0022060211826812923,0.03193601583669956,0.35761786112584787
mimic-11site,MICU-meta,1,3,5469,25.88888888888889,gb,-0.013708841776271519,0,0.04856625569313136,0.11114779126028031,0.39409079675524206
mimic-11site,MICU-meta,0,4,5469,25.88888888888889,lr,-0.03831060487722954,0,0.008278613709365345,0.02080247841289229,0.3589801107316042
mimic-11site,MICU-meta,0,4,5469,25.88888888888889,gb,-0.014874939948796129,0,0.04122341015992069,0.0915337512567814,0.4000355364472656
mimic-11site,MICU-meta,1,4,5469,25.88888888888889,lr,-0.03331660622818661,0,-0.0022060211826812923,0.03193601583669956,0.35761786112584787
mimic-11site,MICU-meta,1,4,5469,25.88888888888889,gb,-0.0104795340834698,0,0.04856625569313136,0.11114779126028031,0.39409079675524206
mimic-11site,MICU-meta,0,1,5469,25.88888888888889,lr,0.006912544239760732,1,0.008278613709365345,0.02080247841289229,0.3589801107316042
mimic-11site,MICU-meta,0,1,5469,25.88888888888889,gb,0.006311106610276174,1,0.04122341015992069,0.0915337512567814,0.4000355364472656
mimic-11site,MICU-meta,1,1,5469,25.88888888888889,lr,-0.011419212136101475,0,-0.0022060211826812923,0.03193601583669956,0.35761786112584787
mimic-11site,MICU-meta,1,1,5469,25.88888888888889,gb,0.004086078802504001,1,0.04856625569313136,0.11114779126028031,0.39409079675524206
mimic-11site,MICU-meta,0,1,5469,25.88888888888889,lr,-0.03006402468985736,0,0.008278613709365345,0.02080247841289229,0.3589801107316042
mimic-11site,MICU-meta,0,1,5469,25.88888888888889,gb,-0.0171038939991231,0,0.04122341015992069,0.0915337512567814,0.4000355364472656
mimic-11site,MICU-meta,1,1,5469,25.88888888888889,lr,-0.026384624104293763,0,-0.0022060211826812923,0.03193601583669956,0.35761786112584787
mimic-11site,MICU-meta,1,1,5469,25.88888888888889,gb,-0.033627739399453904,0,0.04856625569313136,0.11114779126028031,0.39409079675524206
mimic-11site,MICU-meta,0,1,5469,25.88888888888889,lr,-0.014480298056386565,0,0.008278613709365345,0.02080247841289229,0.3589801107316042
mimic-11site,MICU-meta,0,1,5469,25.88888888888889,gb,-0.040209993444919934,0,0.04122341015992069,0.0915337512567814,0.4000355364472656
mimic-11site,MICU-meta,1,1,5469,25.88888888888889,lr,-0.005920644690333321,0,-0.0022060211826812923,0.03193601583669956,0.35761786112584787
mimic-11site,MICU-meta,1,1,5469,25.88888888888889,gb,-0.025367553942023113,0,0.04856625569313136,0.11114779126028031,0.39409079675524206
mimic-11site,SICU-care,0,1,2489,10.709677419354838,lr,-0.028070804987342657,0,-0.0042151636750105085,0.022564203797794374,0.3006414574733207
mimic-11site,SICU-care,0,1,2489,10.709677419354838,gb,-0.013136626321655298,0,0.024803443401569196,0.0842321000915799,0.3049588995811863
mimic-11site,SICU-care,1,1,2489,10.709677419354838,lr,-0.030496760136772272,0,0.0013090740523898066,0.06598596933525087,0.30339645417117295
mimic-11site,SICU-care,1,1,2489,10.709677419354838,gb,0.04167883913698689,1,0.012148307447922425,0.22968930738200294,0.34834341745271474
mimic-11site,SICU-care,0,4,2489,10.709677419354838,lr,-0.049838975733122015,0,-0.0042151636750105085,0.022564203797794374,0.3006414574733207
mimic-11site,SICU-care,0,4,2489,10.709677419354838,gb,-0.013066568831069492,0,0.024803443401569196,0.0842321000915799,0.3049588995811863
mimic-11site,SICU-care,1,4,2489,10.709677419354838,lr,0.000520028896051794,1,0.0013090740523898066,0.06598596933525087,0.30339645417117295
mimic-11site,SICU-care,1,4,2489,10.709677419354838,gb,0.07456830351810251,1,0.012148307447922425,0.22968930738200294,0.34834341745271474
mimic-11site,SICU-care,0,4,2489,10.709677419354838,lr,0.003421435630541758,1,-0.0042151636750105085,0.022564203797794374,0.3006414574733207
mimic-11site,SICU-care,0,4,2489,10.709677419354838,gb,-0.007123176349794036,0,0.024803443401569196,0.0842321000915799,0.3049588995811863
mimic-11site,SICU-care,1,4,2489,10.709677419354838,lr,0.024130969457596296,1,0.0013090740523898066,0.06598596933525087,0.30339645417117295
mimic-11site,SICU-care,1,4,2489,10.709677419354838,gb,0.06060661304803722,1,0.012148307447922425,0.22968930738200294,0.34834341745271474
mimic-11site,SICU-care,0,2,2489,10.709677419354838,lr,-0.0693624834634255,0,-0.0042151636750105085,0.022564203797794374,0.3006414574733207
mimic-11site,SICU-care,0,2,2489,10.709677419354838,gb,0.000807855863845186,1,0.024803443401569196,0.0842321000915799,0.3049588995811863
mimic-11site,SICU-care,1,2,2489,10.709677419354838,lr,-0.04543704710689628,0,0.0013090740523898066,0.06598596933525087,0.30339645417117295
mimic-11site,SICU-care,1,2,2489,10.709677419354838,gb,0.042118182179726016,1,0.012148307447922425,0.22968930738200294,0.34834341745271474
mimic-11site,SICU-care,0,3,2489,10.709677419354838,lr,-0.030547108522389732,0,-0.0042151636750105085,0.022564203797794374,0.3006414574733207
mimic-11site,SICU-care,0,3,2489,10.709677419354838,gb,-0.008325418334739931,0,0.024803443401569196,0.0842321000915799,0.3049588995811863
mimic-11site,SICU-care,1,3,2489,10.709677419354838,lr,-0.003209423540282308,0,0.0013090740523898066,0.06598596933525087,0.30339645417117295
mimic-11site,SICU-care,1,3,2489,10.709677419354838,gb,0.05876592235755873,1,0.012148307447922425,0.22968930738200294,0.34834341745271474
mimic-11site,SICU-care,0,1,2489,10.709677419354838,lr,-0.05792141544400842,0,-0.0042151636750105085,0.022564203797794374,0.3006414574733207
mimic-11site,SICU-care,0,1,2489,10.709677419354838,gb,0.00044735275789847817,1,0.024803443401569196,0.0842321000915799,0.3049588995811863
mimic-11site,SICU-care,1,1,2489,10.709677419354838,lr,-0.012345523179607465,0,0.0013090740523898066,0.06598596933525087,0.30339645417117295
mimic-11site,SICU-care,1,1,2489,10.709677419354838,gb,0.04887560345586994,1,0.012148307447922425,0.22968930738200294,0.34834341745271474
mimic-11site,SICU-care,0,2,2489,10.709677419354838,lr,0.029065549280902103,1,-0.0042151636750105085,0.022564203797794374,0.3006414574733207
mimic-11site,SICU-care,0,2,2489,10.709677419354838,gb,0.005387217340576844,1,0.024803443401569196,0.0842321000915799,0.3049588995811863
mimic-11site,SICU-care,1,2,2489,10.709677419354838,lr,0.030955606989741646,1,0.0013090740523898066,0.06598596933525087,0.30339645417117295
mimic-11site,SICU-care,1,2,2489,10.709677419354838,gb,0.04965797521451126,1,0.012148307447922425,0.22968930738200294,0.34834341745271474
mimic-11site,SICU-meta,0,1,2276,9.56,lr,-0.03759898756654967,0,-0.008142704189494471,-0.036860869909104636,0.26882897354620594
mimic-11site,SICU-meta,0,1,2276,9.56,gb,0.005588167227691898,1,0.15402282869696768,0.1557825613419539,0.3175141776786293
mimic-11site,SICU-meta,1,1,2276,9.56,lr,-0.0046264968579782795,0,-0.009995521988729775,0.06864894336149162,0.2608641237408927
mimic-11site,SICU-meta,1,1,2276,9.56,gb,0.02974161407571868,1,0.037517098761292604,0.11439199139949481,0.25079102682324655
mimic-11site,SICU-meta,0,4,2276,9.56,lr,-0.03944565964236613,0,-0.008142704189494471,-0.036860869909104636,0.26882897354620594
mimic-11site,SICU-meta,0,4,2276,9.56,gb,0.011524303543736292,1,0.15402282869696768,0.1557825613419539,0.3175141776786293
mimic-11site,SICU-meta,1,4,2276,9.56,lr,0.0030734665548980966,1,-0.009995521988729775,0.06864894336149162,0.2608641237408927
mimic-11site,SICU-meta,1,4,2276,9.56,gb,0.014626757359757825,1,0.037517098761292604,0.11439199139949481,0.25079102682324655
mimic-11site,SICU-meta,0,1,2276,9.56,lr,-0.03924969233169007,0,-0.008142704189494471,-0.036860869909104636,0.26882897354620594
mimic-11site,SICU-meta,0,1,2276,9.56,gb,0.02842621813380003,1,0.15402282869696768,0.1557825613419539,0.3175141776786293
mimic-11site,SICU-meta,1,1,2276,9.56,lr,-0.018246589922574913,0,-0.009995521988729775,0.06864894336149162,0.2608641237408927
mimic-11site,SICU-meta,1,1,2276,9.56,gb,0.015036836862341807,1,0.037517098761292604,0.11439199139949481,0.25079102682324655
mimic-11site,SICU-meta,0,3,2276,9.56,lr,-0.015622304449900926,0,-0.008142704189494471,-0.036860869909104636,0.26882897354620594
mimic-11site,SICU-meta,0,3,2276,9.56,gb,0.0505503972552121,1,0.15402282869696768,0.1557825613419539,0.3175141776786293
mimic-11site,SICU-meta,1,3,2276,9.56,lr,0.025694344665363855,1,-0.009995521988729775,0.06864894336149162,0.2608641237408927
mimic-11site,SICU-meta,1,3,2276,9.56,gb,0.04565747454690183,1,0.037517098761292604,0.11439199139949481,0.25079102682324655
mimic-11site,SICU-meta,0,2,2276,9.56,lr,-0.024085107006699052,0,-0.008142704189494471,-0.036860869909104636,0.26882897354620594
mimic-11site,SICU-meta,0,2,2276,9.56,gb,0.031871674222899105,1,0.15402282869696768,0.1557825613419539,0.3175141776786293
mimic-11site,SICU-meta,1,2,2276,9.56,lr,0.026068519671718082,1,-0.009995521988729775,0.06864894336149162,0.2608641237408927
mimic-11site,SICU-meta,1,2,2276,9.56,gb,0.023769050610529363,1,0.037517098761292604,0.11439199139949481,0.25079102682324655
mimic-11site,SICU-meta,0,4,2276,9.56,lr,-0.004328736465042282,0,-0.008142704189494471,-0.036860869909104636,0.26882897354620594
mimic-11site,SICU-meta,0,4,2276,9.56,gb,0.03977968382340541,1,0.15402282869696768,0.1557825613419539,0.3175141776786293
mimic-11site,SICU-meta,1,4,2276,9.56,lr,0.04631457046810811,1,-0.009995521988729775,0.06864894336149162,0.2608641237408927
mimic-11site,SICU-meta,1,4,2276,9.56,gb,0.02781238852061141,1,0.037517098761292604,0.11439199139949481,0.25079102682324655
mimic-11site,SICU-meta,0,1,2276,9.56,lr,0.021264836101459073,1,-0.008142704189494471,-0.036860869909104636,0.26882897354620594
mimic-11site,SICU-meta,0,1,2276,9.56,gb,0.03394442106189277,1,0.15402282869696768,0.1557825613419539,0.3175141776786293
mimic-11site,SICU-meta,1,1,2276,9.56,lr,0.0406706992421364,1,-0.009995521988729775,0.06864894336149162,0.2608641237408927
mimic-11site,SICU-meta,1,1,2276,9.56,gb,0.02028754288180007,1,0.037517098761292604,0.11439199139949481,0.25079102682324655
mimic-11site,TSICU-care,0,2,1880,6.53125,lr,-0.012589573558532963,0,0.038953705011981705,-0.008583366077962923,0.327345931315312
mimic-11site,TSICU-care,0,2,1880,6.53125,gb,0.0007514445891457222,1,0.16727072418494973,0.10426367525993961,0.33638860614921695
mimic-11site,TSICU-care,1,2,1880,6.53125,lr,0.004456615800001618,1,0.0648333833756664,0.09658721969689053,0.3301993645551425
mimic-11site,TSICU-care,1,2,1880,6.53125,gb,0.04574709035488028,1,0.08036676309312167,0.14614303513030433,0.2967779574091579
mimic-11site,TSICU-care,0,1,1880,6.53125,lr,-0.021153986717577733,0,0.038953705011981705,-0.008583366077962923,0.327345931315312
mimic-11site,TSICU-care,0,1,1880,6.53125,gb,-0.017781006864273197,0,0.16727072418494973,0.10426367525993961,0.33638860614921695
mimic-11site,TSICU-care,1,1,1880,6.53125,lr,-0.0033677107666478245,0,0.0648333833756664,0.09658721969689053,0.3301993645551425
mimic-11site,TSICU-care,1,1,1880,6.53125,gb,0.008972103158623013,1,0.08036676309312167,0.14614303513030433,0.2967779574091579
mimic-11site,TSICU-care,0,4,1880,6.53125,lr,-0.020824099216532055,0,0.038953705011981705,-0.008583366077962923,0.327345931315312
mimic-11site,TSICU-care,0,4,1880,6.53125,gb,0.03386794293444184,1,0.16727072418494973,0.10426367525993961,0.33638860614921695
mimic-11site,TSICU-care,1,4,1880,6.53125,lr,-0.01744517278364871,0,0.0648333833756664,0.09658721969689053,0.3301993645551425
mimic-11site,TSICU-care,1,4,1880,6.53125,gb,0.03800561434511196,1,0.08036676309312167,0.14614303513030433,0.2967779574091579
mimic-11site,TSICU-care,0,1,1880,6.53125,lr,0.01315204478810933,1,0.038953705011981705,-0.008583366077962923,0.327345931315312
mimic-11site,TSICU-care,0,1,1880,6.53125,gb,0.00935101639667707,1,0.16727072418494973,0.10426367525993961,0.33638860614921695
mimic-11site,TSICU-care,1,1,1880,6.53125,lr,0.012186887679213776,1,0.0648333833756664,0.09658721969689053,0.3301993645551425
mimic-11site,TSICU-care,1,1,1880,6.53125,gb,-0.006069031522541568,0,0.08036676309312167,0.14614303513030433,0.2967779574091579
mimic-11site,TSICU-care,0,2,1880,6.53125,lr,0.013638843707916237,1,0.038953705011981705,-0.008583366077962923,0.327345931315312
mimic-11site,TSICU-care,0,2,1880,6.53125,gb,0.022923037933838153,1,0.16727072418494973,0.10426367525993961,0.33638860614921695
mimic-11site,TSICU-care,1,2,1880,6.53125,lr,0.0053846716161303765,1,0.0648333833756664,0.09658721969689053,0.3301993645551425
mimic-11site,TSICU-care,1,2,1880,6.53125,gb,0.005060352314307792,1,0.08036676309312167,0.14614303513030433,0.2967779574091579
mimic-11site,TSICU-care,0,3,1880,6.53125,lr,0.018571479950660053,1,0.038953705011981705,-0.008583366077962923,0.327345931315312
mimic-11site,TSICU-care,0,3,1880,6.53125,gb,0.02684621612517407,1,0.16727072418494973,0.10426367525993961,0.33638860614921695
mimic-11site,TSICU-care,1,3,1880,6.53125,lr,0.0034958798115826695,1,0.0648333833756664,0.09658721969689053,0.3301993645551425
mimic-11site,TSICU-care,1,3,1880,6.53125,gb,0.030183558492146545,1,0.08036676309312167,0.14614303513030433,0.2967779574091579
mimic-11site,TSICU-care,0,2,1880,6.53125,lr,0.014710310483558697,1,0.038953705011981705,-0.008583366077962923,0.327345931315312
mimic-11site,TSICU-care,0,2,1880,6.53125,gb,0.01686508677902049,1,0.16727072418494973,0.10426367525993961,0.33638860614921695
mimic-11site,TSICU-care,1,2,1880,6.53125,lr,0.022864195431086143,1,0.0648333833756664,0.09658721969689053,0.3301993645551425
mimic-11site,TSICU-care,1,2,1880,6.53125,gb,0.0038977419215471265,1,0.08036676309312167,0.14614303513030433,0.2967779574091579
mimic-11site,TSICU-care,0,2,1880,6.53125,lr,0.02080063252553338,1,0.038953705011981705,-0.008583366077962923,0.327345931315312
mimic-11site,TSICU-care,0,2,1880,6.53125,gb,0.0299150958673019,1,0.16727072418494973,0.10426367525993961,0.33638860614921695
mimic-11site,TSICU-care,1,2,1880,6.53125,lr,0.03950446232106952,1,0.0648333833756664,0.09658721969689053,0.3301993645551425
mimic-11site,TSICU-care,1,2,1880,6.53125,gb,0.016090547218750417,1,0.08036676309312167,0.14614303513030433,0.2967779574091579
mimic-11site,TSICU-meta,0,4,1527,5.2,lr,0.024005592460286718,1,0.11388886162654858,0.17445148035089092,0.3769614342580209
mimic-11site,TSICU-meta,0,4,1527,5.2,gb,0.03994319800993623,1,0.09497149757400494,0.043694277369271374,0.31054518572248196
mimic-11site,TSICU-meta,1,4,1527,5.2,lr,-0.013679205351031842,0,0.02095793526378832,0.028680560693773255,0.3426888437776287
mimic-11site,TSICU-meta,1,4,1527,5.2,gb,0.011448895765109934,1,0.0024961159681233646,0.09105013238400328,0.3157134290070607
mimic-11site,TSICU-meta,0,4,1527,5.2,lr,0.0698610056806252,1,0.11388886162654858,0.17445148035089092,0.3769614342580209
mimic-11site,TSICU-meta,0,4,1527,5.2,gb,0.053066831116431346,1,0.09497149757400494,0.043694277369271374,0.31054518572248196
mimic-11site,TSICU-meta,1,4,1527,5.2,lr,-0.03260401289584819,0,0.02095793526378832,0.028680560693773255,0.3426888437776287
mimic-11site,TSICU-meta,1,4,1527,5.2,gb,0.037656260169832645,1,0.0024961159681233646,0.09105013238400328,0.3157134290070607
mimic-11site,TSICU-meta,0,2,1527,5.2,lr,0.0438710957764169,1,0.11388886162654858,0.17445148035089092,0.3769614342580209
mimic-11site,TSICU-meta,0,2,1527,5.2,gb,0.05358088069339112,1,0.09497149757400494,0.043694277369271374,0.31054518572248196
mimic-11site,TSICU-meta,1,2,1527,5.2,lr,-0.015722272155420047,0,0.02095793526378832,0.028680560693773255,0.3426888437776287
mimic-11site,TSICU-meta,1,2,1527,5.2,gb,0.03890033651372776,1,0.0024961159681233646,0.09105013238400328,0.3157134290070607
mimic-11site,TSICU-meta,0,4,1527,5.2,lr,0.06409516951787397,1,0.11388886162654858,0.17445148035089092,0.3769614342580209
mimic-11site,TSICU-meta,0,4,1527,5.2,gb,0.059860667610417584,1,0.09497149757400494,0.043694277369271374,0.31054518572248196
mimic-11site,TSICU-meta,1,4,1527,5.2,lr,0.005612176388393841,1,0.02095793526378832,0.028680560693773255,0.3426888437776287
mimic-11site,TSICU-meta,1,4,1527,5.2,gb,0.05759572153545295,1,0.0024961159681233646,0.09105013238400328,0.3157134290070607
mimic-11site,TSICU-meta,0,3,1527,5.2,lr,0.05432964346533131,1,0.11388886162654858,0.17445148035089092,0.3769614342580209
mimic-11site,TSICU-meta,0,3,1527,5.2,gb,0.0689473009565294,1,0.09497149757400494,0.043694277369271374,0.31054518572248196
mimic-11site,TSICU-meta,1,3,1527,5.2,lr,-0.005010766519564891,0,0.02095793526378832,0.028680560693773255,0.3426888437776287
mimic-11site,TSICU-meta,1,3,1527,5.2,gb,0.03664353071326448,1,0.0024961159681233646,0.09105013238400328,0.3157134290070607
mimic-11site,TSICU-meta,0,2,1527,5.2,lr,0.06965499368338773,1,0.11388886162654858,0.17445148035089092,0.3769614342580209
mimic-11site,TSICU-meta,0,2,1527,5.2,gb,0.07953899414603421,1,0.09497149757400494,0.043694277369271374,0.31054518572248196
mimic-11site,TSICU-meta,1,2,1527,5.2,lr,0.001866710319695708,1,0.02095793526378832,0.028680560693773255,0.3426888437776287
mimic-11site,TSICU-meta,1,2,1527,5.2,gb,0.038720040137704304,1,0.0024961159681233646,0.09105013238400328,0.3157134290070607
mimic-11site,TSICU-meta,0,3,1527,5.2,lr,0.07476691059609558,1,0.11388886162654858,0.17445148035089092,0.3769614342580209
mimic-11site,TSICU-meta,0,3,1527,5.2,gb,0.10515383844952947,1,0.09497149757400494,0.043694277369271374,0.31054518572248196
mimic-11site,TSICU-meta,1,3,1527,5.2,lr,0.0038780855495542665,1,0.02095793526378832,0.028680560693773255,0.3426888437776287
mimic-11site,TSICU-meta,1,3,1527,5.2,gb,0.05593853461613263,1,0.0024961159681233646,0.09105013238400328,0.3157134290070607
mimic-11site,TSICU-meta,0,3,1527,5.2,lr,0.07863211979527623,1,0.11388886162654858,0.17445148035089092,0.3769614342580209
mimic-11site,TSICU-meta,0,3,1527,5.2,gb,0.07546809593470472,1,0.09497149757400494,0.043694277369271374,0.31054518572248196
mimic-11site,TSICU-meta,1,3,1527,5.2,lr,0.020699387289805637,1,0.02095793526378832,0.028680560693773255,0.3426888437776287
mimic-11site,TSICU-meta,1,3,1527,5.2,gb,0.027633101078816724,1,0.0024961159681233646,0.09105013238400328,0.3157134290070607
mimic4-9site,Cardiac Vascular Intensive Care Unit (CVICU),0,4,8420,7.222222222222222,lr,-0.019722702815982762,0,0.009129147946290085,0.06558048914279632,0.33751999710778735
mimic4-9site,Cardiac Vascular Intensive Care Unit (CVICU),0,4,8420,7.222222222222222,gb,-0.005531981011828613,0,0.10459310708100604,0.17920286810471747,0.3555604061668379
mimic4-9site,Cardiac Vascular Intensive Care Unit (CVICU),1,4,8420,7.222222222222222,lr,-0.01184815398085165,0,-0.0068873105168460414,-0.012078254599258131,0.310170425099376
mimic4-9site,Cardiac Vascular Intensive Care Unit (CVICU),1,4,8420,7.222222222222222,gb,-0.03185875862274773,0,-0.020339008382944893,0.11762413159941458,0.30784109279011845
mimic4-9site,Cardiac Vascular Intensive Care Unit (CVICU),0,3,8420,7.222222222222222,lr,0.022953816072578237,1,0.009129147946290085,0.06558048914279632,0.33751999710778735
mimic4-9site,Cardiac Vascular Intensive Care Unit (CVICU),0,3,8420,7.222222222222222,gb,0.01850393413630308,1,0.10459310708100604,0.17920286810471747,0.3555604061668379
mimic4-9site,Cardiac Vascular Intensive Care Unit (CVICU),1,3,8420,7.222222222222222,lr,0.018993560570940204,1,-0.0068873105168460414,-0.012078254599258131,0.310170425099376
mimic4-9site,Cardiac Vascular Intensive Care Unit (CVICU),1,3,8420,7.222222222222222,gb,-0.008010227010943172,0,-0.020339008382944893,0.11762413159941458,0.30784109279011845
mimic4-9site,Cardiac Vascular Intensive Care Unit (CVICU),0,4,8420,7.222222222222222,lr,-0.025335773790968796,0,0.009129147946290085,0.06558048914279632,0.33751999710778735
mimic4-9site,Cardiac Vascular Intensive Care Unit (CVICU),0,4,8420,7.222222222222222,gb,-0.007608601882512778,0,0.10459310708100604,0.17920286810471747,0.3555604061668379
mimic4-9site,Cardiac Vascular Intensive Care Unit (CVICU),1,4,8420,7.222222222222222,lr,-0.0068237910206716546,0,-0.0068873105168460414,-0.012078254599258131,0.310170425099376
mimic4-9site,Cardiac Vascular Intensive Care Unit (CVICU),1,4,8420,7.222222222222222,gb,-0.030662179366870435,0,-0.020339008382944893,0.11762413159941458,0.30784109279011845
mimic4-9site,Cardiac Vascular Intensive Care Unit (CVICU),0,1,8420,7.222222222222222,lr,0.011535017049629503,1,0.009129147946290085,0.06558048914279632,0.33751999710778735
mimic4-9site,Cardiac Vascular Intensive Care Unit (CVICU),0,1,8420,7.222222222222222,gb,0.011863299775213942,1,0.10459310708100604,0.17920286810471747,0.3555604061668379
mimic4-9site,Cardiac Vascular Intensive Care Unit (CVICU),1,1,8420,7.222222222222222,lr,-0.00861774382945224,0,-0.0068873105168460414,-0.012078254599258131,0.310170425099376
mimic4-9site,Cardiac Vascular Intensive Care Unit (CVICU),1,1,8420,7.222222222222222,gb,-0.0032582988911339927,0,-0.020339008382944893,0.11762413159941458,0.30784109279011845
mimic4-9site,Cardiac Vascular Intensive Care Unit (CVICU),0,2,8420,7.222222222222222,lr,0.007438667149809841,1,0.009129147946290085,0.06558048914279632,0.33751999710778735
mimic4-9site,Cardiac Vascular Intensive Care Unit (CVICU),0,2,8420,7.222222222222222,gb,0.0005196353312944546,1,0.10459310708100604,0.17920286810471747,0.3555604061668379
mimic4-9site,Cardiac Vascular Intensive Care Unit (CVICU),1,2,8420,7.222222222222222,lr,-0.02633017645829322,0,-0.0068873105168460414,-0.012078254599258131,0.310170425099376
mimic4-9site,Cardiac Vascular Intensive Care Unit (CVICU),1,2,8420,7.222222222222222,gb,-0.008871701803535526,0,-0.020339008382944893,0.11762413159941458,0.30784109279011845
mimic4-9site,Cardiac Vascular Intensive Care Unit (CVICU),0,3,8420,7.222222222222222,lr,0.030835006846198054,1,0.009129147946290085,0.06558048914279632,0.33751999710778735
mimic4-9site,Cardiac Vascular Intensive Care Unit (CVICU),0,3,8420,7.222222222222222,gb,-0.04482949100683947,0,0.10459310708100604,0.17920286810471747,0.3555604061668379
mimic4-9site,Cardiac Vascular Intensive Care Unit (CVICU),1,3,8420,7.222222222222222,lr,0.0002967717072026588,1,-0.0068873105168460414,-0.012078254599258131,0.310170425099376
mimic4-9site,Cardiac Vascular Intensive Care Unit (CVICU),1,3,8420,7.222222222222222,gb,-0.0687326598067517,0,-0.020339008382944893,0.11762413159941458,0.30784109279011845
mimic4-9site,Cardiac Vascular Intensive Care Unit (CVICU),0,3,8420,7.222222222222222,lr,0.028048986541919674,1,0.009129147946290085,0.06558048914279632,0.33751999710778735
mimic4-9site,Cardiac Vascular Intensive Care Unit (CVICU),0,3,8420,7.222222222222222,gb,-0.007637564628197091,0,0.10459310708100604,0.17920286810471747,0.3555604061668379
mimic4-9site,Cardiac Vascular Intensive Care Unit (CVICU),1,3,8420,7.222222222222222,lr,-0.006018138688237529,0,-0.0068873105168460414,-0.012078254599258131,0.310170425099376
mimic4-9site,Cardiac Vascular Intensive Care Unit (CVICU),1,3,8420,7.222222222222222,gb,-0.026148535799166817,0,-0.020339008382944893,0.11762413159941458,0.30784109279011845
mimic4-9site,Cardiac Vascular Intensive Care Unit (CVICU),0,1,8420,7.222222222222222,lr,0.021861051688127853,1,0.009129147946290085,0.06558048914279632,0.33751999710778735
mimic4-9site,Cardiac Vascular Intensive Care Unit (CVICU),0,1,8420,7.222222222222222,gb,-0.026151609751174754,0,0.10459310708100604,0.17920286810471747,0.3555604061668379
mimic4-9site,Cardiac Vascular Intensive Care Unit (CVICU),1,1,8420,7.222222222222222,lr,0.01971849666636949,1,-0.0068873105168460414,-0.012078254599258131,0.310170425099376
mimic4-9site,Cardiac Vascular Intensive Care Unit (CVICU),1,1,8420,7.222222222222222,gb,-0.04317996938166163,0,-0.020339008382944893,0.11762413159941458,0.30784109279011845
mimic4-9site,Coronary Care Unit (CCU),0,1,5371,19.970588235294116,lr,-0.011668829892867494,0,0.0016015044432774858,0.07007495331132885,0.4343310087656693
mimic4-9site,Coronary Care Unit (CCU),0,1,5371,19.970588235294116,gb,-0.004834761389605369,0,-0.0033497168979590565,0.031563552800118785,0.44732918717549824
mimic4-9site,Coronary Care Unit (CCU),1,1,5371,19.970588235294116,lr,0.011875276823169634,1,-0.006975100559121349,0.008499747065587804,0.4208116436605583
mimic4-9site,Coronary Care Unit (CCU),1,1,5371,19.970588235294116,gb,0.03259721801345555,1,-0.012615942370614265,0.009261767737681604,0.4259286317247511
mimic4-9site,Coronary Care Unit (CCU),0,3,5371,19.970588235294116,lr,-0.11343717270126524,0,0.0016015044432774858,0.07007495331132885,0.4343310087656693
mimic4-9site,Coronary Care Unit (CCU),0,3,5371,19.970588235294116,gb,0.003923101628007297,1,-0.0033497168979590565,0.031563552800118785,0.44732918717549824
mimic4-9site,Coronary Care Unit (CCU),1,3,5371,19.970588235294116,lr,-0.05658416512673897,0,-0.006975100559121349,0.008499747065587804,0.4208116436605583
mimic4-9site,Coronary Care Unit (CCU),1,3,5371,19.970588235294116,gb,0.012706812797227296,1,-0.012615942370614265,0.009261767737681604,0.4259286317247511
mimic4-9site,Coronary Care Unit (CCU),0,4,5371,19.970588235294116,lr,-0.08591211258555398,0,0.0016015044432774858,0.07007495331132885,0.4343310087656693
mimic4-9site,Coronary Care Unit (CCU),0,4,5371,19.970588235294116,gb,-0.010992996327755633,0,-0.0033497168979590565,0.031563552800118785,0.44732918717549824
mimic4-9site,Coronary Care Unit (CCU),1,4,5371,19.970588235294116,lr,-0.058955397480899785,0,-0.006975100559121349,0.008499747065587804,0.4208116436605583
mimic4-9site,Coronary Care Unit (CCU),1,4,5371,19.970588235294116,gb,0.02399332958851841,1,-0.012615942370614265,0.009261767737681604,0.4259286317247511
mimic4-9site,Coronary Care Unit (CCU),0,4,5371,19.970588235294116,lr,-0.06023796456129915,0,0.0016015044432774858,0.07007495331132885,0.4343310087656693
mimic4-9site,Coronary Care Unit (CCU),0,4,5371,19.970588235294116,gb,-0.01253612085054584,0,-0.0033497168979590565,0.031563552800118785,0.44732918717549824
mimic4-9site,Coronary Care Unit (CCU),1,4,5371,19.970588235294116,lr,-0.04843326603321668,0,-0.006975100559121349,0.008499747065587804,0.4208116436605583
mimic4-9site,Coronary Care Unit (CCU),1,4,5371,19.970588235294116,gb,0.02961859436884795,1,-0.012615942370614265,0.009261767737681604,0.4259286317247511
mimic4-9site,Coronary Care Unit (CCU),0,2,5371,19.970588235294116,lr,-0.04355680894388936,0,0.0016015044432774858,0.07007495331132885,0.4343310087656693
mimic4-9site,Coronary Care Unit (CCU),0,2,5371,19.970588235294116,gb,0.0004468108842354823,1,-0.0033497168979590565,0.031563552800118785,0.44732918717549824
mimic4-9site,Coronary Care Unit (CCU),1,2,5371,19.970588235294116,lr,-0.04807527043287929,0,-0.006975100559121349,0.008499747065587804,0.4208116436605583
mimic4-9site,Coronary Care Unit (CCU),1,2,5371,19.970588235294116,gb,0.013783700232833263,1,-0.012615942370614265,0.009261767737681604,0.4259286317247511
mimic4-9site,Coronary Care Unit (CCU),0,1,5371,19.970588235294116,lr,-0.004630423378961024,0,0.0016015044432774858,0.07007495331132885,0.4343310087656693
mimic4-9site,Coronary Care Unit (CCU),0,1,5371,19.970588235294116,gb,-0.025860114172527038,0,-0.0033497168979590565,0.031563552800118785,0.44732918717549824
mimic4-9site,Coronary Care Unit (CCU),1,1,5371,19.970588235294116,lr,-0.009145445271933061,0,-0.006975100559121349,0.008499747065587804,0.4208116436605583
mimic4-9site,Coronary Care Unit (CCU),1,1,5371,19.970588235294116,gb,-0.011069299586970172,0,-0.012615942370614265,0.009261767737681604,0.4259286317247511
mimic4-9site,Coronary Care Unit (CCU),0,2,5371,19.970588235294116,lr,-0.0208548187750372,0,0.0016015044432774858,0.07007495331132885,0.4343310087656693
mimic4-9site,Coronary Care Unit (CCU),0,2,5371,19.970588235294116,gb,0.0022806477254527224,1,-0.0033497168979590565,0.031563552800118785,0.44732918717549824
mimic4-9site,Coronary Care Unit (CCU),1,2,5371,19.970588235294116,lr,-0.023374811617589697,0,-0.006975100559121349,0.008499747065587804,0.4208116436605583
mimic4-9site,Coronary Care Unit (CCU),1,2,5371,19.970588235294116,gb,0.026449616944303644,1,-0.012615942370614265,0.009261767737681604,0.4259286317247511
mimic4-9site,Coronary Care Unit (CCU),0,1,5371,19.970588235294116,lr,-0.008931921966790768,0,0.0016015044432774858,0.07007495331132885,0.4343310087656693
mimic4-9site,Coronary Care Unit (CCU),0,1,5371,19.970588235294116,gb,0.0034815950759825576,1,-0.0033497168979590565,0.031563552800118785,0.44732918717549824
mimic4-9site,Coronary Care Unit (CCU),1,1,5371,19.970588235294116,lr,-0.011096379527847255,0,-0.006975100559121349,0.008499747065587804,0.4208116436605583
mimic4-9site,Coronary Care Unit (CCU),1,1,5371,19.970588235294116,gb,0.01395330906348674,1,-0.012615942370614265,0.009261767737681604,0.4259286317247511
mimic4-9site,Medical Intensive Care Unit (MICU),0,3,9732,46.14705882352941,lr,-0.024075205498870378,0,0.006287215177477318,-0.006646528870971702,0.4320673557812942
mimic4-9site,Medical Intensive Care Unit (MICU),0,3,9732,46.14705882352941,gb,-0.0012217936127598694,0,0.021852732884865597,0.04984340762788305,0.48693335904485563
mimic4-9site,Medical Intensive Care Unit (MICU),1,3,9732,46.14705882352941,lr,-0.01259421823052237,0,0.010473781093819311,0.026912975051396983,0.43717798879798603
mimic4-9site,Medical Intensive Care Unit (MICU),1,3,9732,46.14705882352941,gb,-0.00619767742620303,0,-0.007304416917420627,0.02248117450640381,0.4647683754060153
mimic4-9site,Medical Intensive Care Unit (MICU),0,4,9732,46.14705882352941,lr,-0.05274931087729756,0,0.006287215177477318,-0.006646528870971702,0.4320673557812942
mimic4-9site,Medical Intensive Care Unit (MICU),0,4,9732,46.14705882352941,gb,-0.022694470007439682,0,0.021852732884865597,0.04984340762788305,0.48693335904485563
mimic4-9site,Medical Intensive Care Unit (MICU),1,4,9732,46.14705882352941,lr,-0.04471167262590636,0,0.010473781093819311,0.026912975051396983,0.43717798879798603
mimic4-9site,Medical Intensive Care Unit (MICU),1,4,9732,46.14705882352941,gb,-0.029924032677751344,0,-0.007304416917420627,0.02248117450640381,0.4647683754060153
mimic4-9site,Medical Intensive Care Unit (MICU),0,3,9732,46.14705882352941,lr,-0.005617511881816806,0,0.006287215177477318,-0.006646528870971702,0.4320673557812942
mimic4-9site,Medical Intensive Care Unit (MICU),0,3,9732,46.14705882352941,gb,0.007287748448997267,1,0.021852732884865597,0.04984340762788305,0.48693335904485563
mimic4-9site,Medical Intensive Care Unit (MICU),1,3,9732,46.14705882352941,lr,0.005816852258956506,1,0.010473781093819311,0.026912975051396983,0.43717798879798603
mimic4-9site,Medical Intensive Care Unit (MICU),1,3,9732,46.14705882352941,gb,-0.0036646415981881897,0,-0.007304416917420627,0.02248117450640381,0.4647683754060153
mimic4-9site,Medical Intensive Care Unit (MICU),0,3,9732,46.14705882352941,lr,-0.0586078812851461,0,0.006287215177477318,-0.006646528870971702,0.4320673557812942
mimic4-9site,Medical Intensive Care Unit (MICU),0,3,9732,46.14705882352941,gb,0.0031647865496917116,1,0.021852732884865597,0.04984340762788305,0.48693335904485563
mimic4-9site,Medical Intensive Care Unit (MICU),1,3,9732,46.14705882352941,lr,-0.04117731280709208,0,0.010473781093819311,0.026912975051396983,0.43717798879798603
mimic4-9site,Medical Intensive Care Unit (MICU),1,3,9732,46.14705882352941,gb,-0.008320930051490316,0,-0.007304416917420627,0.02248117450640381,0.4647683754060153
mimic4-9site,Medical Intensive Care Unit (MICU),0,3,9732,46.14705882352941,lr,-0.04939695937750338,0,0.006287215177477318,-0.006646528870971702,0.4320673557812942
mimic4-9site,Medical Intensive Care Unit (MICU),0,3,9732,46.14705882352941,gb,0.004108749800930178,1,0.021852732884865597,0.04984340762788305,0.48693335904485563
mimic4-9site,Medical Intensive Care Unit (MICU),1,3,9732,46.14705882352941,lr,-0.07935176594497412,0,0.010473781093819311,0.026912975051396983,0.43717798879798603
mimic4-9site,Medical Intensive Care Unit (MICU),1,3,9732,46.14705882352941,gb,0.007587050816078356,1,-0.007304416917420627,0.02248117450640381,0.4647683754060153
mimic4-9site,Medical Intensive Care Unit (MICU),0,2,9732,46.14705882352941,lr,-0.06781667979155742,0,0.006287215177477318,-0.006646528870971702,0.4320673557812942
mimic4-9site,Medical Intensive Care Unit (MICU),0,2,9732,46.14705882352941,gb,-0.018587221212040705,0,0.021852732884865597,0.04984340762788305,0.48693335904485563
mimic4-9site,Medical Intensive Care Unit (MICU),1,2,9732,46.14705882352941,lr,-0.043215202674590725,0,0.010473781093819311,0.026912975051396983,0.43717798879798603
mimic4-9site,Medical Intensive Care Unit (MICU),1,2,9732,46.14705882352941,gb,-0.010426076724106503,0,-0.007304416917420627,0.02248117450640381,0.4647683754060153
mimic4-9site,Medical Intensive Care Unit (MICU),0,4,9732,46.14705882352941,lr,-0.06393055929038283,0,0.006287215177477318,-0.006646528870971702,0.4320673557812942
mimic4-9site,Medical Intensive Care Unit (MICU),0,4,9732,46.14705882352941,gb,-0.002122064275889457,0,0.021852732884865597,0.04984340762788305,0.48693335904485563
mimic4-9site,Medical Intensive Care Unit (MICU),1,4,9732,46.14705882352941,lr,-0.0369462748334185,0,0.010473781093819311,0.026912975051396983,0.43717798879798603
mimic4-9site,Medical Intensive Care Unit (MICU),1,4,9732,46.14705882352941,gb,-0.00259326198110138,0,-0.007304416917420627,0.02248117450640381,0.4647683754060153
mimic4-9site,Medical Intensive Care Unit (MICU),0,2,9732,46.14705882352941,lr,-0.010435940569057722,0,0.006287215177477318,-0.006646528870971702,0.4320673557812942
mimic4-9site,Medical Intensive Care Unit (MICU),0,2,9732,46.14705882352941,gb,0.0022084380824423655,1,0.021852732884865597,0.04984340762788305,0.48693335904485563
mimic4-9site,Medical Intensive Care Unit (MICU),1,2,9732,46.14705882352941,lr,0.0032893756533661223,1,0.010473781093819311,0.026912975051396983,0.43717798879798603
mimic4-9site,Medical Intensive Care Unit (MICU),1,2,9732,46.14705882352941,gb,-0.007666860245360674,0,-0.007304416917420627,0.02248117450640381,0.4647683754060153
mimic4-9site,Medical/Surgical Intensive Care Unit (MICU/SICU),0,4,7353,32.294117647058826,lr,-0.009274691363384269,0,0.014155834766559388,0.018061627021286858,0.37740858993336196
mimic4-9site,Medical/Surgical Intensive Care Unit (MICU/SICU),0,4,7353,32.294117647058826,gb,-0.05233421154736617,0,0.02177432994963028,0.0217745761221198,0.42771503417439466
mimic4-9site,Medical/Surgical Intensive Care Unit (MICU/SICU),1,4,7353,32.294117647058826,lr,-0.051832917095319564,0,-0.004691106163158954,0.018671728245480624,0.38112647669052135
mimic4-9site,Medical/Surgical Intensive Care Unit (MICU/SICU),1,4,7353,32.294117647058826,gb,-0.0019166668212516336,0,0.030153431493026968,0.08606652027005685,0.4492197633931112
mimic4-9site,Medical/Surgical Intensive Care Unit (MICU/SICU),0,2,7353,32.294117647058826,lr,-0.011045851438429288,0,0.014155834766559388,0.018061627021286858,0.37740858993336196
mimic4-9site,Medical/Surgical Intensive Care Unit (MICU/SICU),0,2,7353,32.294117647058826,gb,-0.029942849080452916,0,0.02177432994963028,0.0217745761221198,0.42771503417439466
mimic4-9site,Medical/Surgical Intensive Care Unit (MICU/SICU),1,2,7353,32.294117647058826,lr,0.0007951855760618964,1,-0.004691106163158954,0.018671728245480624,0.38112647669052135
mimic4-9site,Medical/Surgical Intensive Care Unit (MICU/SICU),1,2,7353,32.294117647058826,gb,-0.01274557459600717,0,0.030153431493026968,0.08606652027005685,0.4492197633931112
mimic4-9site,Medical/Surgical Intensive Care Unit (MICU/SICU),0,4,7353,32.294117647058826,lr,-0.07783341396829813,0,0.014155834766559388,0.018061627021286858,0.37740858993336196
mimic4-9site,Medical/Surgical Intensive Care Unit (MICU/SICU),0,4,7353,32.294117647058826,gb,-0.02468166218371254,0,0.02177432994963028,0.0217745761221198,0.42771503417439466
mimic4-9site,Medical/Surgical Intensive Care Unit (MICU/SICU),1,4,7353,32.294117647058826,lr,-0.057804951433782004,0,-0.004691106163158954,0.018671728245480624,0.38112647669052135
mimic4-9site,Medical/Surgical Intensive Care Unit (MICU/SICU),1,4,7353,32.294117647058826,gb,-0.0033194850805615683,0,0.030153431493026968,0.08606652027005685,0.4492197633931112
mimic4-9site,Medical/Surgical Intensive Care Unit (MICU/SICU),0,3,7353,32.294117647058826,lr,-0.07944151840126656,0,0.014155834766559388,0.018061627021286858,0.37740858993336196
mimic4-9site,Medical/Surgical Intensive Care Unit (MICU/SICU),0,3,7353,32.294117647058826,gb,-0.017504071432480728,0,0.02177432994963028,0.0217745761221198,0.42771503417439466
mimic4-9site,Medical/Surgical Intensive Care Unit (MICU/SICU),1,3,7353,32.294117647058826,lr,-0.051765703110659145,0,-0.004691106163158954,0.018671728245480624,0.38112647669052135
mimic4-9site,Medical/Surgical Intensive Care Unit (MICU/SICU),1,3,7353,32.294117647058826,gb,-0.004693634399895785,0,0.030153431493026968,0.08606652027005685,0.4492197633931112
mimic4-9site,Medical/Surgical Intensive Care Unit (MICU/SICU),0,4,7353,32.294117647058826,lr,-0.08077103625093635,0,0.014155834766559388,0.018061627021286858,0.37740858993336196
mimic4-9site,Medical/Surgical Intensive Care Unit (MICU/SICU),0,4,7353,32.294117647058826,gb,-0.027501364727581412,0,0.02177432994963028,0.0217745761221198,0.42771503417439466
mimic4-9site,Medical/Surgical Intensive Care Unit (MICU/SICU),1,4,7353,32.294117647058826,lr,-0.05076078568227166,0,-0.004691106163158954,0.018671728245480624,0.38112647669052135
mimic4-9site,Medical/Surgical Intensive Care Unit (MICU/SICU),1,4,7353,32.294117647058826,gb,0.0035492583443172965,1,0.030153431493026968,0.08606652027005685,0.4492197633931112
mimic4-9site,Medical/Surgical Intensive Care Unit (MICU/SICU),0,1,7353,32.294117647058826,lr,-0.06901962646951065,0,0.014155834766559388,0.018061627021286858,0.37740858993336196
mimic4-9site,Medical/Surgical Intensive Care Unit (MICU/SICU),0,1,7353,32.294117647058826,gb,-0.008106910597015626,0,0.02177432994963028,0.0217745761221198,0.42771503417439466
mimic4-9site,Medical/Surgical Intensive Care Unit (MICU/SICU),1,1,7353,32.294117647058826,lr,-0.05449875330621218,0,-0.004691106163158954,0.018671728245480624,0.38112647669052135
mimic4-9site,Medical/Surgical Intensive Care Unit (MICU/SICU),1,1,7353,32.294117647058826,gb,-0.0002108435784927143,0,0.030153431493026968,0.08606652027005685,0.4492197633931112
mimic4-9site,Medical/Surgical Intensive Care Unit (MICU/SICU),0,3,7353,32.294117647058826,lr,-0.052755182851002114,0,0.014155834766559388,0.018061627021286858,0.37740858993336196
mimic4-9site,Medical/Surgical Intensive Care Unit (MICU/SICU),0,3,7353,32.294117647058826,gb,-0.04339599595668958,0,0.02177432994963028,0.0217745761221198,0.42771503417439466
mimic4-9site,Medical/Surgical Intensive Care Unit (MICU/SICU),1,3,7353,32.294117647058826,lr,-0.042470882638141805,0,-0.004691106163158954,0.018671728245480624,0.38112647669052135
mimic4-9site,Medical/Surgical Intensive Care Unit (MICU/SICU),1,3,7353,32.294117647058826,gb,-0.005238357445466912,0,0.030153431493026968,0.08606652027005685,0.4492197633931112
mimic4-9site,Neuro Intermediate,0,4,3138,2.103448275862069,lr,-0.0385344216244809,0,-0.0759935890641704,0.055650875057482195,0.07794903863289493
mimic4-9site,Neuro Intermediate,0,4,3138,2.103448275862069,gb,0.025103018328000826,1,0.2663364934093885,-0.08596271063395698,0.07336170629625538
mimic4-9site,Neuro Intermediate,1,4,3138,2.103448275862069,lr,-0.02834595986180835,0,-0.01684169265773169,-0.09257169162411841,0.09255418067425951
mimic4-9site,Neuro Intermediate,1,4,3138,2.103448275862069,gb,0.03911645833860315,1,-0.47249536196807806,0.11886769635647305,0.07349513965128569
mimic4-9site,Neuro Intermediate,0,3,3138,2.103448275862069,lr,-0.024536342719816334,0,-0.0759935890641704,0.055650875057482195,0.07794903863289493
mimic4-9site,Neuro Intermediate,0,3,3138,2.103448275862069,gb,0.0216324263619542,1,0.2663364934093885,-0.08596271063395698,0.07336170629625538
mimic4-9site,Neuro Intermediate,1,3,3138,2.103448275862069,lr,-0.03331314074314502,0,-0.01684169265773169,-0.09257169162411841,0.09255418067425951
mimic4-9site,Neuro Intermediate,1,3,3138,2.103448275862069,gb,0.006213829014276001,1,-0.47249536196807806,0.11886769635647305,0.07349513965128569
mimic4-9site,Neuro Intermediate,0,4,3138,2.103448275862069,lr,-0.02544371109622888,0,-0.0759935890641704,0.055650875057482195,0.07794903863289493
mimic4-9site,Neuro Intermediate,0,4,3138,2.103448275862069,gb,0.03565062420190343,1,0.2663364934093885,-0.08596271063395698,0.07336170629625538
mimic4-9site,Neuro Intermediate,1,4,3138,2.103448275862069,lr,-0.024424955637848175,0,-0.01684169265773169,-0.09257169162411841,0.09255418067425951
mimic4-9site,Neuro Intermediate,1,4,3138,2.103448275862069,gb,0.05232312456877221,1,-0.47249536196807806,0.11886769635647305,0.07349513965128569
mimic4-9site,Neuro Intermediate,0,2,3138,2.103448275862069,lr,-0.007943865954412113,0,-0.0759935890641704,0.055650875057482195,0.07794903863289493
mimic4-9site,Neuro Intermediate,0,2,3138,2.103448275862069,gb,0.030416448594322826,1,0.2663364934093885,-0.08596271063395698,0.07336170629625538
mimic4-9site,Neuro Intermediate,1,2,3138,2.103448275862069,lr,0.0032642572029382144,1,-0.01684169265773169,-0.09257169162411841,0.09255418067425951
mimic4-9site,Neuro Intermediate,1,2,3138,2.103448275862069,gb,0.005738847405617364,1,-0.47249536196807806,0.11886769635647305,0.07349513965128569
mimic4-9site,Neuro Intermediate,0,2,3138,2.103448275862069,lr,-0.02520225682097829,0,-0.0759935890641704,0.055650875057482195,0.07794903863289493
mimic4-9site,Neuro Intermediate,0,2,3138,2.103448275862069,gb,0.0332528641777383,1,0.2663364934093885,-0.08596271063395698,0.07336170629625538
mimic4-9site,Neuro Intermediate,1,2,3138,2.103448275862069,lr,-0.023153682045922025,0,-0.01684169265773169,-0.09257169162411841,0.09255418067425951
mimic4-9site,Neuro Intermediate,1,2,3138,2.103448275862069,gb,0.0910146436620458,1,-0.47249536196807806,0.11886769635647305,0.07349513965128569
mimic4-9site,Neuro Intermediate,0,2,3138,2.103448275862069,lr,-0.005810340571049261,0,-0.0759935890641704,0.055650875057482195,0.07794903863289493
mimic4-9site,Neuro Intermediate,0,2,3138,2.103448275862069,gb,0.0417891175923851,1,0.2663364934093885,-0.08596271063395698,0.07336170629625538
mimic4-9site,Neuro Intermediate,1,2,3138,2.103448275862069,lr,-0.008871285879776772,0,-0.01684169265773169,-0.09257169162411841,0.09255418067425951
mimic4-9site,Neuro Intermediate,1,2,3138,2.103448275862069,gb,0.0015063118598036968,1,-0.47249536196807806,0.11886769635647305,0.07349513965128569
mimic4-9site,Neuro Intermediate,0,1,3138,2.103448275862069,lr,-0.022193026686981823,0,-0.0759935890641704,0.055650875057482195,0.07794903863289493
mimic4-9site,Neuro Intermediate,0,1,3138,2.103448275862069,gb,0.04312030343374332,1,0.2663364934093885,-0.08596271063395698,0.07336170629625538
mimic4-9site,Neuro Intermediate,1,1,3138,2.103448275862069,lr,-0.021579321328462853,0,-0.01684169265773169,-0.09257169162411841,0.09255418067425951
mimic4-9site,Neuro Intermediate,1,1,3138,2.103448275862069,gb,0.09779812197444342,1,-0.47249536196807806,0.11886769635647305,0.07349513965128569
mimic4-9site,Neuro Stepdown,0,4,698,0.5172413793103449,lr,0.052006313943221416,1,0.3482297834196423,0.5775763554101275,0.24589902611352757
mimic4-9site,Neuro Stepdown,0,4,698,0.5172413793103449,gb,-0.34869028318442247,0,-0.452515121619391,-0.7985712788552889,0.12485694490419848
mimic4-9site,Neuro Stepdown,1,4,698,0.5172413793103449,lr,0.022550954521811245,1,0.1433993612224369,0.3311360517800341,0.1481271343717326
mimic4-9site,Neuro Stepdown,1,4,698,0.5172413793103449,gb,-0.04808478364302443,0,0.381270107633381,0.34039496881306114,0.29130197776349254
mimic4-9site,Neuro Stepdown,0,3,698,0.5172413793103449,lr,-0.050285013639595755,0,0.3482297834196423,0.5775763554101275,0.24589902611352757
mimic4-9site,Neuro Stepdown,0,3,698,0.5172413793103449,gb,-0.2939052865014484,0,-0.452515121619391,-0.7985712788552889,0.12485694490419848
mimic4-9site,Neuro Stepdown,1,3,698,0.5172413793103449,lr,-0.01786609344180226,0,0.1433993612224369,0.3311360517800341,0.1481271343717326
mimic4-9site,Neuro Stepdown,1,3,698,0.5172413793103449,gb,-0.022986173749355673,0,0.381270107633381,0.34039496881306114,0.29130197776349254
mimic4-9site,Neuro Stepdown,0,3,698,0.5172413793103449,lr,-0.025364506849029328,0,0.3482297834196423,0.5775763554101275,0.24589902611352757
mimic4-9site,Neuro Stepdown,0,3,698,0.5172413793103449,gb,-0.3278786849073365,0,-0.452515121619391,-0.7985712788552889,0.12485694490419848
mimic4-9site,Neuro Stepdown,1,3,698,0.5172413793103449,lr,-0.0018269448757095852,0,0.1433993612224369,0.3311360517800341,0.1481271343717326
mimic4-9site,Neuro Stepdown,1,3,698,0.5172413793103449,gb,-0.029514066548487268,0,0.381270107633381,0.34039496881306114,0.29130197776349254
mimic4-9site,Neuro Stepdown,0,3,698,0.5172413793103449,lr,0.013347691868736744,1,0.3482297834196423,0.5775763554101275,0.24589902611352757
mimic4-9site,Neuro Stepdown,0,3,698,0.5172413793103449,gb,-0.3435096432500522,0,-0.452515121619391,-0.7985712788552889,0.12485694490419848
mimic4-9site,Neuro Stepdown,1,3,698,0.5172413793103449,lr,-0.00845437467507805,0,0.1433993612224369,0.3311360517800341,0.1481271343717326
mimic4-9site,Neuro Stepdown,1,3,698,0.5172413793103449,gb,-0.03945057834445044,0,0.381270107633381,0.34039496881306114,0.29130197776349254
mimic4-9site,Neuro Stepdown,0,4,698,0.5172413793103449,lr,0.016238477983192112,1,0.3482297834196423,0.5775763554101275,0.24589902611352757
mimic4-9site,Neuro Stepdown,0,4,698,0.5172413793103449,gb,-0.3210520050998651,0,-0.452515121619391,-0.7985712788552889,0.12485694490419848
mimic4-9site,Neuro Stepdown,1,4,698,0.5172413793103449,lr,-0.011442339820231476,0,0.1433993612224369,0.3311360517800341,0.1481271343717326
mimic4-9site,Neuro Stepdown,1,4,698,0.5172413793103449,gb,-0.04144393025894058,0,0.381270107633381,0.34039496881306114,0.29130197776349254
mimic4-9site,Neuro Stepdown,0,1,698,0.5172413793103449,lr,-0.035002851761836346,0,0.3482297834196423,0.5775763554101275,0.24589902611352757
mimic4-9site,Neuro Stepdown,0,1,698,0.5172413793103449,gb,-0.13991333102622727,0,-0.452515121619391,-0.7985712788552889,0.12485694490419848
mimic4-9site,Neuro Stepdown,1,1,698,0.5172413793103449,lr,0.06760519130631285,1,0.1433993612224369,0.3311360517800341,0.1481271343717326
mimic4-9site,Neuro Stepdown,1,1,698,0.5172413793103449,gb,-0.005182884652172551,0,0.381270107633381,0.34039496881306114,0.29130197776349254
mimic4-9site,Neuro Stepdown,0,1,698,0.5172413793103449,lr,0.12061210866385569,1,0.3482297834196423,0.5775763554101275,0.24589902611352757
mimic4-9site,Neuro Stepdown,0,1,698,0.5172413793103449,gb,-0.2516164844763381,0,-0.452515121619391,-0.7985712788552889,0.12485694490419848
mimic4-9site,Neuro Stepdown,1,1,698,0.5172413793103449,lr,0.046606844187436935,1,0.1433993612224369,0.3311360517800341,0.1481271343717326
mimic4-9site,Neuro Stepdown,1,1,698,0.5172413793103449,gb,0.11892788001248486,1,0.381270107633381,0.34039496881306114,0.29130197776349254
mimic4-9site,Neuro Surgical Intensive Care Unit (Neuro SICU),0,1,946,7.027027027027027,lr,-0.04489177554150281,0,0.036173779026200954,0.12303484764837389,0.48279564522283264
mimic4-9site,Neuro Surgical Intensive Care Unit (Neuro SICU),0,1,946,7.027027027027027,gb,-0.005517860690709031,0,-0.03995960312366792,0.0036187170306342296,0.5026373689027305
mimic4-9site,Neuro Surgical Intensive Care Unit (Neuro SICU),1,1,946,7.222222222222222,lr,-0.09788690669860434,0,0.01514178075435143,0.08135890514102773,0.525330025960109
mimic4-9site,Neuro Surgical Intensive Care Unit (Neuro SICU),1,1,946,7.222222222222222,gb,0.00042597863573379247,1,0.00042815318043928273,0.0057457175452198354,0.5138688205137883
mimic4-9site,Neuro Surgical Intensive Care Unit (Neuro SICU),0,4,946,7.027027027027027,lr,-0.029946066823131834,0,0.036173779026200954,0.12303484764837389,0.48279564522283264
mimic4-9site,Neuro Surgical Intensive Care Unit (Neuro SICU),0,4,946,7.027027027027027,gb,0.03640128915254204,1,-0.03995960312366792,0.0036187170306342296,0.5026373689027305
mimic4-9site,Neuro Surgical Intensive Care Unit (Neuro SICU),1,4,946,7.222222222222222,lr,-0.027071387549739923,0,0.01514178075435143,0.08135890514102773,0.525330025960109
mimic4-9site,Neuro Surgical Intensive Care Unit (Neuro SICU),1,4,946,7.222222222222222,gb,0.02863970345800637,1,0.00042815318043928273,0.0057457175452198354,0.5138688205137883
mimic4-9site,Neuro Surgical Intensive Care Unit (Neuro SICU),0,4,946,7.027027027027027,lr,-0.0047292666859063415,0,0.036173779026200954,0.12303484764837389,0.48279564522283264
mimic4-9site,Neuro Surgical Intensive Care Unit (Neuro SICU),0,4,946,7.027027027027027,gb,0.035995222734680254,1,-0.03995960312366792,0.0036187170306342296,0.5026373689027305
mimic4-9site,Neuro Surgical Intensive Care Unit (Neuro SICU),1,4,946,7.222222222222222,lr,0.004922209047358683,1,0.01514178075435143,0.08135890514102773,0.525330025960109
mimic4-9site,Neuro Surgical Intensive Care Unit (Neuro SICU),1,4,946,7.222222222222222,gb,0.03371815407600076,1,0.00042815318043928273,0.0057457175452198354,0.5138688205137883
mimic4-9site,Neuro Surgical Intensive Care Unit (Neuro SICU),0,2,946,7.027027027027027,lr,-0.07893117106793235,0,0.036173779026200954,0.12303484764837389,0.48279564522283264
mimic4-9site,Neuro Surgical Intensive Care Unit (Neuro SICU),0,2,946,7.027027027027027,gb,0.024346372466125255,1,-0.03995960312366792,0.0036187170306342296,0.5026373689027305
mimic4-9site,Neuro Surgical Intensive Care Unit (Neuro SICU),1,2,946,7.222222222222222,lr,-0.056472506406646694,0,0.01514178075435143,0.08135890514102773,0.525330025960109
mimic4-9site,Neuro Surgical Intensive Care Unit (Neuro SICU),1,2,946,7.222222222222222,gb,0.01971327859908434,1,0.00042815318043928273,0.0057457175452198354,0.5138688205137883
mimic4-9site,Neuro Surgical Intensive Care Unit (Neuro SICU),0,3,946,7.027027027027027,lr,-0.0509331316333258,0,0.036173779026200954,0.12303484764837389,0.48279564522283264
mimic4-9site,Neuro Surgical Intensive Care Unit (Neuro SICU),0,3,946,7.027027027027027,gb,0.03336279818185728,1,-0.03995960312366792,0.0036187170306342296,0.5026373689027305
mimic4-9site,Neuro Surgical Intensive Care Unit (Neuro SICU),1,3,946,7.222222222222222,lr,-0.05304076594283391,0,0.01514178075435143,0.08135890514102773,0.525330025960109
mimic4-9site,Neuro Surgical Intensive Care Unit (Neuro SICU),1,3,946,7.222222222222222,gb,0.020425888031905926,1,0.00042815318043928273,0.0057457175452198354,0.5138688205137883
mimic4-9site,Neuro Surgical Intensive Care Unit (Neuro SICU),0,1,946,7.027027027027027,lr,-0.07316819540813657,0,0.036173779026200954,0.12303484764837389,0.48279564522283264
mimic4-9site,Neuro Surgical Intensive Care Unit (Neuro SICU),0,1,946,7.027027027027027,gb,0.008850852988432911,1,-0.03995960312366792,0.0036187170306342296,0.5026373689027305
mimic4-9site,Neuro Surgical Intensive Care Unit (Neuro SICU),1,1,946,7.222222222222222,lr,-0.07619997898738556,0,0.01514178075435143,0.08135890514102773,0.525330025960109
mimic4-9site,Neuro Surgical Intensive Care Unit (Neuro SICU),1,1,946,7.222222222222222,gb,-0.005740804649954523,0,0.00042815318043928273,0.0057457175452198354,0.5138688205137883
mimic4-9site,Neuro Surgical Intensive Care Unit (Neuro SICU),0,2,946,7.027027027027027,lr,-0.010411418097673986,0,0.036173779026200954,0.12303484764837389,0.48279564522283264
mimic4-9site,Neuro Surgical Intensive Care Unit (Neuro SICU),0,2,946,7.027027027027027,gb,0.03108805795122349,1,-0.03995960312366792,0.0036187170306342296,0.5026373689027305
mimic4-9site,Neuro Surgical Intensive Care Unit (Neuro SICU),1,2,946,7.222222222222222,lr,0.001400323402084569,1,0.01514178075435143,0.08135890514102773,0.525330025960109
mimic4-9site,Neuro Surgical Intensive Care Unit (Neuro SICU),1,2,946,7.222222222222222,gb,0.026610404723831915,1,0.00042815318043928273,0.0057457175452198354,0.5138688205137883
mimic4-9site,Surgical Intensive Care Unit (SICU),0,1,6334,23.3,lr,0.009188434188962036,1,0.013306749490914467,0.01640667650651129,0.3303515481889795
mimic4-9site,Surgical Intensive Care Unit (SICU),0,1,6334,23.3,gb,0.005355941672276099,1,0.0896486927018969,0.13638597001860792,0.38800607570792883
mimic4-9site,Surgical Intensive Care Unit (SICU),1,1,6334,23.3,lr,-0.014449244888886659,0,0.012730868310570112,0.04170591336845796,0.2995799271887001
mimic4-9site,Surgical Intensive Care Unit (SICU),1,1,6334,23.3,gb,0.0004898284661735142,1,-0.0029577164874232055,0.038935715269340136,0.3546148235147266
mimic4-9site,Surgical Intensive Care Unit (SICU),0,4,6334,23.3,lr,-0.02190104375029378,0,0.013306749490914467,0.01640667650651129,0.3303515481889795
mimic4-9site,Surgical Intensive Care Unit (SICU),0,4,6334,23.3,gb,0.014036518184179114,1,0.0896486927018969,0.13638597001860792,0.38800607570792883
mimic4-9site,Surgical Intensive Care Unit (SICU),1,4,6334,23.3,lr,-0.018463142303825564,0,0.012730868310570112,0.04170591336845796,0.2995799271887001
mimic4-9site,Surgical Intensive Care Unit (SICU),1,4,6334,23.3,gb,0.012521308611865845,1,-0.0029577164874232055,0.038935715269340136,0.3546148235147266
mimic4-9site,Surgical Intensive Care Unit (SICU),0,1,6334,23.3,lr,0.0027486077553546817,1,0.013306749490914467,0.01640667650651129,0.3303515481889795
mimic4-9site,Surgical Intensive Care Unit (SICU),0,1,6334,23.3,gb,0.02177835525593458,1,0.0896486927018969,0.13638597001860792,0.38800607570792883
mimic4-9site,Surgical Intensive Care Unit (SICU),1,1,6334,23.3,lr,-0.001960969454989525,0,0.012730868310570112,0.04170591336845796,0.2995799271887001
mimic4-9site,Surgical Intensive Care Unit (SICU),1,1,6334,23.3,gb,0.011498102039692037,1,-0.0029577164874232055,0.038935715269340136,0.3546148235147266
mimic4-9site,Surgical Intensive Care Unit (SICU),0,3,6334,23.3,lr,-0.026235848382659688,0,0.013306749490914467,0.01640667650651129,0.3303515481889795
mimic4-9site,Surgical Intensive Care Unit (SICU),0,3,6334,23.3,gb,-0.001945281516411712,0,0.0896486927018969,0.13638597001860792,0.38800607570792883
mimic4-9site,Surgical Intensive Care Unit (SICU),1,3,6334,23.3,lr,-0.04523678602704234,0,0.012730868310570112,0.04170591336845796,0.2995799271887001
mimic4-9site,Surgical Intensive Care Unit (SICU),1,3,6334,23.3,gb,-0.022304451233951084,0,-0.0029577164874232055,0.038935715269340136,0.3546148235147266
mimic4-9site,Surgical Intensive Care Unit (SICU),0,4,6334,23.3,lr,-0.0238809371636734,0,0.013306749490914467,0.01640667650651129,0.3303515481889795
mimic4-9site,Surgical Intensive Care Unit (SICU),0,4,6334,23.3,gb,-0.00215489016743714,0,0.0896486927018969,0.13638597001860792,0.38800607570792883
mimic4-9site,Surgical Intensive Care Unit (SICU),1,4,6334,23.3,lr,-0.046400951122671175,0,0.012730868310570112,0.04170591336845796,0.2995799271887001
mimic4-9site,Surgical Intensive Care Unit (SICU),1,4,6334,23.3,gb,-0.01322625712485026,0,-0.0029577164874232055,0.038935715269340136,0.3546148235147266
mimic4-9site,Surgical Intensive Care Unit (SICU),0,2,6334,23.3,lr,0.003979203308951296,1,0.013306749490914467,0.01640667650651129,0.3303515481889795
mimic4-9site,Surgical Intensive Care Unit (SICU),0,2,6334,23.3,gb,0.008609940129712335,1,0.0896486927018969,0.13638597001860792,0.38800607570792883
mimic4-9site,Surgical Intensive Care Unit (SICU),1,2,6334,23.3,lr,-0.0018020145137263022,0,0.012730868310570112,0.04170591336845796,0.2995799271887001
mimic4-9site,Surgical Intensive Care Unit (SICU),1,2,6334,23.3,gb,0.01798596917186851,1,-0.0029577164874232055,0.038935715269340136,0.3546148235147266
mimic4-9site,Surgical Intensive Care Unit (SICU),0,1,6334,23.3,lr,-0.04930193979962544,0,0.013306749490914467,0.01640667650651129,0.3303515481889795
mimic4-9site,Surgical Intensive Care Unit (SICU),0,1,6334,23.3,gb,-0.028921365102798136,0,0.0896486927018969,0.13638597001860792,0.38800607570792883
mimic4-9site,Surgical Intensive Care Unit (SICU),1,1,6334,23.3,lr,-0.08731781771775615,0,0.012730868310570112,0.04170591336845796,0.2995799271887001
mimic4-9site,Surgical Intensive Care Unit (SICU),1,1,6334,23.3,gb,-0.028344419942110288,0,-0.0029577164874232055,0.038935715269340136,0.3546148235147266
mimic4-9site,Trauma SICU (TSICU),0,2,4896,16.29032258064516,lr,0.0003506754255737099,1,0.01738461821536493,0.022142958441625435,0.36985265528912015
mimic4-9site,Trauma SICU (TSICU),0,2,4896,16.29032258064516,gb,0.012046472149261411,1,0.02633285007919178,0.10079281429189745,0.37349530611254167
mimic4-9site,Trauma SICU (TSICU),1,2,4896,15.78125,lr,0.01868776468022748,1,0.0009061754654482989,0.0334522440072139,0.3696678233151059
mimic4-9site,Trauma SICU (TSICU),1,2,4896,15.78125,gb,0.004755490146670094,1,0.08563756413433242,0.08915333240431858,0.3813555438850443
mimic4-9site,Trauma SICU (TSICU),0,1,4896,16.29032258064516,lr,-0.005827487878325044,0,0.01738461821536493,0.022142958441625435,0.36985265528912015
mimic4-9site,Trauma SICU (TSICU),0,1,4896,16.29032258064516,gb,0.017793871130023342,1,0.02633285007919178,0.10079281429189745,0.37349530611254167
mimic4-9site,Trauma SICU (TSICU),1,1,4896,15.78125,lr,0.01111235441733005,1,0.0009061754654482989,0.0334522440072139,0.3696678233151059
mimic4-9site,Trauma SICU (TSICU),1,1,4896,15.78125,gb,0.009133262898832317,1,0.08563756413433242,0.08915333240431858,0.3813555438850443
mimic4-9site,Trauma SICU (TSICU),0,4,4896,16.29032258064516,lr,-0.020632584821499156,0,0.01738461821536493,0.022142958441625435,0.36985265528912015
mimic4-9site,Trauma SICU (TSICU),0,4,4896,16.29032258064516,gb,0.030808683768076717,1,0.02633285007919178,0.10079281429189745,0.37349530611254167
mimic4-9site,Trauma SICU (TSICU),1,4,4896,15.78125,lr,-0.02308069385188144,0,0.0009061754654482989,0.0334522440072139,0.3696678233151059
mimic4-9site,Trauma SICU (TSICU),1,4,4896,15.78125,gb,-0.002464377034838705,0,0.08563756413433242,0.08915333240431858,0.3813555438850443
mimic4-9site,Trauma SICU (TSICU),0,1,4896,16.29032258064516,lr,-0.05297211943683017,0,0.01738461821536493,0.022142958441625435,0.36985265528912015
mimic4-9site,Trauma SICU (TSICU),0,1,4896,16.29032258064516,gb,0.034357018695631236,1,0.02633285007919178,0.10079281429189745,0.37349530611254167
mimic4-9site,Trauma SICU (TSICU),1,1,4896,15.78125,lr,0.013662319639050291,1,0.0009061754654482989,0.0334522440072139,0.3696678233151059
mimic4-9site,Trauma SICU (TSICU),1,1,4896,15.78125,gb,0.019298103161067837,1,0.08563756413433242,0.08915333240431858,0.3813555438850443
mimic4-9site,Trauma SICU (TSICU),0,2,4896,16.29032258064516,lr,-0.0590144741197417,0,0.01738461821536493,0.022142958441625435,0.36985265528912015
mimic4-9site,Trauma SICU (TSICU),0,2,4896,16.29032258064516,gb,0.034266647994159904,1,0.02633285007919178,0.10079281429189745,0.37349530611254167
mimic4-9site,Trauma SICU (TSICU),1,2,4896,15.78125,lr,0.012211371750354805,1,0.0009061754654482989,0.0334522440072139,0.3696678233151059
mimic4-9site,Trauma SICU (TSICU),1,2,4896,15.78125,gb,0.009225218546892844,1,0.08563756413433242,0.08915333240431858,0.3813555438850443
mimic4-9site,Trauma SICU (TSICU),0,3,4896,16.29032258064516,lr,-0.12658296739944375,0,0.01738461821536493,0.022142958441625435,0.36985265528912015
mimic4-9site,Trauma SICU (TSICU),0,3,4896,16.29032258064516,gb,0.047278678211486624,1,0.02633285007919178,0.10079281429189745,0.37349530611254167
mimic4-9site,Trauma SICU (TSICU),1,3,4896,15.78125,lr,-0.03686362181514652,0,0.0009061754654482989,0.0334522440072139,0.3696678233151059
mimic4-9site,Trauma SICU (TSICU),1,3,4896,15.78125,gb,0.035281864614528424,1,0.08563756413433242,0.08915333240431858,0.3813555438850443
mimic4-9site,Trauma SICU (TSICU),0,2,4896,16.29032258064516,lr,-0.04611861970745129,0,0.01738461821536493,0.022142958441625435,0.36985265528912015
mimic4-9site,Trauma SICU (TSICU),0,2,4896,16.29032258064516,gb,0.032246302959348216,1,0.02633285007919178,0.10079281429189745,0.37349530611254167
mimic4-9site,Trauma SICU (TSICU),1,2,4896,15.78125,lr,0.00246033671679996,1,0.0009061754654482989,0.0334522440072139,0.3696678233151059
mimic4-9site,Trauma SICU (TSICU),1,2,4896,15.78125,gb,0.013409105871275973,1,0.08563756413433242,0.08915333240431858,0.3813555438850443
mimic4-9site,Trauma SICU (TSICU),0,2,4896,16.29032258064516,lr,-0.0008542269029390148,0,0.01738461821536493,0.022142958441625435,0.36985265528912015
mimic4-9site,Trauma SICU (TSICU),0,2,4896,16.29032258064516,gb,0.00510255575785995,1,0.02633285007919178,0.10079281429189745,0.37349530611254167
mimic4-9site,Trauma SICU (TSICU),1,2,4896,15.78125,lr,-0.010273713401789897,0,0.0009061754654482989,0.0334522440072139,0.3696678233151059
mimic4-9site,Trauma SICU (TSICU),1,2,4896,15.78125,gb,-0.019056886675731743,0,0.08563756413433242,0.08915333240431858,0.3813555438850443
