chose_chosen,dataset,epv_target,gain_vs_best_solo,gain_vs_default,gain_vs_selected,gain_vs_tuned,local_best_solo,local_default,local_selected,local_tuned,merge,n_partners,n_target,seed,target
tuned,heart-4site,7.461538461538462,0.0052651761509783235,-0.005301084156170477,0.004636686421249925,0.0052651761509783235,0.9221726371859039,0.9327388974930527,0.9228011269156323,0.9221726371859039,0.9274378133368822,1,212,0,cleveland
selected,heart-4site,7.461538461538462,-0.019377927401040163,-0.009575723898276989,-0.019377927401040163,-0.016743782540565855,0.8869620330097353,0.8771598295069721,0.8869620330097353,0.884327888149261,0.8675841056086951,1,212,1,cleveland
tuned,heart-4site,7.461538461538462,0.007540806368979913,-0.003025453938168887,0.0069123166392515145,0.007540806368979913,0.9221726371859039,0.9327388974930527,0.9228011269156323,0.9221726371859039,0.9297134435548838,3,212,0,cleveland
selected,heart-4site,7.461538461538462,-0.026658025775528893,-0.01685582227276572,-0.026658025775528893,-0.024023880915054585,0.8869620330097353,0.8771598295069721,0.8869620330097353,0.884327888149261,0.8603040072342064,3,212,1,cleveland
tuned,heart-4site,7.461538461538462,0.014233901763700207,0.003667641456551407,0.013605412033971809,0.014233901763700207,0.9221726371859039,0.9327388974930527,0.9228011269156323,0.9221726371859039,0.9364065389496041,2,212,0,cleveland
selected,heart-4site,7.461538461538462,-0.010445098637653749,-0.0006428951348905754,-0.010445098637653749,-0.007810953777179441,0.8869620330097353,0.8771598295069721,0.8869620330097353,0.884327888149261,0.8765169343720816,2,212,1,cleveland
tuned,heart-4site,7.4,0.010389083408849031,0.00304305720203224,0.01240790035636874,0.010389083408849031,0.8070338605636821,0.8143798867704989,0.8050150436161624,0.8070338605636821,0.8174229439725311,1,205,0,hungarian
tuned,heart-4site,7.4,0.02274459939207052,0.03789883676524197,0.02274459939207052,0.02274459939207052,0.8073953229964022,0.7922410856232307,0.8073953229964022,0.8073953229964022,0.8301399223884727,1,205,1,hungarian
tuned,heart-4site,7.4,0.009734174108042892,0.002388147901226101,0.0117529910555626,0.009734174108042892,0.8070338605636821,0.8143798867704989,0.8050150436161624,0.8070338605636821,0.816768034671725,2,205,0,hungarian
tuned,heart-4site,7.4,0.019498222134421095,0.03465245950759255,0.019498222134421095,0.019498222134421095,0.8073953229964022,0.7922410856232307,0.8073953229964022,0.8073953229964022,0.8268935451308232,2,205,1,hungarian
tuned,heart-4site,7.4,0.02357623058494085,0.016230204378124058,0.025595047532460558,0.02357623058494085,0.8070338605636821,0.8143798867704989,0.8050150436161624,0.8070338605636821,0.8306100911486229,3,205,0,hungarian
tuned,heart-4site,7.4,0.014603114194110534,0.029757351567281987,0.014603114194110534,0.014603114194110534,0.8073953229964022,0.7922410856232307,0.8073953229964022,0.8073953229964022,0.8219984371905127,3,205,1,hungarian
tuned,heart-4site,7.4,0.00753211992361924,0.00018609371680244902,0.009550936871138949,0.00753211992361924,0.8070338605636821,0.8143798867704989,0.8050150436161624,0.8070338605636821,0.8145659804873013,1,205,0,hungarian
tuned,heart-4site,7.4,-0.010022986414429003,0.00513125095874245,-0.010022986414429003,-0.010022986414429003,0.8073953229964022,0.7922410856232307,0.8073953229964022,0.8073953229964022,0.7973723365819732,1,205,1,hungarian
selected,heart-4site,0.6,-0.0017782334925191545,0.001521725807440144,-0.0017782334925191545,-0.002798641655784473,0.9903896329484869,0.9870896736485276,0.9903896329484869,0.9914100411117522,0.9886113994559678,1,86,0,switzerland
selected,heart-4site,0.6,-0.007627463161951509,0.0230181557693816,-0.007627463161951509,0.009406550443490591,0.9466374154181137,0.9159917964867806,0.9466374154181137,0.9296034018126716,0.9390099522561622,1,86,1,switzerland
selected,heart-4site,0.6,0.002776604894831558,0.006076564194790857,0.002776604894831558,0.0017561967315662397,0.9903896329484869,0.9870896736485276,0.9903896329484869,0.9914100411117522,0.9931662378433185,3,86,0,switzerland
selected,heart-4site,0.6,-0.0170340136054421,0.013611605325891007,-0.0170340136054421,0.0,0.9466374154181137,0.9159917964867806,0.9466374154181137,0.9296034018126716,0.9296034018126716,3,86,1,switzerland
selected,heart-4site,0.6,0.0017913832199546453,0.005091342519913944,0.0017913832199546453,0.000770975056689327,0.9903896329484869,0.9870896736485276,0.9903896329484869,0.9914100411117522,0.9921810161684416,2,86,0,switzerland
selected,heart-4site,0.6,-0.01528052438644123,0.015365094544891877,-0.01528052438644123,0.00175348921900087,0.9466374154181137,0.9159917964867806,0.9466374154181137,0.9296034018126716,0.9313568910316725,2,86,1,switzerland
selected,heart-4site,0.6,0.004772526919555431,0.00807248621951473,0.004772526919555431,0.0037521187562901126,0.9903896329484869,0.9870896736485276,0.9903896329484869,0.9914100411117522,0.9951621598680424,1,86,0,switzerland
selected,heart-4site,0.6,-0.042170820780704665,-0.011525201849371558,-0.042170820780704665,-0.025136807175262565,0.9466374154181137,0.9159917964867806,0.9466374154181137,0.9296034018126716,0.9044665946374091,1,86,1,switzerland
selected,heart-4site,0.6,0.0038796697766981803,0.007179629076657479,0.0038796697766981803,0.002859261613432862,0.9903896329484869,0.9870896736485276,0.9903896329484869,0.9914100411117522,0.9942693027251851,1,86,0,switzerland
selected,heart-4site,0.6,-0.02788510649499032,0.002760512436342788,-0.02788510649499032,-0.01085109288954822,0.9466374154181137,0.9159917964867806,0.9466374154181137,0.9296034018126716,0.9187523089231234,1,86,1,switzerland
selected,heart-4site,3.272727272727273,0.01961056178122733,0.036198617276736345,0.01961056178122733,0.018236853264442132,0.8187009991574619,0.8021129436619528,0.8187009991574619,0.8200747076742471,0.8383115609386892,2,140,0,va
selected,heart-4site,3.6,0.015980992013273077,0.022665378254550395,0.015980992013273077,0.01156029708659323,0.8955967014432904,0.8889123152020131,0.8955967014432904,0.9000173963699702,0.9115776934565635,2,140,1,va
selected,heart-4site,3.272727272727273,0.009655783398043072,0.026243838893552085,0.009655783398043072,0.008282074881257873,0.8187009991574619,0.8021129436619528,0.8187009991574619,0.8200747076742471,0.8283567825555049,3,140,0,va
selected,heart-4site,3.6,0.021896270367444348,0.028580656608721666,0.021896270367444348,0.0174755754407645,0.8955967014432904,0.8889123152020131,0.8955967014432904,0.9000173963699702,0.9174929718107347,3,140,1,va
selected,heart-4site,3.272727272727273,0.020373783933181233,0.036961839428690246,0.020373783933181233,0.019000075416396034,0.8187009991574619,0.8021129436619528,0.8187009991574619,0.8200747076742471,0.8390747830906431,2,140,0,va
selected,heart-4site,3.6,0.01818684464685616,0.024871230888133478,0.01818684464685616,0.013766149720176313,0.8955967014432904,0.8889123152020131,0.8955967014432904,0.9000173963699702,0.9137835460901466,2,140,1,va
selected,heart-4site,3.272727272727273,-0.0004965875267003428,0.01609146796880867,-0.0004965875267003428,-0.001870296043485542,0.8187009991574619,0.8021129436619528,0.8187009991574619,0.8200747076742471,0.8182044116307615,1,140,0,va
selected,heart-4site,3.6,-0.002187735009945735,0.004496651231331583,-0.002187735009945735,-0.006608429936625582,0.8955967014432904,0.8889123152020131,0.8955967014432904,0.9000173963699702,0.8934089664333447,1,140,1,va
selected,heart-4site,3.272727272727273,0.00536833437408013,0.021956389869589144,0.00536833437408013,0.003994625857294931,0.8187009991574619,0.8021129436619528,0.8187009991574619,0.8200747076742471,0.824069333531542,2,140,0,va
selected,heart-4site,3.6,0.02165588575494315,0.028340271996220467,0.02165588575494315,0.017235190828263303,0.8955967014432904,0.8889123152020131,0.8955967014432904,0.9000173963699702,0.9172525871982335,2,140,1,va
selected,heart-4site,3.272727272727273,-0.01160147509223819,0.004986580403270824,-0.01160147509223819,-0.012975183609023389,0.8187009991574619,0.8021129436619528,0.8187009991574619,0.8200747076742471,0.8070995240652237,1,140,0,va
selected,heart-4site,3.6,0.02365865646467058,0.030343042705947898,0.02365865646467058,0.019237961537990733,0.8955967014432904,0.8889123152020131,0.8955967014432904,0.9000173963699702,0.919255357907961,1,140,1,va
tuned,mimic-11site,11.0,-0.03302371819171945,-0.03276499553273843,-0.03276499553273843,-0.03302371819171945,0.3394650154980833,0.33920629283910225,0.33920629283910225,0.3394650154980833,0.3064412973063638,4,2722,0,CCU-care
selected,mimic-11site,11.0,0.006018844561101577,-0.0030462326510344306,0.006018844561101577,-0.004225930307412251,0.36215898893626575,0.37122406614840175,0.36215898893626575,0.3724037638047796,0.3681778334973673,4,2722,1,CCU-care
tuned,mimic-11site,11.0,-0.0030785216933861825,-0.002819799034405157,-0.002819799034405157,-0.0030785216933861825,0.3394650154980833,0.33920629283910225,0.33920629283910225,0.3394650154980833,0.3363864938046971,3,2722,0,CCU-care
selected,mimic-11site,11.0,0.028002782059004916,0.018937704846868908,0.028002782059004916,0.017758007190491087,0.36215898893626575,0.37122406614840175,0.36215898893626575,0.3724037638047796,0.39016177099527066,3,2722,1,CCU-care
tuned,mimic-11site,11.0,-0.023776840213523442,-0.023518117554542417,-0.023518117554542417,-0.023776840213523442,0.3394650154980833,0.33920629283910225,0.33920629283910225,0.3394650154980833,0.31568817528455984,1,2722,0,CCU-care
selected,mimic-11site,11.0,-0.006630445837421284,-0.01569552304955729,-0.006630445837421284,-0.016875220705935112,0.36215898893626575,0.37122406614840175,0.36215898893626575,0.3724037638047796,0.35552854309884446,1,2722,1,CCU-care
tuned,mimic-11site,11.0,-0.0377397704191737,-0.037481047760192676,-0.037481047760192676,-0.0377397704191737,0.3394650154980833,0.33920629283910225,0.33920629283910225,0.3394650154980833,0.3017252450789096,4,2722,0,CCU-care
selected,mimic-11site,11.0,0.01555353754372557,0.006488460331589563,0.01555353754372557,0.005308762675211742,0.36215898893626575,0.37122406614840175,0.36215898893626575,0.3724037638047796,0.3777125264799913,4,2722,1,CCU-care
tuned,mimic-11site,11.0,-0.009925223386263893,-0.009666500727282867,-0.009666500727282867,-0.009925223386263893,0.3394650154980833,0.33920629283910225,0.33920629283910225,0.3394650154980833,0.3295397921118194,3,2722,0,CCU-care
selected,mimic-11site,11.0,0.027051304117698405,0.017986226905562397,0.027051304117698405,0.016806529249184576,0.36215898893626575,0.37122406614840175,0.36215898893626575,0.3724037638047796,0.38921029305396415,3,2722,1,CCU-care
tuned,mimic-11site,11.0,0.0066422837406260316,0.006901006399607057,0.006901006399607057,0.0066422837406260316,0.3394650154980833,0.33920629283910225,0.33920629283910225,0.3394650154980833,0.3461072992387093,2,2722,0,CCU-care
selected,mimic-11site,11.0,0.04328268510015382,0.03421760788801781,0.04328268510015382,0.03303791023163999,0.36215898893626575,0.37122406614840175,0.36215898893626575,0.3724037638047796,0.40544167403641956,2,2722,1,CCU-care
tuned,mimic-11site,11.0,-0.03830932009686133,-0.03805059743788031,-0.03805059743788031,-0.03830932009686133,0.3394650154980833,0.33920629283910225,0.33920629283910225,0.3394650154980833,0.30115569540122195,3,2722,0,CCU-care
selected,mimic-11site,11.0,-0.01178467698586283,-0.020849754197998838,-0.01178467698586283,-0.022029451854376658,0.36215898893626575,0.37122406614840175,0.36215898893626575,0.3724037638047796,0.3503743119504029,3,2722,1,CCU-care
tuned,mimic-11site,11.0,-0.011926701709493837,-0.011667979050512811,-0.011667979050512811,-0.011926701709493837,0.3394650154980833,0.33920629283910225,0.33920629283910225,0.3394650154980833,0.32753831378858944,1,2722,0,CCU-care
selected,mimic-11site,11.0,0.020944075227751713,0.011878998015615705,0.020944075227751713,0.010699300359237884,0.36215898893626575,0.37122406614840175,0.36215898893626575,0.3724037638047796,0.38310306416401746,1,2722,1,CCU-care
tuned,mimic-11site,5.962962962962963,0.022677165934549715,0.016948140908632225,0.016948140908632225,0.022677165934549715,0.4173617270126354,0.4230907520385529,0.4230907520385529,0.4173617270126354,0.4400388929471851,1,1535,0,CCU-meta
selected,mimic-11site,5.962962962962963,-0.006917969452412298,-0.008909248554543614,-0.006917969452412298,-0.008909248554543614,0.4176002702831957,0.419591549385327,0.4176002702831957,0.419591549385327,0.4106823008307834,1,1535,1,CCU-meta
tuned,mimic-11site,5.962962962962963,0.034821956810917154,0.029092931784999665,0.029092931784999665,0.034821956810917154,0.4173617270126354,0.4230907520385529,0.4230907520385529,0.4173617270126354,0.45218368382355256,4,1535,0,CCU-meta
selected,mimic-11site,5.962962962962963,1.367067677576772e-05,-0.001977608425355548,1.367067677576772e-05,-0.001977608425355548,0.4176002702831957,0.419591549385327,0.4176002702831957,0.419591549385327,0.41761394095997145,4,1535,1,CCU-meta
tuned,mimic-11site,5.962962962962963,0.037954097660159225,0.032225072634241736,0.032225072634241736,0.037954097660159225,0.4173617270126354,0.4230907520385529,0.4230907520385529,0.4173617270126354,0.45531582467279463,3,1535,0,CCU-meta
selected,mimic-11site,5.962962962962963,0.03196079683264319,0.029969517730511874,0.03196079683264319,0.029969517730511874,0.4176002702831957,0.419591549385327,0.4176002702831957,0.419591549385327,0.4495610671158389,3,1535,1,CCU-meta
tuned,mimic-11site,5.962962962962963,0.05195856024144069,0.0462295352155232,0.0462295352155232,0.05195856024144069,0.4173617270126354,0.4230907520385529,0.4230907520385529,0.4173617270126354,0.4693202872540761,4,1535,0,CCU-meta
selected,mimic-11site,5.962962962962963,0.05002330766588209,0.04803202856375077,0.05002330766588209,0.04803202856375077,0.4176002702831957,0.419591549385327,0.4176002702831957,0.419591549385327,0.4676235779490778,4,1535,1,CCU-meta
tuned,mimic-11site,5.962962962962963,0.0041563546737823365,-0.0015726703521351526,-0.0015726703521351526,0.0041563546737823365,0.4173617270126354,0.4230907520385529,0.4230907520385529,0.4173617270126354,0.42151808168641774,2,1535,0,CCU-meta
selected,mimic-11site,5.962962962962963,-0.04185026670730474,-0.043841545809436056,-0.04185026670730474,-0.043841545809436056,0.4176002702831957,0.419591549385327,0.4176002702831957,0.419591549385327,0.37575000357589095,2,1535,1,CCU-meta
tuned,mimic-11site,5.962962962962963,0.0019376287863273611,-0.003791396239590128,-0.003791396239590128,0.0019376287863273611,0.4173617270126354,0.4230907520385529,0.4230907520385529,0.4173617270126354,0.41929935579896277,1,1535,0,CCU-meta
selected,mimic-11site,5.962962962962963,-0.04345510879406106,-0.045446387896192375,-0.04345510879406106,-0.045446387896192375,0.4176002702831957,0.419591549385327,0.4176002702831957,0.419591549385327,0.3741451614891346,1,1535,1,CCU-meta
tuned,mimic-11site,5.962962962962963,0.020153619238209852,0.014424594212292363,0.014424594212292363,0.020153619238209852,0.4173617270126354,0.4230907520385529,0.4230907520385529,0.4173617270126354,0.43751534625084526,2,1535,0,CCU-meta
selected,mimic-11site,5.962962962962963,0.012431268404150986,0.01043998930201967,0.012431268404150986,0.01043998930201967,0.4176002702831957,0.419591549385327,0.4176002702831957,0.419591549385327,0.43003153868734667,2,1535,1,CCU-meta
tuned,mimic-11site,5.962962962962963,0.00783867835567359,0.0021096533297561004,0.0021096533297561004,0.00783867835567359,0.4173617270126354,0.4230907520385529,0.4230907520385529,0.4173617270126354,0.425200405368309,1,1535,0,CCU-meta
selected,mimic-11site,5.962962962962963,-0.00322905468092638,-0.005220333783057696,-0.00322905468092638,-0.005220333783057696,0.4176002702831957,0.419591549385327,0.4176002702831957,0.419591549385327,0.4143712156022693,1,1535,1,CCU-meta
selected,mimic-11site,4.142857142857143,0.0734618374360208,0.049551831662182744,0.0734618374360208,0.06258566623823075,0.24185454895628478,0.26576455473012284,0.24185454895628478,0.25273072015407483,0.3153163863923056,3,3483,0,CSRU-care
selected,mimic-11site,4.142857142857143,0.024177406969938475,0.036755671776100896,0.024177406969938475,0.03907516849465886,0.3264627793485701,0.3138845145424077,0.3264627793485701,0.3115650178238497,0.3506401863185086,3,3483,1,CSRU-care
selected,mimic-11site,4.142857142857143,0.07835720800262125,0.05444720222878319,0.07835720800262125,0.0674810368048312,0.24185454895628478,0.26576455473012284,0.24185454895628478,0.25273072015407483,0.320211756958906,4,3483,0,CSRU-care
selected,mimic-11site,4.142857142857143,0.007176967235480114,0.019755232041642534,0.007176967235480114,0.0220747287602005,0.3264627793485701,0.3138845145424077,0.3264627793485701,0.3115650178238497,0.3336397465840502,4,3483,1,CSRU-care
selected,mimic-11site,4.142857142857143,0.05520243606938208,0.031292430295544016,0.05520243606938208,0.044326264871592025,0.24185454895628478,0.26576455473012284,0.24185454895628478,0.25273072015407483,0.29705698502566685,3,3483,0,CSRU-care
selected,mimic-11site,4.142857142857143,0.047074913345653835,0.059653178151816255,0.047074913345653835,0.06197267487037422,0.3264627793485701,0.3138845145424077,0.3264627793485701,0.3115650178238497,0.37353769269422393,3,3483,1,CSRU-care
selected,mimic-11site,4.142857142857143,0.10933809019100971,0.08542808441717165,0.10933809019100971,0.09846191899321965,0.24185454895628478,0.26576455473012284,0.24185454895628478,0.25273072015407483,0.3511926391472945,3,3483,0,CSRU-care
selected,mimic-11site,4.142857142857143,0.0044983178011842595,0.01707658260734668,0.0044983178011842595,0.019396079325904647,0.3264627793485701,0.3138845145424077,0.3264627793485701,0.3115650178238497,0.33096109714975436,3,3483,1,CSRU-care
selected,mimic-11site,4.142857142857143,0.10020106617764857,0.0762910604038105,0.10020106617764857,0.08932489497985852,0.24185454895628478,0.26576455473012284,0.24185454895628478,0.25273072015407483,0.34205561513393334,2,3483,0,CSRU-care
selected,mimic-11site,4.142857142857143,-0.0007888776524836993,0.011789387153678721,-0.0007888776524836993,0.014108883872236688,0.3264627793485701,0.3138845145424077,0.3264627793485701,0.3115650178238497,0.3256739016960864,2,3483,1,CSRU-care
selected,mimic-11site,4.142857142857143,0.08410468176449754,0.060194675990659474,0.08410468176449754,0.07322851056670748,0.24185454895628478,0.26576455473012284,0.24185454895628478,0.25273072015407483,0.3259592307207823,4,3483,0,CSRU-care
selected,mimic-11site,4.142857142857143,0.005874859247733288,0.01845312405389571,0.005874859247733288,0.020772620772453676,0.3264627793485701,0.3138845145424077,0.3264627793485701,0.3115650178238497,0.3323376385963034,4,3483,1,CSRU-care
selected,mimic-11site,4.142857142857143,0.08429090948555762,0.06038090371171956,0.08429090948555762,0.07341473828776757,0.24185454895628478,0.26576455473012284,0.24185454895628478,0.25273072015407483,0.3261454584418424,2,3483,0,CSRU-care
selected,mimic-11site,4.142857142857143,0.011897553692937435,0.024475818499099855,0.011897553692937435,0.026795315217657822,0.3264627793485701,0.3138845145424077,0.3264627793485701,0.3115650178238497,0.33836033304150753,2,3483,1,CSRU-care
selected,mimic-11site,4.142857142857143,0.07157991882302217,0.04766991304918411,0.07157991882302217,0.06070374762523212,0.24185454895628478,0.26576455473012284,0.24185454895628478,0.25273072015407483,0.31343446777930695,3,3483,0,CSRU-care
selected,mimic-11site,4.142857142857143,-0.006108357221437599,0.006469907584724821,-0.006108357221437599,0.008789404303282788,0.3264627793485701,0.3138845145424077,0.3264627793485701,0.3115650178238497,0.3203544221271325,3,3483,1,CSRU-care
selected,mimic-11site,1.6111111111111112,0.05696268862507803,0.07559850170433624,0.05696268862507803,0.09785974391132096,0.27669710301210887,0.25806128993285066,0.27669710301210887,0.23580004772586594,0.3336597916371869,4,2031,0,CSRU-meta
selected,mimic-11site,1.6111111111111112,0.014128342766209723,-0.023102717376591003,0.014128342766209723,-0.015937087372495634,0.21761782462492316,0.2548488847677239,0.21761782462492316,0.2476832547636285,0.23174616739113288,4,2031,1,CSRU-meta
selected,mimic-11site,1.6111111111111112,-0.006372666265555604,0.012263146813702608,-0.006372666265555604,0.03452438902068733,0.27669710301210887,0.25806128993285066,0.27669710301210887,0.23580004772586594,0.27032443674655326,2,2031,0,CSRU-meta
selected,mimic-11site,1.6111111111111112,-0.026881883232461712,-0.06411294337526244,-0.026881883232461712,-0.05694731337116707,0.21761782462492316,0.2548488847677239,0.21761782462492316,0.2476832547636285,0.19073594139246144,2,2031,1,CSRU-meta
selected,mimic-11site,1.6111111111111112,0.006188421301861591,0.024824234381119803,0.006188421301861591,0.047085476588104525,0.27669710301210887,0.25806128993285066,0.27669710301210887,0.23580004772586594,0.28288552431397046,4,2031,0,CSRU-meta
selected,mimic-11site,1.6111111111111112,0.018234121820771693,-0.018996938322029033,0.018234121820771693,-0.011831308317933664,0.21761782462492316,0.2548488847677239,0.21761782462492316,0.2476832547636285,0.23585194644569485,4,2031,1,CSRU-meta
selected,mimic-11site,1.6111111111111112,0.007423140945371665,0.026058954024629877,0.007423140945371665,0.0483201962316146,0.27669710301210887,0.25806128993285066,0.27669710301210887,0.23580004772586594,0.28412024395748053,4,2031,0,CSRU-meta
selected,mimic-11site,1.6111111111111112,0.030420792883886355,-0.006810267258914371,0.030420792883886355,0.0003553627451809982,0.21761782462492316,0.2548488847677239,0.21761782462492316,0.2476832547636285,0.2480386175088095,4,2031,1,CSRU-meta
selected,mimic-11site,1.6111111111111112,0.007713140662034157,0.02634895374129237,0.007713140662034157,0.04861019594827709,0.27669710301210887,0.25806128993285066,0.27669710301210887,0.23580004772586594,0.284410243674143,3,2031,0,CSRU-meta
selected,mimic-11site,1.6111111111111112,0.022286434961953983,-0.014944625180846743,0.022286434961953983,-0.007778995176751374,0.21761782462492316,0.2548488847677239,0.21761782462492316,0.2476832547636285,0.23990425958687714,3,2031,1,CSRU-meta
selected,mimic-11site,1.6111111111111112,0.02502283314277176,0.04365864622202997,0.02502283314277176,0.0659198884290147,0.27669710301210887,0.25806128993285066,0.27669710301210887,0.23580004772586594,0.30171993615488063,1,2031,0,CSRU-meta
selected,mimic-11site,1.6111111111111112,0.0040023777241695035,-0.03322868241863122,0.0040023777241695035,-0.026063052414535853,0.21761782462492316,0.2548488847677239,0.21761782462492316,0.2476832547636285,0.22162020234909266,1,2031,1,CSRU-meta
selected,mimic-11site,1.6111111111111112,0.01721091870897501,0.03584673178823322,0.01721091870897501,0.05810797399521794,0.27669710301210887,0.25806128993285066,0.27669710301210887,0.23580004772586594,0.2939080217210839,3,2031,0,CSRU-meta
selected,mimic-11site,1.6111111111111112,0.03562581856352273,-0.001605241579277994,0.03562581856352273,0.005560388424817375,0.21761782462492316,0.2548488847677239,0.21761782462492316,0.2476832547636285,0.2532436431884459,3,2031,1,CSRU-meta
tuned,mimic-11site,32.666666666666664,-0.02612794843328692,-0.025430953798206535,-0.02612794843328692,-0.02612794843328692,0.4348329684955053,0.4341359738604249,0.4348329684955053,0.4348329684955053,0.40870502006221837,4,5985,0,MICU-care
tuned,mimic-11site,32.666666666666664,-0.0016161546615971467,-0.0013192593371048056,-0.0026405478407177108,-0.0016161546615971467,0.3965488727098075,0.39625197738531515,0.39757326588892805,0.3965488727098075,0.39493271804821034,4,5985,1,MICU-care
tuned,mimic-11site,32.666666666666664,-0.018817387695574006,-0.018120393060493623,-0.018817387695574006,-0.018817387695574006,0.4348329684955053,0.4341359738604249,0.4348329684955053,0.4348329684955053,0.4160155807999313,3,5985,0,MICU-care
tuned,mimic-11site,32.666666666666664,-0.0010681636183331178,-0.0007712682938407767,-0.002092556797453682,-0.0010681636183331178,0.3965488727098075,0.39625197738531515,0.39757326588892805,0.3965488727098075,0.39548070909147437,3,5985,1,MICU-care
tuned,mimic-11site,32.666666666666664,-0.03391762937054449,-0.033220634735464105,-0.03391762937054449,-0.03391762937054449,0.4348329684955053,0.4341359738604249,0.4348329684955053,0.4348329684955053,0.4009153391249608,4,5985,0,MICU-care
tuned,mimic-11site,32.666666666666664,-0.011345828355125709,-0.011048933030633368,-0.012370221534246273,-0.011345828355125709,0.3965488727098075,0.39625197738531515,0.39757326588892805,0.3965488727098075,0.3852030443546818,4,5985,1,MICU-care
tuned,mimic-11site,32.666666666666664,-0.0301694420494919,-0.029472447414411518,-0.0301694420494919,-0.0301694420494919,0.4348329684955053,0.4341359738604249,0.4348329684955053,0.4348329684955053,0.4046635264460134,2,5985,0,MICU-care
tuned,mimic-11site,32.666666666666664,-0.009004984176141151,-0.00870808885164881,-0.010029377355261715,-0.009004984176141151,0.3965488727098075,0.39625197738531515,0.39757326588892805,0.3965488727098075,0.38754388853366634,2,5985,1,MICU-care
tuned,mimic-11site,32.666666666666664,-0.029262246855544793,-0.02856525222046441,-0.029262246855544793,-0.029262246855544793,0.4348329684955053,0.4341359738604249,0.4348329684955053,0.4348329684955053,0.4055707216399605,2,5985,0,MICU-care
tuned,mimic-11site,32.666666666666664,-0.015668519960283733,-0.015371624635791392,-0.016692913139404297,-0.015668519960283733,0.3965488727098075,0.39625197738531515,0.39757326588892805,0.3965488727098075,0.38088035274952375,2,5985,1,MICU-care
tuned,mimic-11site,32.666666666666664,-0.022543439138279442,-0.02184644450319906,-0.022543439138279442,-0.022543439138279442,0.4348329684955053,0.4341359738604249,0.4348329684955053,0.4348329684955053,0.41228952935722585,2,5985,0,MICU-care
tuned,mimic-11site,32.666666666666664,-0.014777930638375736,-0.014481035313883395,-0.0158023238174963,-0.014777930638375736,0.3965488727098075,0.39625197738531515,0.39757326588892805,0.3965488727098075,0.38177094207143175,2,5985,1,MICU-care
tuned,mimic-11site,32.666666666666664,-0.0034339594583844835,-0.0027369648233041,-0.0034339594583844835,-0.0034339594583844835,0.4348329684955053,0.4341359738604249,0.4348329684955053,0.4348329684955053,0.4313990090371208,1,5985,0,MICU-care
tuned,mimic-11site,32.666666666666664,-0.00246402887378383,-0.002167133549291489,-0.003488422052904394,-0.00246402887378383,0.3965488727098075,0.39625197738531515,0.39757326588892805,0.3965488727098075,0.39408484383602366,1,5985,1,MICU-care
tuned,mimic-11site,25.88888888888889,-0.022040261086690383,-0.02070556559602904,-0.020929346852019914,-0.022040261086690383,0.38334699663139393,0.3820123011407326,0.38223608239672346,0.38334699663139393,0.36130673554470355,4,5469,0,MICU-meta
tuned,mimic-11site,25.88888888888889,-0.02239581763810472,-0.02119184156632037,-0.022357390633551966,-0.02239581763810472,0.3955050645305779,0.3943010884587935,0.3954666375260251,0.3955050645305779,0.37310924689247316,4,5469,1,MICU-meta
tuned,mimic-11site,25.88888888888889,-0.08301973044867023,-0.08168503495800888,-0.08190881621399976,-0.08301973044867023,0.38334699663139393,0.3820123011407326,0.38223608239672346,0.38334699663139393,0.3003272661827237,3,5469,0,MICU-meta
tuned,mimic-11site,25.88888888888889,-0.04370607295077528,-0.042502096878990925,-0.04366764594622252,-0.04370607295077528,0.3955050645305779,0.3943010884587935,0.3954666375260251,0.3955050645305779,0.3517989915798026,3,5469,1,MICU-meta
tuned,mimic-11site,25.88888888888889,-0.03968570477704708,-0.03835100928638574,-0.038574790542376614,-0.03968570477704708,0.38334699663139393,0.3820123011407326,0.38223608239672346,0.38334699663139393,0.34366129185434685,3,5469,0,MICU-meta
tuned,mimic-11site,25.88888888888889,-0.043251403569970315,-0.04204742749818596,-0.04321297656541756,-0.043251403569970315,0.3955050645305779,0.3943010884587935,0.3954666375260251,0.3955050645305779,0.35225366096060756,3,5469,1,MICU-meta
tuned,mimic-11site,25.88888888888889,-0.044795555079192195,-0.043460859588530854,-0.04368464084452173,-0.044795555079192195,0.38334699663139393,0.3820123011407326,0.38223608239672346,0.38334699663139393,0.33855144155220174,3,5469,0,MICU-meta
tuned,mimic-11site,25.88888888888889,-0.04124731981032154,-0.040043343738537185,-0.04120889280576878,-0.04124731981032154,0.3955050645305779,0.3943010884587935,0.3954666375260251,0.3955050645305779,0.35425774472025634,3,5469,1,MICU-meta
tuned,mimic-11site,25.88888888888889,-0.03964530036789088,-0.03831060487722954,-0.03853438613322041,-0.03964530036789088,0.38334699663139393,0.3820123011407326,0.38223608239672346,0.38334699663139393,0.34370169626350305,4,5469,0,MICU-meta
tuned,mimic-11site,25.88888888888889,-0.03452058229997096,-0.03331660622818661,-0.034482155295418204,-0.03452058229997096,0.3955050645305779,0.3943010884587935,0.3954666375260251,0.3955050645305779,0.3609844822306069,4,5469,1,MICU-meta
tuned,mimic-11site,25.88888888888889,0.00557784874909939,0.006912544239760732,0.006688762983769858,0.00557784874909939,0.38334699663139393,0.3820123011407326,0.38223608239672346,0.38334699663139393,0.3889248453804933,1,5469,0,MICU-meta
tuned,mimic-11site,25.88888888888889,-0.012623188207885827,-0.011419212136101475,-0.012584761203333072,-0.012623188207885827,0.3955050645305779,0.3943010884587935,0.3954666375260251,0.3955050645305779,0.38288187632269205,1,5469,1,MICU-meta
tuned,mimic-11site,25.88888888888889,-0.0313987201805187,-0.03006402468985736,-0.030287805945848234,-0.0313987201805187,0.38334699663139393,0.3820123011407326,0.38223608239672346,0.38334699663139393,0.35194827645087523,1,5469,0,MICU-meta
tuned,mimic-11site,25.88888888888889,-0.027588600176078115,-0.026384624104293763,-0.02755017317152536,-0.027588600176078115,0.3955050645305779,0.3943010884587935,0.3954666375260251,0.3955050645305779,0.36791646435449976,1,5469,1,MICU-meta
tuned,mimic-11site,25.88888888888889,-0.015814993547047906,-0.014480298056386565,-0.014704079312377438,-0.015814993547047906,0.38334699663139393,0.3820123011407326,0.38223608239672346,0.38334699663139393,0.367532003084346,1,5469,0,MICU-meta
tuned,mimic-11site,25.88888888888889,-0.007124620762117673,-0.005920644690333321,-0.007086193757564918,-0.007124620762117673,0.3955050645305779,0.3943010884587935,0.3954666375260251,0.3955050645305779,0.3883804437684602,1,5469,1,MICU-meta
tuned,mimic-11site,10.709677419354838,-0.02076812217031898,-0.028070804987342657,-0.011151544949224435,-0.02076812217031898,0.35820836660022787,0.36551104941725154,0.3485917893791333,0.35820836660022787,0.3374402444299089,1,2489,0,SICU-care
default,mimic-11site,10.709677419354838,-0.030496760136772272,-0.030496760136772272,-0.030496760136772272,-0.030496760136772272,0.3666686899186852,0.3666686899186852,0.3666686899186852,0.3666686899186852,0.3361719297819129,1,2489,1,SICU-care
tuned,mimic-11site,10.709677419354838,-0.04253629291609834,-0.049838975733122015,-0.03291971569500379,-0.04253629291609834,0.35820836660022787,0.36551104941725154,0.3485917893791333,0.35820836660022787,0.31567207368412953,4,2489,0,SICU-care
default,mimic-11site,10.709677419354838,0.000520028896051794,0.000520028896051794,0.000520028896051794,0.000520028896051794,0.3666686899186852,0.3666686899186852,0.3666686899186852,0.3666686899186852,0.36718871881473697,4,2489,1,SICU-care
tuned,mimic-11site,10.709677419354838,0.010724118447565434,0.003421435630541758,0.02034069566865998,0.010724118447565434,0.35820836660022787,0.36551104941725154,0.3485917893791333,0.35820836660022787,0.3689324850477933,4,2489,0,SICU-care
default,mimic-11site,10.709677419354838,0.024130969457596296,0.024130969457596296,0.024130969457596296,0.024130969457596296,0.3666686899186852,0.3666686899186852,0.3666686899186852,0.3666686899186852,0.39079965937628147,4,2489,1,SICU-care
tuned,mimic-11site,10.709677419354838,-0.06205980064640182,-0.0693624834634255,-0.05244322342530727,-0.06205980064640182,0.35820836660022787,0.36551104941725154,0.3485917893791333,0.35820836660022787,0.29614856595382605,2,2489,0,SICU-care
default,mimic-11site,10.709677419354838,-0.04543704710689628,-0.04543704710689628,-0.04543704710689628,-0.04543704710689628,0.3666686899186852,0.3666686899186852,0.3666686899186852,0.3666686899186852,0.3212316428117889,2,2489,1,SICU-care
tuned,mimic-11site,10.709677419354838,-0.023244425705366056,-0.030547108522389732,-0.01362784848427151,-0.023244425705366056,0.35820836660022787,0.36551104941725154,0.3485917893791333,0.35820836660022787,0.3349639408948618,3,2489,0,SICU-care
default,mimic-11site,10.709677419354838,-0.003209423540282308,-0.003209423540282308,-0.003209423540282308,-0.003209423540282308,0.3666686899186852,0.3666686899186852,0.3666686899186852,0.3666686899186852,0.36345926637840287,3,2489,1,SICU-care
tuned,mimic-11site,10.709677419354838,-0.05061873262698474,-0.05792141544400842,-0.041002155405890195,-0.05061873262698474,0.35820836660022787,0.36551104941725154,0.3485917893791333,0.35820836660022787,0.3075896339732431,1,2489,0,SICU-care
default,mimic-11site,10.709677419354838,-0.012345523179607465,-0.012345523179607465,-0.012345523179607465,-0.012345523179607465,0.3666686899186852,0.3666686899186852,0.3666686899186852,0.3666686899186852,0.3543231667390777,1,2489,1,SICU-care
tuned,mimic-11site,10.709677419354838,0.03636823209792578,0.029065549280902103,0.045984809319020326,0.03636823209792578,0.35820836660022787,0.36551104941725154,0.3485917893791333,0.35820836660022787,0.39457659869815365,2,2489,0,SICU-care
default,mimic-11site,10.709677419354838,0.030955606989741646,0.030955606989741646,0.030955606989741646,0.030955606989741646,0.3666686899186852,0.3666686899186852,0.3666686899186852,0.3666686899186852,0.3976242969084268,2,2489,1,SICU-care
tuned,mimic-11site,9.56,-0.04145799020997859,-0.03759898756654967,-0.04105012970313543,-0.04145799020997859,0.2733940830567775,0.26953508041334856,0.2729862225499343,0.2733940830567775,0.2319360928467989,1,2276,0,SICU-meta
tuned,mimic-11site,9.56,-0.006260751836060008,-0.0046264968579782795,-0.006260751836060008,-0.006260751836060008,0.2594105474915333,0.2577762925134516,0.2594105474915333,0.2594105474915333,0.2531497956554733,1,2276,1,SICU-meta
tuned,mimic-11site,9.56,-0.04330466228579505,-0.03944565964236613,-0.04289680177895189,-0.04330466228579505,0.2733940830567775,0.26953508041334856,0.2729862225499343,0.2733940830567775,0.23008942077098243,4,2276,0,SICU-meta
tuned,mimic-11site,9.56,0.0014392115768163682,0.0030734665548980966,0.0014392115768163682,0.0014392115768163682,0.2594105474915333,0.2577762925134516,0.2594105474915333,0.2594105474915333,0.2608497590683497,4,2276,1,SICU-meta
tuned,mimic-11site,9.56,-0.04310869497511899,-0.03924969233169007,-0.04270083446827583,-0.04310869497511899,0.2733940830567775,0.26953508041334856,0.2729862225499343,0.2733940830567775,0.2302853880816585,1,2276,0,SICU-meta
tuned,mimic-11site,9.56,-0.01988084490065664,-0.018246589922574913,-0.01988084490065664,-0.01988084490065664,0.2594105474915333,0.2577762925134516,0.2594105474915333,0.2594105474915333,0.23952970259087666,1,2276,1,SICU-meta
tuned,mimic-11site,9.56,-0.019481307093329847,-0.015622304449900926,-0.019073446586486686,-0.019481307093329847,0.2733940830567775,0.26953508041334856,0.2729862225499343,0.2733940830567775,0.25391277596344763,3,2276,0,SICU-meta
tuned,mimic-11site,9.56,0.024060089687282127,0.025694344665363855,0.024060089687282127,0.024060089687282127,0.2594105474915333,0.2577762925134516,0.2594105474915333,0.2594105474915333,0.28347063717881543,3,2276,1,SICU-meta
tuned,mimic-11site,9.56,-0.027944109650127974,-0.024085107006699052,-0.027536249143284813,-0.027944109650127974,0.2733940830567775,0.26953508041334856,0.2729862225499343,0.2733940830567775,0.2454499734066495,2,2276,0,SICU-meta
tuned,mimic-11site,9.56,0.024434264693636354,0.026068519671718082,0.024434264693636354,0.024434264693636354,0.2594105474915333,0.2577762925134516,0.2594105474915333,0.2594105474915333,0.28384481218516966,2,2276,1,SICU-meta
tuned,mimic-11site,9.56,-0.008187739108471204,-0.004328736465042282,-0.007779878601628043,-0.008187739108471204,0.2733940830567775,0.26953508041334856,0.2729862225499343,0.2733940830567775,0.2652063439483063,4,2276,0,SICU-meta
tuned,mimic-11site,9.56,0.04468031549002638,0.04631457046810811,0.04468031549002638,0.04468031549002638,0.2594105474915333,0.2577762925134516,0.2594105474915333,0.2594105474915333,0.3040908629815597,4,2276,1,SICU-meta
tuned,mimic-11site,9.56,0.01740583345803015,0.021264836101459073,0.01781369396487331,0.01740583345803015,0.2733940830567775,0.26953508041334856,0.2729862225499343,0.2733940830567775,0.29079991651480763,1,2276,0,SICU-meta
tuned,mimic-11site,9.56,0.03903644426405467,0.0406706992421364,0.03903644426405467,0.03903644426405467,0.2594105474915333,0.2577762925134516,0.2594105474915333,0.2594105474915333,0.298446991755588,1,2276,1,SICU-meta
tuned,mimic-11site,6.53125,-0.014618621365322382,-0.012589573558532963,-0.014618621365322382,-0.014618621365322382,0.28907853148053964,0.2870494836737502,0.28907853148053964,0.28907853148053964,0.27445991011521725,2,1880,0,TSICU-care
tuned,mimic-11site,6.53125,0.0008024338340207327,0.004456615800001618,0.00501772153597374,0.0008024338340207327,0.2996579915237152,0.2960038095577343,0.2954427038217622,0.2996579915237152,0.3004604253577359,2,1880,1,TSICU-care
tuned,mimic-11site,6.53125,-0.023183034524367152,-0.021153986717577733,-0.023183034524367152,-0.023183034524367152,0.28907853148053964,0.2870494836737502,0.28907853148053964,0.28907853148053964,0.2658954969561725,1,1880,0,TSICU-care
tuned,mimic-11site,6.53125,-0.0070218927326287095,-0.0033677107666478245,-0.0028066050306757018,-0.0070218927326287095,0.2996579915237152,0.2960038095577343,0.2954427038217622,0.2996579915237152,0.2926360987910865,1,1880,1,TSICU-care
tuned,mimic-11site,6.53125,-0.022853147023321474,-0.020824099216532055,-0.022853147023321474,-0.022853147023321474,0.28907853148053964,0.2870494836737502,0.28907853148053964,0.28907853148053964,0.26622538445721816,4,1880,0,TSICU-care
tuned,mimic-11site,6.53125,-0.021099354749629595,-0.01744517278364871,-0.016884067047676588,-0.021099354749629595,0.2996579915237152,0.2960038095577343,0.2954427038217622,0.2996579915237152,0.2785586367740856,4,1880,1,TSICU-care
tuned,mimic-11site,6.53125,0.01112299698131991,0.01315204478810933,0.01112299698131991,0.01112299698131991,0.28907853148053964,0.2870494836737502,0.28907853148053964,0.28907853148053964,0.30020152846185955,1,1880,0,TSICU-care
tuned,mimic-11site,6.53125,0.008532705713232891,0.012186887679213776,0.012747993415185899,0.008532705713232891,0.2996579915237152,0.2960038095577343,0.2954427038217622,0.2996579915237152,0.3081906972369481,1,1880,1,TSICU-care
tuned,mimic-11site,6.53125,0.011609795901126818,0.013638843707916237,0.011609795901126818,0.011609795901126818,0.28907853148053964,0.2870494836737502,0.28907853148053964,0.28907853148053964,0.30068832738166645,2,1880,0,TSICU-care
tuned,mimic-11site,6.53125,0.0017304896501494915,0.0053846716161303765,0.005945777352102499,0.0017304896501494915,0.2996579915237152,0.2960038095577343,0.2954427038217622,0.2996579915237152,0.3013884811738647,2,1880,1,TSICU-care
tuned,mimic-11site,6.53125,0.016542432143870633,0.018571479950660053,0.016542432143870633,0.016542432143870633,0.28907853148053964,0.2870494836737502,0.28907853148053964,0.28907853148053964,0.30562096362441027,3,1880,0,TSICU-care
tuned,mimic-11site,6.53125,-0.0001583021543982155,0.0034958798115826695,0.004056985547554792,-0.0001583021543982155,0.2996579915237152,0.2960038095577343,0.2954427038217622,0.2996579915237152,0.299499689369317,3,1880,1,TSICU-care
tuned,mimic-11site,6.53125,0.012681262676769278,0.014710310483558697,0.012681262676769278,0.012681262676769278,0.28907853148053964,0.2870494836737502,0.28907853148053964,0.28907853148053964,0.3017597941573089,2,1880,0,TSICU-care
tuned,mimic-11site,6.53125,0.019210013465105258,0.022864195431086143,0.023425301167058266,0.019210013465105258,0.2996579915237152,0.2960038095577343,0.2954427038217622,0.2996579915237152,0.31886800498882045,2,1880,1,TSICU-care
tuned,mimic-11site,6.53125,0.01877158471874396,0.02080063252553338,0.01877158471874396,0.01877158471874396,0.28907853148053964,0.2870494836737502,0.28907853148053964,0.28907853148053964,0.3078501161992836,2,1880,0,TSICU-care
tuned,mimic-11site,6.53125,0.03585028035508864,0.03950446232106952,0.040065568057041645,0.03585028035508864,0.2996579915237152,0.2960038095577343,0.2954427038217622,0.2996579915237152,0.33550827187880383,2,1880,1,TSICU-care
tuned,mimic-11site,5.2,0.01896691290784208,0.024013703328988223,0.024013703328988223,0.01896691290784208,0.2909703114968499,0.28592352107570373,0.28592352107570373,0.2909703114968499,0.30993722440469196,4,1527,0,TSICU-meta
selected,mimic-11site,5.2,-0.032326917868712,-0.013679205351031842,-0.032326917868712,-0.03234804880908282,0.30731870881656853,0.28867099629888837,0.30731870881656853,0.30733983975693935,0.27499179094785653,4,1527,1,TSICU-meta
tuned,mimic-11site,5.2,0.06482232612818056,0.0698691165493267,0.0698691165493267,0.06482232612818056,0.2909703114968499,0.28592352107570373,0.28592352107570373,0.2909703114968499,0.35579263762503044,4,1527,0,TSICU-meta
selected,mimic-11site,5.2,-0.05125172541352835,-0.03260401289584819,-0.05125172541352835,-0.051272856353899166,0.30731870881656853,0.28867099629888837,0.30731870881656853,0.30733983975693935,0.2560669834030402,4,1527,1,TSICU-meta
tuned,mimic-11site,5.2,0.038832416223972266,0.04387920664511841,0.04387920664511841,0.038832416223972266,0.2909703114968499,0.28592352107570373,0.28592352107570373,0.2909703114968499,0.32980272772082214,2,1527,0,TSICU-meta
selected,mimic-11site,5.2,-0.03436998467310021,-0.015722272155420047,-0.03436998467310021,-0.034391115613471024,0.30731870881656853,0.28867099629888837,0.30731870881656853,0.30733983975693935,0.2729487241434683,2,1527,1,TSICU-meta
tuned,mimic-11site,5.2,0.05905648996542934,0.06410328038657548,0.06410328038657548,0.05905648996542934,0.2909703114968499,0.28592352107570373,0.28592352107570373,0.2909703114968499,0.3500268014622792,4,1527,0,TSICU-meta
selected,mimic-11site,5.2,-0.013035536129286318,0.005612176388393841,-0.013035536129286318,-0.013056667069657135,0.30731870881656853,0.28867099629888837,0.30731870881656853,0.30733983975693935,0.2942831726872822,4,1527,1,TSICU-meta
tuned,mimic-11site,5.2,0.049290963912886676,0.05433775433403282,0.05433775433403282,0.049290963912886676,0.2909703114968499,0.28592352107570373,0.28592352107570373,0.2909703114968499,0.34026127540973655,3,1527,0,TSICU-meta
selected,mimic-11site,5.2,-0.02365847903724505,-0.005010766519564891,-0.02365847903724505,-0.023679609977615867,0.30731870881656853,0.28867099629888837,0.30731870881656853,0.30733983975693935,0.2836602297793235,3,1527,1,TSICU-meta
tuned,mimic-11site,5.2,0.0646163141309431,0.06966310455208924,0.06966310455208924,0.0646163141309431,0.2909703114968499,0.28592352107570373,0.28592352107570373,0.2909703114968499,0.355586625627793,2,1527,0,TSICU-meta
selected,mimic-11site,5.2,-0.01678100219798445,0.001866710319695708,-0.01678100219798445,-0.01680213313835527,0.30731870881656853,0.28867099629888837,0.30731870881656853,0.30733983975693935,0.2905377066185841,2,1527,1,TSICU-meta
tuned,mimic-11site,5.2,0.06972823104365095,0.07477502146479709,0.07477502146479709,0.06972823104365095,0.2909703114968499,0.28592352107570373,0.28592352107570373,0.2909703114968499,0.3606985425405008,3,1527,0,TSICU-meta
selected,mimic-11site,5.2,-0.014769626968125893,0.0038780855495542665,-0.014769626968125893,-0.01479075790849671,0.30731870881656853,0.28867099629888837,0.30731870881656853,0.30733983975693935,0.29254908184844264,3,1527,1,TSICU-meta
tuned,mimic-11site,5.2,0.0735934402428316,0.07864023066397774,0.07864023066397774,0.0735934402428316,0.2909703114968499,0.28592352107570373,0.28592352107570373,0.2909703114968499,0.3645637517396815,3,1527,0,TSICU-meta
selected,mimic-11site,5.2,0.002051674772125478,0.020699387289805637,0.002051674772125478,0.002030543831754661,0.30731870881656853,0.28867099629888837,0.30731870881656853,0.30733983975693935,0.309370383588694,3,1527,1,TSICU-meta
tuned,mimic4-9site,7.222222222222222,-0.03746992350823353,-0.019722702815982762,-0.03082835517448823,-0.03746992350823353,0.33510121981155316,0.3173539991193024,0.32845965147780787,0.33510121981155316,0.29763129630331964,4,8420,0,Cardiac Vascular Intensive Care Unit (CVICU)
tuned,mimic4-9site,7.222222222222222,-0.013270447016184406,-0.01184815398085165,-0.009421027692778305,-0.013270447016184406,0.3383163019054178,0.336894008870085,0.3344668825820117,0.3383163019054178,0.3250458548892334,4,8420,1,Cardiac Vascular Intensive Care Unit (CVICU)
tuned,mimic4-9site,7.222222222222222,0.005206595380327472,0.022953816072578237,0.011848163714072768,0.005206595380327472,0.33510121981155316,0.3173539991193024,0.32845965147780787,0.33510121981155316,0.34030781519188064,3,8420,0,Cardiac Vascular Intensive Care Unit (CVICU)
tuned,mimic4-9site,7.222222222222222,0.01757126753560745,0.018993560570940204,0.02142068685901355,0.01757126753560745,0.3383163019054178,0.336894008870085,0.3344668825820117,0.3383163019054178,0.35588756944102523,3,8420,1,Cardiac Vascular Intensive Care Unit (CVICU)
tuned,mimic4-9site,7.222222222222222,-0.04308299448321956,-0.025335773790968796,-0.036441426149474265,-0.04308299448321956,0.33510121981155316,0.3173539991193024,0.32845965147780787,0.33510121981155316,0.2920182253283336,4,8420,0,Cardiac Vascular Intensive Care Unit (CVICU)
tuned,mimic4-9site,7.222222222222222,-0.00824608405600441,-0.0068237910206716546,-0.00439666473259831,-0.00824608405600441,0.3383163019054178,0.336894008870085,0.3344668825820117,0.3383163019054178,0.33007021784941337,4,8420,1,Cardiac Vascular Intensive Care Unit (CVICU)
tuned,mimic4-9site,7.222222222222222,-0.006212203642621261,0.011535017049629503,0.0004293646911240345,-0.006212203642621261,0.33510121981155316,0.3173539991193024,0.32845965147780787,0.33510121981155316,0.3288890161689319,1,8420,0,Cardiac Vascular Intensive Care Unit (CVICU)
tuned,mimic4-9site,7.222222222222222,-0.010040036864784996,-0.00861774382945224,-0.0061906175413788955,-0.010040036864784996,0.3383163019054178,0.336894008870085,0.3344668825820117,0.3383163019054178,0.3282762650406328,1,8420,1,Cardiac Vascular Intensive Care Unit (CVICU)
tuned,mimic4-9site,7.222222222222222,-0.010308553542440924,0.007438667149809841,-0.003666985208695628,-0.010308553542440924,0.33510121981155316,0.3173539991193024,0.32845965147780787,0.33510121981155316,0.32479266626911224,2,8420,0,Cardiac Vascular Intensive Care Unit (CVICU)
tuned,mimic4-9site,7.222222222222222,-0.027752469493625975,-0.02633017645829322,-0.023903050170219875,-0.027752469493625975,0.3383163019054178,0.336894008870085,0.3344668825820117,0.3383163019054178,0.3105638324117918,2,8420,1,Cardiac Vascular Intensive Care Unit (CVICU)
tuned,mimic4-9site,7.222222222222222,0.01308778615394729,0.030835006846198054,0.019729354487692585,0.01308778615394729,0.33510121981155316,0.3173539991193024,0.32845965147780787,0.33510121981155316,0.34818900596550045,3,8420,0,Cardiac Vascular Intensive Care Unit (CVICU)
tuned,mimic4-9site,7.222222222222222,-0.0011255213281300969,0.0002967717072026588,0.0027238979952760034,-0.0011255213281300969,0.3383163019054178,0.336894008870085,0.3344668825820117,0.3383163019054178,0.3371907805772877,3,8420,1,Cardiac Vascular Intensive Care Unit (CVICU)
tuned,mimic4-9site,7.222222222222222,0.010301765849668909,0.028048986541919674,0.016943334183414205,0.010301765849668909,0.33510121981155316,0.3173539991193024,0.32845965147780787,0.33510121981155316,0.3454029856612221,3,8420,0,Cardiac Vascular Intensive Care Unit (CVICU)
tuned,mimic4-9site,7.222222222222222,-0.007440431723570284,-0.006018138688237529,-0.003591012400164184,-0.007440431723570284,0.3383163019054178,0.336894008870085,0.3344668825820117,0.3383163019054178,0.3308758701818475,3,8420,1,Cardiac Vascular Intensive Care Unit (CVICU)
tuned,mimic4-9site,7.222222222222222,0.004113830995877088,0.021861051688127853,0.010755399329622384,0.004113830995877088,0.33510121981155316,0.3173539991193024,0.32845965147780787,0.33510121981155316,0.33921505080743025,1,8420,0,Cardiac Vascular Intensive Care Unit (CVICU)
tuned,mimic4-9site,7.222222222222222,0.018296203631036734,0.01971849666636949,0.022145622954442834,0.018296203631036734,0.3383163019054178,0.336894008870085,0.3344668825820117,0.3383163019054178,0.3566125055364545,1,8420,1,Cardiac Vascular Intensive Care Unit (CVICU)
tuned,mimic4-9site,19.970588235294116,-0.010292611119000594,-0.011668829892867494,-0.013155720246659341,-0.010292611119000594,0.4278676914650274,0.4292439102388943,0.43073080059268615,0.4278676914650274,0.4175750803460268,1,5371,0,Coronary Care Unit (CCU)
selected,mimic4-9site,19.970588235294116,0.011224955305841167,0.011875276823169634,0.011224955305841167,0.004603949898139614,0.426765167604588,0.4261148460872595,0.426765167604588,0.43338617301228954,0.43799012291042916,1,5371,1,Coronary Care Unit (CCU)
tuned,mimic4-9site,19.970588235294116,-0.11206095392739834,-0.11343717270126524,-0.11492406305505709,-0.11206095392739834,0.4278676914650274,0.4292439102388943,0.43073080059268615,0.4278676914650274,0.31580673753762906,3,5371,0,Coronary Care Unit (CCU)
selected,mimic4-9site,19.970588235294116,-0.05723448664406744,-0.05658416512673897,-0.05723448664406744,-0.06385549205176899,0.426765167604588,0.4261148460872595,0.426765167604588,0.43338617301228954,0.36953068096052055,3,5371,1,Coronary Care Unit (CCU)
tuned,mimic4-9site,19.970588235294116,-0.08453589381168708,-0.08591211258555398,-0.08739900293934583,-0.08453589381168708,0.4278676914650274,0.4292439102388943,0.43073080059268615,0.4278676914650274,0.3433317976533403,4,5371,0,Coronary Care Unit (CCU)
selected,mimic4-9site,19.970588235294116,-0.05960571899822825,-0.058955397480899785,-0.05960571899822825,-0.0662267244059298,0.426765167604588,0.4261148460872595,0.426765167604588,0.43338617301228954,0.36715944860635974,4,5371,1,Coronary Care Unit (CCU)
tuned,mimic4-9site,19.970588235294116,-0.05886174578743225,-0.06023796456129915,-0.061724854915091,-0.05886174578743225,0.4278676914650274,0.4292439102388943,0.43073080059268615,0.4278676914650274,0.36900594567759515,4,5371,0,Coronary Care Unit (CCU)
selected,mimic4-9site,19.970588235294116,-0.04908358755054515,-0.04843326603321668,-0.04908358755054515,-0.0557045929582467,0.426765167604588,0.4261148460872595,0.426765167604588,0.43338617301228954,0.37768158005404284,4,5371,1,Coronary Care Unit (CCU)
tuned,mimic4-9site,19.970588235294116,-0.04218059017002246,-0.04355680894388936,-0.045043699297681206,-0.04218059017002246,0.4278676914650274,0.4292439102388943,0.43073080059268615,0.4278676914650274,0.38568710129500494,2,5371,0,Coronary Care Unit (CCU)
selected,mimic4-9site,19.970588235294116,-0.04872559195020776,-0.04807527043287929,-0.04872559195020776,-0.05534659735790931,0.426765167604588,0.4261148460872595,0.426765167604588,0.43338617301228954,0.37803957565438023,2,5371,1,Coronary Care Unit (CCU)
tuned,mimic4-9site,19.970588235294116,-0.0032542046050941242,-0.004630423378961024,-0.0061173137327528715,-0.0032542046050941242,0.4278676914650274,0.4292439102388943,0.43073080059268615,0.4278676914650274,0.4246134868599333,1,5371,0,Coronary Care Unit (CCU)
selected,mimic4-9site,19.970588235294116,-0.009795766789261529,-0.009145445271933061,-0.009795766789261529,-0.01641677219696308,0.426765167604588,0.4261148460872595,0.426765167604588,0.43338617301228954,0.41696940081532646,1,5371,1,Coronary Care Unit (CCU)
tuned,mimic4-9site,19.970588235294116,-0.0194786000011703,-0.0208548187750372,-0.022341709128829046,-0.0194786000011703,0.4278676914650274,0.4292439102388943,0.43073080059268615,0.4278676914650274,0.4083890914638571,2,5371,0,Coronary Care Unit (CCU)
selected,mimic4-9site,19.970588235294116,-0.024025133134918164,-0.023374811617589697,-0.024025133134918164,-0.030646138542619716,0.426765167604588,0.4261148460872595,0.426765167604588,0.43338617301228954,0.4027400344696698,2,5371,1,Coronary Care Unit (CCU)
tuned,mimic4-9site,19.970588235294116,-0.007555703192923868,-0.008931921966790768,-0.010418812320582616,-0.007555703192923868,0.4278676914650274,0.4292439102388943,0.43073080059268615,0.4278676914650274,0.42031198827210353,1,5371,0,Coronary Care Unit (CCU)
selected,mimic4-9site,19.970588235294116,-0.011746701045175723,-0.011096379527847255,-0.011746701045175723,-0.018367706452877275,0.426765167604588,0.4261148460872595,0.426765167604588,0.43338617301228954,0.41501846655941227,1,5371,1,Coronary Care Unit (CCU)
tuned,mimic4-9site,46.14705882352941,-0.030526595611363727,-0.024075205498870378,-0.02997225321610064,-0.030526595611363727,0.4404419719684901,0.43399058185599676,0.439887629573227,0.4404419719684901,0.4099153763571264,3,9732,0,Medical Intensive Care Unit (MICU)
tuned,mimic4-9site,46.14705882352941,-0.013433664539600876,-0.01259421823052237,-0.013436813144914295,-0.013433664539600876,0.4587380634533453,0.4578986171442668,0.4587412120586587,0.4587380634533453,0.4453043989137444,3,9732,1,Medical Intensive Care Unit (MICU)
tuned,mimic4-9site,46.14705882352941,-0.05920070098979091,-0.05274931087729756,-0.058646358594527825,-0.05920070098979091,0.4404419719684901,0.43399058185599676,0.439887629573227,0.4404419719684901,0.3812412709786992,4,9732,0,Medical Intensive Care Unit (MICU)
tuned,mimic4-9site,46.14705882352941,-0.04555111893498487,-0.04471167262590636,-0.04555426754029829,-0.04555111893498487,0.4587380634533453,0.4578986171442668,0.4587412120586587,0.4587380634533453,0.4131869445183604,4,9732,1,Medical Intensive Care Unit (MICU)
tuned,mimic4-9site,46.14705882352941,-0.012068901994310155,-0.005617511881816806,-0.01151455959904707,-0.012068901994310155,0.4404419719684901,0.43399058185599676,0.439887629573227,0.4404419719684901,0.42837306997417995,3,9732,0,Medical Intensive Care Unit (MICU)
tuned,mimic4-9site,46.14705882352941,0.004977405949878,0.005816852258956506,0.004974257344564581,0.004977405949878,0.4587380634533453,0.4578986171442668,0.4587412120586587,0.4587380634533453,0.4637154694032233,3,9732,1,Medical Intensive Care Unit (MICU)
tuned,mimic4-9site,46.14705882352941,-0.06505927139763945,-0.0586078812851461,-0.06450492900237637,-0.06505927139763945,0.4404419719684901,0.43399058185599676,0.439887629573227,0.4404419719684901,0.37538270057085066,3,9732,0,Medical Intensive Care Unit (MICU)
tuned,mimic4-9site,46.14705882352941,-0.04201675911617059,-0.04117731280709208,-0.04201990772148401,-0.04201675911617059,0.4587380634533453,0.4578986171442668,0.4587412120586587,0.4587380634533453,0.4167213043371747,3,9732,1,Medical Intensive Care Unit (MICU)
tuned,mimic4-9site,46.14705882352941,-0.05584834948999673,-0.04939695937750338,-0.055294007094733644,-0.05584834948999673,0.4404419719684901,0.43399058185599676,0.439887629573227,0.4404419719684901,0.3845936224784934,3,9732,0,Medical Intensive Care Unit (MICU)
tuned,mimic4-9site,46.14705882352941,-0.08019121225405262,-0.07935176594497412,-0.08019436085936604,-0.08019121225405262,0.4587380634533453,0.4578986171442668,0.4587412120586587,0.4587380634533453,0.37854685119929266,3,9732,1,Medical Intensive Care Unit (MICU)
tuned,mimic4-9site,46.14705882352941,-0.07426806990405077,-0.06781667979155742,-0.07371372750878769,-0.07426806990405077,0.4404419719684901,0.43399058185599676,0.439887629573227,0.4404419719684901,0.36617390206443934,2,9732,0,Medical Intensive Care Unit (MICU)
tuned,mimic4-9site,46.14705882352941,-0.04405464898366923,-0.043215202674590725,-0.04405779758898265,-0.04405464898366923,0.4587380634533453,0.4578986171442668,0.4587412120586587,0.4587380634533453,0.41468341446967605,2,9732,1,Medical Intensive Care Unit (MICU)
tuned,mimic4-9site,46.14705882352941,-0.07038194940287618,-0.06393055929038283,-0.06982760700761309,-0.07038194940287618,0.4404419719684901,0.43399058185599676,0.439887629573227,0.4404419719684901,0.37006002256561393,4,9732,0,Medical Intensive Care Unit (MICU)
tuned,mimic4-9site,46.14705882352941,-0.03778572114249701,-0.0369462748334185,-0.03778886974781043,-0.03778572114249701,0.4587380634533453,0.4578986171442668,0.4587412120586587,0.4587380634533453,0.42095234231084827,4,9732,1,Medical Intensive Care Unit (MICU)
tuned,mimic4-9site,46.14705882352941,-0.01688733068155107,-0.010435940569057722,-0.016332988286287986,-0.01688733068155107,0.4404419719684901,0.43399058185599676,0.439887629573227,0.4404419719684901,0.42355464128693904,2,9732,0,Medical Intensive Care Unit (MICU)
tuned,mimic4-9site,46.14705882352941,0.0024499293442876158,0.0032893756533661223,0.002446780738974197,0.0024499293442876158,0.4587380634533453,0.4578986171442668,0.4587412120586587,0.4587380634533453,0.4611879927976329,2,9732,1,Medical Intensive Care Unit (MICU)
tuned,mimic4-9site,32.294117647058826,-0.01396541081635172,-0.009274691363384269,-0.01396541081635172,-0.01396541081635172,0.3663269521715732,0.36163623271860573,0.3663269521715732,0.3663269521715732,0.35236154135522146,4,7353,0,Medical/Surgical Intensive Care Unit (MICU/SICU)
tuned,mimic4-9site,32.294117647058826,-0.0526707462321655,-0.051832917095319564,-0.0526707462321655,-0.0526707462321655,0.3619858550141209,0.36114802587727496,0.3619858550141209,0.3619858550141209,0.3093151087819554,4,7353,1,Medical/Surgical Intensive Care Unit (MICU/SICU)
tuned,mimic4-9site,32.294117647058826,-0.01573657089139674,-0.011045851438429288,-0.01573657089139674,-0.01573657089139674,0.3663269521715732,0.36163623271860573,0.3663269521715732,0.3663269521715732,0.35059038128017644,2,7353,0,Medical/Surgical Intensive Care Unit (MICU/SICU)
tuned,mimic4-9site,32.294117647058826,-4.264356078403919e-05,0.0007951855760618964,-4.264356078403919e-05,-4.264356078403919e-05,0.3619858550141209,0.36114802587727496,0.3619858550141209,0.3619858550141209,0.36194321145333685,2,7353,1,Medical/Surgical Intensive Care Unit (MICU/SICU)
tuned,mimic4-9site,32.294117647058826,-0.08252413342126558,-0.07783341396829813,-0.08252413342126558,-0.08252413342126558,0.3663269521715732,0.36163623271860573,0.3663269521715732,0.3663269521715732,0.2838028187503076,4,7353,0,Medical/Surgical Intensive Care Unit (MICU/SICU)
tuned,mimic4-9site,32.294117647058826,-0.05864278057062794,-0.057804951433782004,-0.05864278057062794,-0.05864278057062794,0.3619858550141209,0.36114802587727496,0.3619858550141209,0.3619858550141209,0.30334307444349295,4,7353,1,Medical/Surgical Intensive Care Unit (MICU/SICU)
tuned,mimic4-9site,32.294117647058826,-0.08413223785423402,-0.07944151840126656,-0.08413223785423402,-0.08413223785423402,0.3663269521715732,0.36163623271860573,0.3663269521715732,0.3663269521715732,0.28219471431733917,3,7353,0,Medical/Surgical Intensive Care Unit (MICU/SICU)
tuned,mimic4-9site,32.294117647058826,-0.05260353224750508,-0.051765703110659145,-0.05260353224750508,-0.05260353224750508,0.3619858550141209,0.36114802587727496,0.3619858550141209,0.3619858550141209,0.3093823227666158,3,7353,1,Medical/Surgical Intensive Care Unit (MICU/SICU)
tuned,mimic4-9site,32.294117647058826,-0.0854617557039038,-0.08077103625093635,-0.0854617557039038,-0.0854617557039038,0.3663269521715732,0.36163623271860573,0.3663269521715732,0.3663269521715732,0.2808651964676694,4,7353,0,Medical/Surgical Intensive Care Unit (MICU/SICU)
tuned,mimic4-9site,32.294117647058826,-0.051598614819117594,-0.05076078568227166,-0.051598614819117594,-0.051598614819117594,0.3619858550141209,0.36114802587727496,0.3619858550141209,0.3619858550141209,0.3103872401950033,4,7353,1,Medical/Surgical Intensive Care Unit (MICU/SICU)
tuned,mimic4-9site,32.294117647058826,-0.0737103459224781,-0.06901962646951065,-0.0737103459224781,-0.0737103459224781,0.3663269521715732,0.36163623271860573,0.3663269521715732,0.3663269521715732,0.2926166062490951,1,7353,0,Medical/Surgical Intensive Care Unit (MICU/SICU)
tuned,mimic4-9site,32.294117647058826,-0.05533658244305811,-0.05449875330621218,-0.05533658244305811,-0.05533658244305811,0.3619858550141209,0.36114802587727496,0.3619858550141209,0.3619858550141209,0.3066492725710628,1,7353,1,Medical/Surgical Intensive Care Unit (MICU/SICU)
tuned,mimic4-9site,32.294117647058826,-0.057445902303969565,-0.052755182851002114,-0.057445902303969565,-0.057445902303969565,0.3663269521715732,0.36163623271860573,0.3663269521715732,0.3663269521715732,0.3088810498676036,3,7353,0,Medical/Surgical Intensive Care Unit (MICU/SICU)
tuned,mimic4-9site,32.294117647058826,-0.04330871177498774,-0.042470882638141805,-0.04330871177498774,-0.04330871177498774,0.3619858550141209,0.36114802587727496,0.3619858550141209,0.3619858550141209,0.31867714323913315,3,7353,1,Medical/Surgical Intensive Care Unit (MICU/SICU)
tuned,mimic4-9site,2.103448275862069,0.001516529862457941,-0.0385344216244809,-0.0015972112572857078,0.001516529862457941,0.07934998772231165,0.11940093920925049,0.0824637288420553,0.07934998772231165,0.08086651758476959,4,3138,0,Neuro Intermediate
selected,mimic4-9site,2.103448275862069,0.0014744811730373203,-0.02834595986180838,0.0014744811730373203,-0.023338299662727144,0.09746333227049854,0.12728377330534424,0.09746333227049854,0.122276113106263,0.09893781344353586,4,3138,1,Neuro Intermediate
tuned,mimic4-9site,2.103448275862069,0.015514608767122504,-0.024536342719816334,0.012400867647378855,0.015514608767122504,0.07934998772231165,0.11940093920925049,0.0824637288420553,0.07934998772231165,0.09486459648943416,3,3138,0,Neuro Intermediate
selected,mimic4-9site,2.103448275862069,-0.0034926997082993516,-0.03331314074314505,-0.0034926997082993516,-0.028305480544063816,0.09746333227049854,0.12728377330534424,0.09746333227049854,0.122276113106263,0.09397063256219919,3,3138,1,Neuro Intermediate
tuned,mimic4-9site,2.103448275862069,0.014607240390709958,-0.02544371109622888,0.01149349927096631,0.014607240390709958,0.07934998772231165,0.11940093920925049,0.0824637288420553,0.07934998772231165,0.09395722811302161,4,3138,0,Neuro Intermediate
selected,mimic4-9site,2.103448275862069,0.005395485396997496,-0.024424955637848203,0.005395485396997496,-0.01941729543876697,0.09746333227049854,0.12728377330534424,0.09746333227049854,0.122276113106263,0.10285881766749604,4,3138,1,Neuro Intermediate
tuned,mimic4-9site,2.103448275862069,0.032107085532526725,-0.007943865954412113,0.028993344412783076,0.032107085532526725,0.07934998772231165,0.11940093920925049,0.0824637288420553,0.07934998772231165,0.11145707325483838,2,3138,0,Neuro Intermediate
selected,mimic4-9site,2.103448275862069,0.033084698237783886,0.0032642572029381867,0.033084698237783886,0.008271917402019421,0.09746333227049854,0.12728377330534424,0.09746333227049854,0.122276113106263,0.13054803050828243,2,3138,1,Neuro Intermediate
tuned,mimic4-9site,2.103448275862069,0.014848694665960546,-0.02520225682097829,0.011734953546216897,0.014848694665960546,0.07934998772231165,0.11940093920925049,0.0824637288420553,0.07934998772231165,0.0941986823882722,2,3138,0,Neuro Intermediate
selected,mimic4-9site,2.103448275862069,0.006666758988923646,-0.023153682045922053,0.006666758988923646,-0.018146021846840818,0.09746333227049854,0.12728377330534424,0.09746333227049854,0.122276113106263,0.10413009125942219,2,3138,1,Neuro Intermediate
tuned,mimic4-9site,2.103448275862069,0.03424061091588958,-0.005810340571049261,0.03112686979614593,0.03424061091588958,0.07934998772231165,0.11940093920925049,0.0824637288420553,0.07934998772231165,0.11359059863820123,2,3138,0,Neuro Intermediate
selected,mimic4-9site,2.103448275862069,0.0209491551550689,-0.0088712858797768,0.0209491551550689,-0.003863625680695565,0.09746333227049854,0.12728377330534424,0.09746333227049854,0.122276113106263,0.11841248742556744,2,3138,1,Neuro Intermediate
tuned,mimic4-9site,2.103448275862069,0.017857924799957015,-0.022193026686981823,0.014744183680213366,0.017857924799957015,0.07934998772231165,0.11940093920925049,0.0824637288420553,0.07934998772231165,0.09720791252226867,1,3138,0,Neuro Intermediate
selected,mimic4-9site,2.103448275862069,0.008241119706382818,-0.02157932132846288,0.008241119706382818,-0.016571661129381646,0.09746333227049854,0.12728377330534424,0.09746333227049854,0.122276113106263,0.10570445197688136,1,3138,1,Neuro Intermediate
selected,mimic4-9site,0.5172413793103449,0.14212003028743075,0.052006313943221416,0.14212003028743075,0.1395608451957352,0.16181046223410456,0.2519241785783139,0.16181046223410456,0.16436964732580012,0.3039304925215353,4,698,0,Neuro Stepdown
selected,mimic4-9site,0.5172413793103449,0.04268466988456722,0.022550954521811245,0.04268466988456722,0.041138245262931,0.09020282775033724,0.11033654311309321,0.09020282775033724,0.09174925237197346,0.13288749763490446,4,698,1,Neuro Stepdown
selected,mimic4-9site,0.5172413793103449,0.03982870270461358,-0.050285013639595755,0.03982870270461358,0.037269517612918024,0.16181046223410456,0.2519241785783139,0.16181046223410456,0.16436964732580012,0.20163916493871814,3,698,0,Neuro Stepdown
selected,mimic4-9site,0.5172413793103449,0.0022676219209537135,-0.01786609344180226,0.0022676219209537135,0.0007211972993174942,0.09020282775033724,0.11033654311309321,0.09020282775033724,0.09174925237197346,0.09247044967129095,3,698,1,Neuro Stepdown
selected,mimic4-9site,0.5172413793103449,0.06474920949518001,-0.025364506849029328,0.06474920949518001,0.06219002440348445,0.16181046223410456,0.2519241785783139,0.16181046223410456,0.16436964732580012,0.22655967172928457,3,698,0,Neuro Stepdown
selected,mimic4-9site,0.5172413793103449,0.01830677048704639,-0.0018269448757095852,0.01830677048704639,0.01676034586541017,0.09020282775033724,0.11033654311309321,0.09020282775033724,0.09174925237197346,0.10850959823738363,3,698,1,Neuro Stepdown
selected,mimic4-9site,0.5172413793103449,0.10346140821294608,0.013347691868736744,0.10346140821294608,0.10090222312125052,0.16181046223410456,0.2519241785783139,0.16181046223410456,0.16436964732580012,0.26527187044705064,3,698,0,Neuro Stepdown
selected,mimic4-9site,0.5172413793103449,0.011679340687677925,-0.00845437467507805,0.011679340687677925,0.010132916066041706,0.09020282775033724,0.11033654311309321,0.09020282775033724,0.09174925237197346,0.10188216843801516,3,698,1,Neuro Stepdown
selected,mimic4-9site,0.5172413793103449,0.10635219432740145,0.016238477983192112,0.10635219432740145,0.10379300923570589,0.16181046223410456,0.2519241785783139,0.16181046223410456,0.16436964732580012,0.268162656561506,4,698,0,Neuro Stepdown
selected,mimic4-9site,0.5172413793103449,0.008691375542524499,-0.011442339820231476,0.008691375542524499,0.007144950920888279,0.09020282775033724,0.11033654311309321,0.09020282775033724,0.09174925237197346,0.09889420329286173,4,698,1,Neuro Stepdown
selected,mimic4-9site,0.5172413793103449,0.05511086458237299,-0.035002851761836346,0.05511086458237299,0.05255167949067743,0.16181046223410456,0.2519241785783139,0.16181046223410456,0.16436964732580012,0.21692132681647755,1,698,0,Neuro Stepdown
selected,mimic4-9site,0.5172413793103449,0.08773890666906882,0.06760519130631285,0.08773890666906882,0.0861924820474326,0.09020282775033724,0.11033654311309321,0.09020282775033724,0.09174925237197346,0.17794173441940606,1,698,1,Neuro Stepdown
selected,mimic4-9site,0.5172413793103449,0.21072582500806503,0.12061210866385569,0.21072582500806503,0.20816663991636947,0.16181046223410456,0.2519241785783139,0.16181046223410456,0.16436964732580012,0.3725362872421696,1,698,0,Neuro Stepdown
selected,mimic4-9site,0.5172413793103449,0.06674055955019291,0.046606844187436935,0.06674055955019291,0.06519413492855669,0.09020282775033724,0.11033654311309321,0.09020282775033724,0.09174925237197346,0.15694338730053015,1,698,1,Neuro Stepdown
selected,mimic4-9site,7.027027027027027,-0.0786879707244097,-0.04489177554150281,-0.0786879707244097,-0.03898290045123887,0.5952949632715114,0.5614987680886045,0.5952949632715114,0.5555898929983406,0.5166069925471017,1,946,0,Neuro Surgical Intensive Care Unit (Neuro SICU)
tuned,mimic4-9site,7.222222222222222,-0.0899522132307754,-0.09788690669860434,-0.0899522132307754,-0.0899522132307754,0.48940236693715194,0.4973370604049809,0.48940236693715194,0.48940236693715194,0.39945015370637654,1,946,1,Neuro Surgical Intensive Care Unit (Neuro SICU)
selected,mimic4-9site,7.027027027027027,-0.06374226200603872,-0.029946066823131834,-0.06374226200603872,-0.02403719173286789,0.5952949632715114,0.5614987680886045,0.5952949632715114,0.5555898929983406,0.5315527012654727,4,946,0,Neuro Surgical Intensive Care Unit (Neuro SICU)
tuned,mimic4-9site,7.222222222222222,-0.019136694081910988,-0.027071387549739923,-0.019136694081910988,-0.019136694081910988,0.48940236693715194,0.4973370604049809,0.48940236693715194,0.48940236693715194,0.47026567285524096,4,946,1,Neuro Surgical Intensive Care Unit (Neuro SICU)
selected,mimic4-9site,7.027027027027027,-0.03852546186881323,-0.0047292666859063415,-0.03852546186881323,0.0011796084043576016,0.5952949632715114,0.5614987680886045,0.5952949632715114,0.5555898929983406,0.5567695014026982,4,946,0,Neuro Surgical Intensive Care Unit (Neuro SICU)
tuned,mimic4-9site,7.222222222222222,0.012856902515187618,0.004922209047358683,0.012856902515187618,0.012856902515187618,0.48940236693715194,0.4973370604049809,0.48940236693715194,0.48940236693715194,0.5022592694523396,4,946,1,Neuro Surgical Intensive Care Unit (Neuro SICU)
selected,mimic4-9site,7.027027027027027,-0.11272736625083923,-0.07893117106793235,-0.11272736625083923,-0.0730222959776684,0.5952949632715114,0.5614987680886045,0.5952949632715114,0.5555898929983406,0.4825675970206722,2,946,0,Neuro Surgical Intensive Care Unit (Neuro SICU)
tuned,mimic4-9site,7.222222222222222,-0.04853781293881776,-0.056472506406646694,-0.04853781293881776,-0.04853781293881776,0.48940236693715194,0.4973370604049809,0.48940236693715194,0.48940236693715194,0.4408645539983342,2,946,1,Neuro Surgical Intensive Care Unit (Neuro SICU)
selected,mimic4-9site,7.027027027027027,-0.08472932681623269,-0.0509331316333258,-0.08472932681623269,-0.04502425654306186,0.5952949632715114,0.5614987680886045,0.5952949632715114,0.5555898929983406,0.5105656364552787,3,946,0,Neuro Surgical Intensive Care Unit (Neuro SICU)
tuned,mimic4-9site,7.222222222222222,-0.04510607247500498,-0.05304076594283391,-0.04510607247500498,-0.04510607247500498,0.48940236693715194,0.4973370604049809,0.48940236693715194,0.48940236693715194,0.44429629446214697,3,946,1,Neuro Surgical Intensive Care Unit (Neuro SICU)
selected,mimic4-9site,7.027027027027027,-0.10696439059104346,-0.07316819540813657,-0.10696439059104346,-0.06725932031787263,0.5952949632715114,0.5614987680886045,0.5952949632715114,0.5555898929983406,0.488330572680468,1,946,0,Neuro Surgical Intensive Care Unit (Neuro SICU)
tuned,mimic4-9site,7.222222222222222,-0.06826528551955663,-0.07619997898738556,-0.06826528551955663,-0.06826528551955663,0.48940236693715194,0.4973370604049809,0.48940236693715194,0.48940236693715194,0.4211370814175953,1,946,1,Neuro Surgical Intensive Care Unit (Neuro SICU)
selected,mimic4-9site,7.027027027027027,-0.04420761328058087,-0.010411418097673986,-0.04420761328058087,-0.0045025430074100425,0.5952949632715114,0.5614987680886045,0.5952949632715114,0.5555898929983406,0.5510873499909306,2,946,0,Neuro Surgical Intensive Care Unit (Neuro SICU)
tuned,mimic4-9site,7.222222222222222,0.009335016869913504,0.001400323402084569,0.009335016869913504,0.009335016869913504,0.48940236693715194,0.4973370604049809,0.48940236693715194,0.48940236693715194,0.49873738380706545,2,946,1,Neuro Surgical Intensive Care Unit (Neuro SICU)
default,mimic4-9site,23.3,0.009188434188962036,0.009188434188962036,0.009188434188962036,0.009188434188962036,0.29770354593208415,0.29770354593208415,0.29770354593208415,0.29770354593208415,0.3068919801210462,1,6334,0,Surgical Intensive Care Unit (SICU)
tuned,mimic4-9site,23.3,-0.017715562802365803,-0.01445504148628396,-0.017715562802365803,-0.017715562802365803,0.35994963283458964,0.3566891115185078,0.35994963283458964,0.35994963283458964,0.34223407003222384,1,6334,1,Surgical Intensive Care Unit (SICU)
default,mimic4-9site,23.3,-0.02190104375029378,-0.02190104375029378,-0.02190104375029378,-0.02190104375029378,0.29770354593208415,0.29770354593208415,0.29770354593208415,0.29770354593208415,0.27580250218179037,4,6334,0,Surgical Intensive Care Unit (SICU)
tuned,mimic4-9site,23.3,-0.021729460217304708,-0.018468938901222864,-0.021729460217304708,-0.021729460217304708,0.35994963283458964,0.3566891115185078,0.35994963283458964,0.35994963283458964,0.33822017261728493,4,6334,1,Surgical Intensive Care Unit (SICU)
default,mimic4-9site,23.3,0.0027486077553546817,0.0027486077553546817,0.0027486077553546817,0.0027486077553546817,0.29770354593208415,0.29770354593208415,0.29770354593208415,0.29770354593208415,0.3004521536874388,1,6334,0,Surgical Intensive Care Unit (SICU)
tuned,mimic4-9site,23.3,-0.005227287368468669,-0.0019667660523868258,-0.005227287368468669,-0.005227287368468669,0.35994963283458964,0.3566891115185078,0.35994963283458964,0.35994963283458964,0.35472234546612097,1,6334,1,Surgical Intensive Care Unit (SICU)
default,mimic4-9site,23.3,-0.026235848382659688,-0.026235848382659688,-0.026235848382659688,-0.026235848382659688,0.29770354593208415,0.29770354593208415,0.29770354593208415,0.29770354593208415,0.27146769754942446,3,6334,0,Surgical Intensive Care Unit (SICU)
tuned,mimic4-9site,23.3,-0.048503103940521486,-0.04524258262443964,-0.048503103940521486,-0.048503103940521486,0.35994963283458964,0.3566891115185078,0.35994963283458964,0.35994963283458964,0.31144652889406815,3,6334,1,Surgical Intensive Care Unit (SICU)
default,mimic4-9site,23.3,-0.0238809371636734,-0.0238809371636734,-0.0238809371636734,-0.0238809371636734,0.29770354593208415,0.29770354593208415,0.29770354593208415,0.29770354593208415,0.27382260876841075,4,6334,0,Surgical Intensive Care Unit (SICU)
tuned,mimic4-9site,23.3,-0.04966726903615032,-0.046406747720068475,-0.04966726903615032,-0.04966726903615032,0.35994963283458964,0.3566891115185078,0.35994963283458964,0.35994963283458964,0.3102823637984393,4,6334,1,Surgical Intensive Care Unit (SICU)
default,mimic4-9site,23.3,0.003979203308951296,0.003979203308951296,0.003979203308951296,0.003979203308951296,0.29770354593208415,0.29770354593208415,0.29770354593208415,0.29770354593208415,0.30168274924103544,2,6334,0,Surgical Intensive Care Unit (SICU)
tuned,mimic4-9site,23.3,-0.005068332427205446,-0.0018078111111236028,-0.005068332427205446,-0.005068332427205446,0.35994963283458964,0.3566891115185078,0.35994963283458964,0.35994963283458964,0.3548813004073842,2,6334,1,Surgical Intensive Care Unit (SICU)
default,mimic4-9site,23.3,-0.04930193979962544,-0.04930193979962544,-0.04930193979962544,-0.04930193979962544,0.29770354593208415,0.29770354593208415,0.29770354593208415,0.29770354593208415,0.2484016061324587,1,6334,0,Surgical Intensive Care Unit (SICU)
tuned,mimic4-9site,23.3,-0.0905841356312353,-0.08732361431515345,-0.0905841356312353,-0.0905841356312353,0.35994963283458964,0.3566891115185078,0.35994963283458964,0.35994963283458964,0.26936549720335434,1,6334,1,Surgical Intensive Care Unit (SICU)
tuned,mimic4-9site,16.29032258064516,0.00037378206251942325,0.0003506754255737099,-0.0013811373011360373,0.00037378206251942325,0.3825645574893126,0.38258766412625833,0.3843194768529681,0.3825645574893126,0.38293833955183204,2,4896,0,Trauma SICU (TSICU)
selected,mimic4-9site,15.78125,0.013687965683387482,0.01868776468022748,0.013687965683387482,0.011619017871441872,0.38254210563629193,0.37754230663945193,0.38254210563629193,0.38461105344823754,0.3962300713196794,2,4896,1,Trauma SICU (TSICU)
tuned,mimic4-9site,16.29032258064516,-0.0058043812413793305,-0.005827487878325044,-0.007559300605034791,-0.0058043812413793305,0.3825645574893126,0.38258766412625833,0.3843194768529681,0.3825645574893126,0.3767601762479333,1,4896,0,Trauma SICU (TSICU)
selected,mimic4-9site,15.78125,0.006112555420490051,0.01111235441733005,0.006112555420490051,0.004043607608544442,0.38254210563629193,0.37754230663945193,0.38254210563629193,0.38461105344823754,0.388654661056782,1,4896,1,Trauma SICU (TSICU)
tuned,mimic4-9site,16.29032258064516,-0.020609478184553442,-0.020632584821499156,-0.022364397548208903,-0.020609478184553442,0.3825645574893126,0.38258766412625833,0.3843194768529681,0.3825645574893126,0.3619550793047592,4,4896,0,Trauma SICU (TSICU)
selected,mimic4-9site,15.78125,-0.02808049284872144,-0.02308069385188144,-0.02808049284872144,-0.03014944066066705,0.38254210563629193,0.37754230663945193,0.38254210563629193,0.38461105344823754,0.3544616127875705,4,4896,1,Trauma SICU (TSICU)
tuned,mimic4-9site,16.29032258064516,-0.052949012799884454,-0.05297211943683017,-0.054703932163539915,-0.052949012799884454,0.3825645574893126,0.38258766412625833,0.3843194768529681,0.3825645574893126,0.32961554468942816,1,4896,0,Trauma SICU (TSICU)
selected,mimic4-9site,15.78125,0.008662520642210292,0.013662319639050291,0.008662520642210292,0.006593572830264682,0.38254210563629193,0.37754230663945193,0.38254210563629193,0.38461105344823754,0.3912046262785022,1,4896,1,Trauma SICU (TSICU)
tuned,mimic4-9site,16.29032258064516,-0.05899136748279599,-0.0590144741197417,-0.06074628684645145,-0.05899136748279599,0.3825645574893126,0.38258766412625833,0.3843194768529681,0.3825645574893126,0.32357319000651663,2,4896,0,Trauma SICU (TSICU)
selected,mimic4-9site,15.78125,0.0072115727535148055,0.012211371750354805,0.0072115727535148055,0.005142624941569196,0.38254210563629193,0.37754230663945193,0.38254210563629193,0.38461105344823754,0.38975367838980673,2,4896,1,Trauma SICU (TSICU)
tuned,mimic4-9site,16.29032258064516,-0.12655986076249803,-0.12658296739944375,-0.1283147801261535,-0.12655986076249803,0.3825645574893126,0.38258766412625833,0.3843194768529681,0.3825645574893126,0.2560046967268146,3,4896,0,Trauma SICU (TSICU)
selected,mimic4-9site,15.78125,-0.04186342081198652,-0.03686362181514652,-0.04186342081198652,-0.04393236862393213,0.38254210563629193,0.37754230663945193,0.38254210563629193,0.38461105344823754,0.3406786848243054,3,4896,1,Trauma SICU (TSICU)
tuned,mimic4-9site,16.29032258064516,-0.04609551307050558,-0.04611861970745129,-0.04785043243416104,-0.04609551307050558,0.3825645574893126,0.38258766412625833,0.3843194768529681,0.3825645574893126,0.33646904441880704,2,4896,0,Trauma SICU (TSICU)
selected,mimic4-9site,15.78125,-0.002539462280040039,0.00246033671679996,-0.002539462280040039,-0.0046084100919856485,0.38254210563629193,0.37754230663945193,0.38254210563629193,0.38461105344823754,0.3800026433562519,2,4896,1,Trauma SICU (TSICU)
tuned,mimic4-9site,16.29032258064516,-0.0008311202659933015,-0.0008542269029390148,-0.002586039629648762,-0.0008311202659933015,0.3825645574893126,0.38258766412625833,0.3843194768529681,0.3825645574893126,0.3817334372233193,2,4896,0,Trauma SICU (TSICU)
selected,mimic4-9site,15.78125,-0.015273512398629896,-0.010273713401789897,-0.015273512398629896,-0.017342460210575505,0.38254210563629193,0.37754230663945193,0.38254210563629193,0.38461105344823754,0.36726859323766203,2,4896,1,Trauma SICU (TSICU)
