dataset,epv_target,gb_ensemble,gb_local,gb_pooled,lr_ensemble,lr_fedavg5,lr_local,lr_merge,lr_pooled,n_partners,n_target,seed,target
heart-4site,7.461538461538462,-0.014211511603119842,0.9155821331235675,-0.024087654691572924,-0.04556965955616843,-0.019891602421893917,0.9327388974930527,-0.005301084156170477,-0.0038056702969517797,1,212,0,cleveland
heart-4site,7.461538461538462,0.0006131986718508342,0.8683046382794953,-0.00012157397243839352,-0.011233258655067413,-0.0009467305186997566,0.8771598295069721,-0.009575723898276989,-0.0008306219442226759,1,212,1,cleveland
heart-4site,7.461538461538462,-0.015254673450651124,0.9155821331235675,-0.018670358124906694,-0.05376837766716669,-0.012564019829948703,0.9327388974930527,0.0014730356557896007,-0.008588648883406269,2,212,0,cleveland
heart-4site,7.461538461538462,-0.0015832750231641324,0.8683046382794953,-0.009676506572579013,-0.016525937639718657,-0.005339759275924338,0.8771598295069721,-0.013326939212343403,0.0018862420142365943,2,212,1,cleveland
heart-4site,7.461538461538462,-0.02400530635970477,0.9155821331235675,0.004228029856707338,-0.07879160918814831,-0.012948454216573091,0.9327388974930527,-0.003025453938168887,-0.012820303762050234,3,212,0,cleveland
heart-4site,7.461538461538462,0.00025416889258977893,0.8683046382794953,0.007549144941669139,-0.02968448200670859,-0.012026799352167439,0.8771598295069721,-0.01685582227276572,-0.004810552674723745,3,212,1,cleveland
heart-4site,7.461538461538462,-0.01738660118001434,0.9155821331235675,0.0005266406278843228,-0.05077572329528102,-0.002330927844621522,0.9327388974930527,0.003667641456551407,-0.007019957686337119,2,212,0,cleveland
heart-4site,7.461538461538462,-0.004969831543944814,0.8683046382794953,-0.02386821632623848,-0.013141448607443706,0.003707146226732294,0.8771598295069721,-0.0006428951348905754,-0.0007800944016337352,2,212,1,cleveland
heart-4site,7.4,0.04358856601636796,0.7599203346580934,0.02749409337266817,0.004090271234778009,-0.010804341764201308,0.8143798867704989,0.00304305720203224,-0.029874706532762807,1,205,0,hungarian
heart-4site,7.4,0.0022737556375252987,0.7707316604534772,0.016632513466341425,0.03136440673600882,0.020114904970012448,0.7922410856232307,0.03789883676524197,0.03691336066836959,1,205,1,hungarian
heart-4site,7.4,0.0469847546003469,0.7599203346580934,0.040015769413875746,-0.0008330509977559908,-0.017127898173781464,0.8143798867704989,0.002388147901226101,-0.04355093490973949,2,205,0,hungarian
heart-4site,7.4,0.014505528941716639,0.7707316604534772,-0.009361016583919968,0.03374133703005744,0.02670362889336253,0.7922410856232307,0.03465245950759255,0.03807335183916538,2,205,1,hungarian
heart-4site,7.4,0.030780575948325617,0.7599203346580934,0.020658014702023997,0.0077122860031278995,0.004336898379535548,0.8143798867704989,0.016230204378124058,-0.007423191038149812,3,205,0,hungarian
heart-4site,7.4,-0.004562129448687502,0.7707316604534772,0.007977412825050711,0.03180767530779294,0.02083543552417344,0.7922410856232307,0.029757351567281987,0.02922803024866716,3,205,1,hungarian
heart-4site,7.4,0.038553679774427474,0.7599203346580934,0.023691379050215566,0.009903584971952095,0.004833554084554659,0.8143798867704989,0.02317869286938401,0.004911863485386525,2,205,0,hungarian
heart-4site,7.4,-0.0033588188191860935,0.7707316604534772,-0.0019466339045117742,0.027412985495239517,0.01575374867749335,0.7922410856232307,0.03267869770392551,0.028095617638408177,2,205,1,hungarian
heart-4site,7.4,-0.03769805693402695,0.7599203346580934,-0.043931222960301386,-0.007166724226955412,-0.0013185733681709833,0.8143798867704989,0.004669046601446847,-0.0893484065892659,1,205,0,hungarian
heart-4site,7.4,-0.007920487830510137,0.7707316604534772,-0.024082391944667436,0.01873161462596018,0.013181999859535165,0.7922410856232307,0.00923354249831887,0.02633729982436417,1,205,1,hungarian
heart-4site,7.4,0.010646011934099087,0.7599203346580934,0.03213968685308988,0.0026907258956488933,-3.855619208026351e-05,0.8143798867704989,0.00018609371680244902,0.01475611162742807,1,205,0,hungarian
heart-4site,7.4,-0.017852505441613098,0.7707316604534772,-0.00865381999542314,0.00045548959199037675,0.008726142538114323,0.7922410856232307,0.00513125095874245,0.019186992675544023,1,205,1,hungarian
heart-4site,0.6,0.03709650755426974,0.9384369152009976,0.03888222183998402,-0.00041950113378685927,-0.0011904761904761862,0.9870896736485276,0.001521725807440144,-0.008089864338638453,1,86,0,switzerland
heart-4site,0.6,-0.007721448298113831,0.9498734866594221,0.025414156534748877,0.024698828038289156,0.023512844873093353,0.9159917964867806,0.0230181557693816,0.02929202895501959,1,86,1,switzerland
heart-4site,0.6,0.05449485171819468,0.9384369152009976,0.05272369280417877,0.004320367463224617,0.004320367463224617,0.9870896736485276,0.005091342519913944,-0.004320982675019902,2,86,0,switzerland
heart-4site,0.6,-0.007876170055807208,0.9498734866594221,0.00408883136930871,0.020380836095121757,0.01932589104017668,0.9159917964867806,0.013611605325891007,0.024698828038289156,2,86,1,switzerland
heart-4site,0.6,0.055480073393071594,0.9384369152009976,0.053474443554929474,0.00530558913810153,0.00530558913810153,0.9870896736485276,0.006076564194790857,0.000770975056689327,3,86,0,switzerland
heart-4site,0.6,-0.006222554063955776,0.9498734866594221,0.005117969472980932,0.016666666666666607,0.013611605325891007,0.9159917964867806,0.013611605325891007,0.025791756437719138,3,86,1,switzerland
heart-4site,0.6,0.046443070740948,0.9384369152009976,0.04433177577251013,0.004320367463224617,0.002241758241758207,0.9870896736485276,0.005091342519913944,0.0019138321995464391,2,86,0,switzerland
heart-4site,0.6,-0.003114265293902352,0.9498734866594221,0.02773035885095121,0.01251636723065297,0.007662504737038889,0.9159917964867806,0.015365094544891877,0.013624839002115308,2,86,1,switzerland
heart-4site,0.6,0.06076943400535173,0.9384369152009976,0.05449485171819468,0.00530558913810153,0.00807248621951473,0.9870896736485276,0.00807248621951473,0.00530558913810153,2,86,0,switzerland
heart-4site,0.6,-0.0014606493020510314,0.9498734866594221,0.007765158939559091,-0.012416138869340787,-0.010661146549832412,0.9159917964867806,-0.012416138869340787,0.01932589104017668,2,86,1,switzerland
heart-4site,0.6,0.051665491745977565,0.9384369152009976,0.050174484254970175,0.0062579700904824564,0.007179629076657479,0.9870896736485276,0.007179629076657479,0.006387312149886748,1,86,0,switzerland
heart-4site,0.6,0.011664962135094603,0.9498734866594221,-0.0319743218613322,-0.014285714285714346,-0.01333567909922595,0.9159917964867806,0.002760512436342788,0.02185384135073576,1,86,1,switzerland
heart-4site,3.272727272727273,-0.005686840953632588,0.8121927941507605,-0.02285718386269031,0.01813193254253964,0.048434254445529956,0.8021129436619528,0.036198617276736345,0.020952368385254716,2,140,0,va
heart-4site,3.6,0.10088281058356374,0.7909082354295862,0.07440280843934444,0.024450312208070035,0.0334310709077863,0.8889123152020131,0.022665378254550395,-0.04460999939734789,2,140,1,va
heart-4site,3.272727272727273,-0.00945369705543131,0.8121927941507605,0.01818046620157132,0.022421227808055222,0.05127049174644316,0.8021129436619528,0.026243838893552085,0.011745094985154192,3,140,0,va
heart-4site,3.6,0.09147969665999611,0.7909082354295862,0.04992809128719189,0.0267070123149723,0.03328996960593389,0.8889123152020131,0.028580656608721666,-0.055957343317321384,3,140,1,va
heart-4site,3.272727272727273,0.0047310279346611805,0.8121927941507605,-0.0024426524715945863,0.01795201670392399,0.020673921839436615,0.8021129436619528,0.01609146796880867,0.01149390436332609,1,140,0,va
heart-4site,3.6,0.095142910113024,0.7909082354295862,0.08304729643595343,-0.006141345311205582,0.02155760321896305,0.8889123152020131,0.004496651231331583,-0.047114623681048906,1,140,1,va
heart-4site,3.272727272727273,-0.023423579742941292,0.8121927941507605,0.005007327831313302,-0.004361999674247996,0.007442029385058335,0.8021129436619528,0.004986580403270824,-0.030861559252236104,1,140,0,va
heart-4site,3.6,0.004258278751752331,0.7909082354295862,-0.033476226429618894,0.019141402037990085,0.006707492415819694,0.8889123152020131,0.030343042705947898,-0.10254208667083464,1,140,1,va
mimic-11site,11.0,0.028855693969570106,0.2939078042786258,0.055320450577848346,0.005582102489671947,0.011408715943432235,0.3392103681720656,-0.0327690708657018,0.02968515773151098,4,2722,0,CCU-care
mimic-11site,11.0,0.10735378870408929,0.280627321249426,0.1342987697507355,0.0342607851615932,0.03382283797208585,0.37122406614840175,-0.0030462326510344306,0.07710586911302025,4,2722,1,CCU-care
mimic-11site,11.0,0.03840613747186966,0.2939078042786258,0.06788413461234255,0.0006090399305835881,0.015444008841419998,0.3392103681720656,-0.0028238743673685285,0.01650234588182259,3,2722,0,CCU-care
mimic-11site,11.0,0.11187730506819721,0.280627321249426,0.1414766393358381,0.024376442399248965,0.033562524835542895,0.37122406614840175,0.018937704846868908,0.07371396801561292,3,2722,1,CCU-care
mimic-11site,11.0,-0.010181745128414299,0.2939078042786258,0.008287675768236635,-0.008947847918167384,0.0040614449672401465,0.3392103681720656,-0.028088507256939454,0.01227757577105637,1,2722,0,CCU-care
mimic-11site,11.0,0.03407553287069637,0.280627321249426,0.1105197848628604,0.024294339478064864,0.005869364175436487,0.37122406614840175,0.023965449480442658,0.06740847234622671,1,2722,1,CCU-care
mimic-11site,11.0,0.029534505364218477,0.2939078042786258,0.03427459478876943,-0.0018112544495030303,0.009395355106527836,0.3392103681720656,-0.02352219288750579,0.014071554853315571,1,2722,0,CCU-care
mimic-11site,11.0,0.010370447575894226,0.280627321249426,0.09386756208883212,-0.005593661975099085,-0.00540627088044926,0.37122406614840175,-0.01569552304955729,0.04696646679334271,1,2722,1,CCU-care
mimic-11site,11.0,0.052568932280593395,0.2939078042786258,0.077456631146882,-0.012946064406727631,0.008766235024689373,0.3392103681720656,-0.03748512309315605,0.01486650765700126,4,2722,0,CCU-care
mimic-11site,11.0,0.1045348290359368,0.280627321249426,0.13900684711310046,0.016148071436005162,0.034109237173423124,0.37122406614840175,0.006488460331589563,0.06646746067601778,4,2722,1,CCU-care
mimic-11site,11.0,0.059963352594080865,0.2939078042786258,0.08956696936308567,0.0024727212130958853,0.012869198382468583,0.3392103681720656,-0.009670576060246239,0.01837800726420913,3,2722,0,CCU-care
mimic-11site,11.0,0.11017242811102984,0.280627321249426,0.10475607520883495,0.042388022549006144,0.02927814641892268,0.37122406614840175,0.017986226905562397,0.06341300350992396,3,2722,1,CCU-care
mimic-11site,11.0,0.052861684820910526,0.2939078042786258,0.0799647215261799,-0.013591939799665498,0.013495088649148723,0.3392103681720656,0.006896931066643686,0.012885417806250299,2,2722,0,CCU-care
mimic-11site,11.0,0.09725783900700885,0.280627321249426,0.09773704917849141,0.031003448270982448,0.03231654209906637,0.37122406614840175,0.03421760788801781,0.06591552283381524,2,2722,1,CCU-care
mimic-11site,11.0,0.03472930744240016,0.2939078042786258,0.066965129922269,0.0010033274345895293,0.00411684765708048,0.3392103681720656,-0.03805467277084368,0.028355995322856542,3,2722,0,CCU-care
mimic-11site,11.0,0.11972754230804389,0.280627321249426,0.14170864145988937,0.02543294866238588,0.026389850099498624,0.37122406614840175,-0.020849754197998838,0.06299375056301715,3,2722,1,CCU-care
mimic-11site,11.0,0.0053182157195289514,0.2939078042786258,0.05194990099078095,-0.02399917154910003,-0.006124563629572699,0.3392103681720656,-0.01720458891817156,0.0061103169278396985,1,2722,0,CCU-care
mimic-11site,11.0,0.05844002817507593,0.280627321249426,0.09800001974087358,0.002385522599447687,0.0023407319746379662,0.37122406614840175,0.00977500264173814,0.05110487993442209,1,2722,1,CCU-care
mimic-11site,11.0,0.0027328676333676083,0.2939078042786258,0.03174200287313034,-0.01677765545204768,-0.006455535047815875,0.3392103681720656,-0.011672054383476183,-0.00369188850959562,1,2722,0,CCU-care
mimic-11site,11.0,0.06372030559280922,0.280627321249426,0.10543473563604855,-0.0025671644320449105,-0.011874144548092103,0.37122406614840175,0.011878998015615705,0.05956401664901051,1,2722,1,CCU-care
mimic-11site,5.962962962962963,0.09435358551869799,0.36680893783471813,0.11657967913858042,0.023223917026535312,0.01939674271823133,0.4230907520385529,0.051880709769499656,0.02922084995433616,3,1535,0,CCU-meta
mimic-11site,5.962962962962963,0.10510590584701984,0.4071517055865961,0.11674051924219653,0.0077052478206619535,-0.01840091046409026,0.419591549385327,0.0703428448435523,0.10912527171759073,3,1535,1,CCU-meta
mimic-11site,5.962962962962963,0.11229688955933742,0.36680893783471813,0.050715124041243065,0.023556174543782504,0.018008455108721344,0.4230907520385529,0.029092931784999665,0.01977915671739744,4,1535,0,CCU-meta
mimic-11site,5.962962962962963,0.12278346977067822,0.4071517055865961,0.0538059848726965,-0.0022164329963184626,-0.033025399429266133,0.419591549385327,-0.001977608425355548,0.08718125747485866,4,1535,1,CCU-meta
mimic-11site,5.962962962962963,0.12808899036887778,0.36680893783471813,0.11047607441384305,0.037314987198949934,0.03584155219559354,0.4230907520385529,0.032225072634241736,0.02560812883959307,3,1535,0,CCU-meta
mimic-11site,5.962962962962963,0.11444528550482724,0.4071517055865961,0.10231020083940845,0.011527109440839511,-0.01446662475228555,0.419591549385327,0.029969517730511874,0.10163049237442107,3,1535,1,CCU-meta
mimic-11site,5.962962962962963,0.10069059789857415,0.36680893783471813,0.054319083533494295,0.015063392247748775,-0.002589886690549603,0.4230907520385529,0.016938977609119832,-0.027142567963226616,3,1535,0,CCU-meta
mimic-11site,5.962962962962963,0.10597264497330317,0.4071517055865961,0.01927873873128272,-0.018103852951677546,-0.029876793037239724,0.419591549385327,-0.05984822411927093,0.06973189131336976,3,1535,1,CCU-meta
mimic-11site,5.962962962962963,0.09322684109828189,0.36680893783471813,0.08555521834599011,0.02447081509876603,0.012877469101730155,0.4230907520385529,0.011661766154335229,0.00745253236448068,2,1535,0,CCU-meta
mimic-11site,5.962962962962963,0.08167824006023328,0.4071517055865961,0.05348048434157576,-0.004309924042585067,-0.02953173731506331,0.419591549385327,-0.00505330009046262,0.08456274092777089,2,1535,1,CCU-meta
mimic-11site,5.962962962962963,0.12614463177633517,0.36680893783471813,0.11703958154325028,0.04451636592652142,0.02883142084918683,0.4230907520385529,0.0462295352155232,0.031210064749709387,4,1535,0,CCU-meta
mimic-11site,5.962962962962963,0.10192743313675867,0.4071517055865961,0.06646421196065555,0.021130735014774693,-0.030143900067473084,0.419591549385327,0.04803202856375077,0.08983333703707824,4,1535,1,CCU-meta
mimic-11site,5.962962962962963,0.13660485995768967,0.36680893783471813,0.08306821506980377,0.06011569845156284,0.02868044987758911,0.4230907520385529,0.042216889402146185,0.032612535105127516,3,1535,0,CCU-meta
mimic-11site,5.962962962962963,0.11434708930305348,0.4071517055865961,0.10636915290818705,0.03317693663149829,-0.033981763674160226,0.419591549385327,0.04722570729119763,0.08431493782685501,3,1535,1,CCU-meta
mimic-11site,5.962962962962963,0.09402341432315803,0.36680893783471813,0.06846068873768307,0.011023839824768344,-0.006751038754204242,0.4230907520385529,-0.0015726703521351526,-0.026132999660540113,2,1535,0,CCU-meta
mimic-11site,5.962962962962963,0.08892262228988923,0.4071517055865961,0.06880059931310661,-0.0365014659845454,-0.03168432645334712,0.419591549385327,-0.043841545809436056,0.06659396129489398,2,1535,1,CCU-meta
mimic-11site,5.962962962962963,0.08849306530688011,0.36680893783471813,0.05074862280419362,0.014039390494921145,-0.0052954406582690905,0.4230907520385529,0.014424594212292363,-0.002301402410851805,2,1535,0,CCU-meta
mimic-11site,5.962962962962963,0.10400482588131987,0.4071517055865961,0.009802111924238854,-0.008334631324913466,-0.036880423518166894,0.419591549385327,0.01043998930201967,0.08556113506732183,2,1535,1,CCU-meta
mimic-11site,5.962962962962963,0.03104390834387072,0.36680893783471813,0.05890320286009754,3.2896597626452806e-05,-0.009614258498349737,0.4230907520385529,0.0021096533297561004,-0.012143250414277662,1,1535,0,CCU-meta
mimic-11site,5.962962962962963,0.08981298100518825,0.4071517055865961,0.05561569776101172,-0.033597642189378274,-0.03629398347998658,0.419591549385327,-0.005220333783057696,0.09134346060820292,1,1535,1,CCU-meta
mimic-11site,4.142857142857143,0.0009720789386071793,0.2466239589709312,0.12605632053312343,0.053213468213139825,0.014783671558357303,0.26576455473012284,0.046870166234248556,0.0676761454411266,4,3483,0,CSRU-care
mimic-11site,4.142857142857143,0.02789333669719596,0.302944208420369,0.12109541774407967,0.04358332863485875,0.02143559116905086,0.3138845145424077,0.06010433563334139,0.06902978995124237,4,3483,1,CSRU-care
mimic-11site,4.142857142857143,0.012356086598936888,0.2466239589709312,0.10180465998752797,0.037805760373906094,0.01908054016317451,0.26576455473012284,0.05444720222878319,0.0600319246369902,4,3483,0,CSRU-care
mimic-11site,4.142857142857143,-0.0027738477983483834,0.302944208420369,0.11582975217101349,0.02077074843864163,0.015361944861450205,0.3138845145424077,0.019755232041642534,0.02633166234820533,4,3483,1,CSRU-care
mimic-11site,4.142857142857143,0.03069055036667734,0.2466239589709312,0.12422153495780153,0.04642802992284972,0.013602892067521133,0.26576455473012284,0.031292430295544016,0.05344411724409909,3,3483,0,CSRU-care
mimic-11site,4.142857142857143,-0.006858682629494517,0.302944208420369,0.1048103281315294,0.04112693794507433,0.012128847697987832,0.3138845145424077,0.059653178151816255,0.03151577650651266,3,3483,1,CSRU-care
mimic-11site,4.142857142857143,0.014312813357639786,0.2466239589709312,0.14096539260292623,0.03571409238038692,0.006845949645677918,0.26576455473012284,0.02396845916061008,0.049466453824125234,2,3483,0,CSRU-care
mimic-11site,4.142857142857143,-0.012412300255974673,0.302944208420369,0.1022080162390902,0.03367680194144268,0.015954030103755124,0.3138845145424077,0.0635250341442215,0.029554622372876094,2,3483,1,CSRU-care
mimic-11site,4.142857142857143,-0.0026044005463047304,0.2466239589709312,0.12142237686822754,0.05712385893152616,0.03689204374449723,0.26576455473012284,0.06915108809497167,0.05363919178805199,4,3483,0,CSRU-care
mimic-11site,4.142857142857143,-0.017680058562457746,0.302944208420369,0.1732831206512656,0.01829445913216393,0.027212729136617875,0.3138845145424077,0.027037143807792874,0.04413119978785124,4,3483,1,CSRU-care
mimic-11site,4.142857142857143,0.06364188856954311,0.2466239589709312,0.17336816745380568,0.06166577347513691,0.02100374123423171,0.26576455473012284,0.048995301310500006,0.03417899385171008,3,3483,0,CSRU-care
mimic-11site,4.142857142857143,-0.010061190877472925,0.302944208420369,0.13777901202524845,0.01617590923335005,0.01738327674753487,0.3138845145424077,0.033841032207792554,0.024527415081935233,3,3483,1,CSRU-care
mimic-11site,4.142857142857143,0.04084874788392562,0.2466239589709312,0.1047454561374686,0.05016286309725537,0.019154983871440656,0.26576455473012284,0.0762910604038105,0.05192109812993401,2,3483,0,CSRU-care
mimic-11site,4.142857142857143,-0.03373044606916037,0.302944208420369,0.05908891364240909,0.01907710681014052,0.022888892633613822,0.3138845145424077,0.011789387153678721,0.02560356045260459,2,3483,1,CSRU-care
mimic-11site,4.142857142857143,0.016595310770728733,0.2466239589709312,0.16648500981208203,0.03855720615812036,0.01893734335640007,0.26576455473012284,0.060194675990659474,0.05243061175181973,4,3483,0,CSRU-care
mimic-11site,4.142857142857143,-0.04519070977922224,0.302944208420369,0.060382272330390396,0.0021930801466565897,0.013464863386589032,0.3138845145424077,0.01845312405389571,0.009985858475420661,4,3483,1,CSRU-care
mimic-11site,4.142857142857143,0.005747001710799782,0.2466239589709312,0.12389186729510021,0.02322224852860022,0.018969363601495925,0.26576455473012284,0.009283310426749958,0.023544591698834216,1,3483,0,CSRU-care
mimic-11site,4.142857142857143,0.03746082202034956,0.302944208420369,0.1580702738434278,0.007082291461223689,0.007795788146755744,0.3138845145424077,-0.0008934797977793174,0.04096181301339069,1,3483,1,CSRU-care
mimic-11site,4.142857142857143,0.037794300033093586,0.2466239589709312,0.13626913967961707,0.036885681740463194,0.022930043918393872,0.26576455473012284,0.04693455011228309,0.03712844209266858,3,3483,0,CSRU-care
mimic-11site,4.142857142857143,-0.003795408666388833,0.302944208420369,0.10620380915215677,0.02477211310916,0.024985041779894634,0.3138845145424077,0.016867869359673826,0.019351875580083833,3,3483,1,CSRU-care
mimic-11site,1.6111111111111112,0.035158669648499646,0.20795601704480798,0.13679806434620517,0.06285118563009462,0.036634318121397724,0.25806128993285066,0.09372902777332387,0.027993998628613737,4,2031,0,CSRU-meta
mimic-11site,1.6111111111111112,0.14585867134181313,0.19995278279078943,0.11570181176039068,-0.031133155982387944,-0.027923658596573475,0.2548488847677239,-0.04204194983946258,-0.020808999651115018,4,2031,1,CSRU-meta
mimic-11site,1.6111111111111112,0.014499425162782215,0.20795601704480798,0.11505786668790713,0.00029800054971312884,0.015404071885134152,0.25806128993285066,0.05886874543053866,-0.009574228950115005,3,2031,0,CSRU-meta
mimic-11site,1.6111111111111112,0.07341738150731125,0.19995278279078943,0.06822582170556868,-0.009953330825044404,-0.021323471415785167,0.2548488847677239,0.011169264745175989,-0.027129355607053235,3,2031,1,CSRU-meta
mimic-11site,1.6111111111111112,0.07177099875382414,0.20795601704480798,0.08361817861312953,0.04646926202145146,0.0035056140615321585,0.25806128993285066,0.02115014198650489,0.023520316700468058,4,2031,0,CSRU-meta
mimic-11site,1.6111111111111112,0.09770454700244935,0.19995278279078943,0.09508477557303785,-0.02591525588038579,-0.022635312643140726,0.2548488847677239,-0.058095940449148065,-0.04545321695141766,4,2031,1,CSRU-meta
mimic-11site,1.6111111111111112,0.011851995047229141,0.20795601704480798,0.009188911244857267,0.033508254891771894,0.028835415512086515,0.25806128993285066,0.048916390134432386,-0.03455879818042043,2,2031,0,CSRU-meta
mimic-11site,1.6111111111111112,0.08117875576745431,0.19995278279078943,0.06309180853564145,-0.037169101903049784,-0.050065792214130045,0.2548488847677239,-0.04921332942300821,-0.04129451130221756,2,2031,1,CSRU-meta
mimic-11site,1.6111111111111112,0.027576449437965556,0.20795601704480798,0.1390317848362453,0.0573201408463303,0.02084572184118144,0.25806128993285066,0.024824234381119803,0.04682142776128384,4,2031,0,CSRU-meta
mimic-11site,1.6111111111111112,0.09556987059521271,0.19995278279078943,0.1432287742936082,-0.016333464609474074,-0.006517109264785825,0.2548488847677239,-0.018996938322029033,-0.021573962288608,4,2031,1,CSRU-meta
mimic-11site,1.6111111111111112,0.06699747676464651,0.20795601704480798,0.038492511959176245,0.027620390790754845,0.02365049457720092,0.25806128993285066,0.011679826930741377,0.0431724250493527,2,2031,0,CSRU-meta
mimic-11site,1.6111111111111112,0.04395399092363089,0.19995278279078943,0.06102998049121017,-0.0167710174550251,-0.01749735937057459,0.2548488847677239,-0.03273863381216904,-0.05942242294906522,2,2031,1,CSRU-meta
mimic-11site,1.6111111111111112,0.01679732303486517,0.20795601704480798,0.15046507614600646,0.03489127266026282,-0.004652041927312556,0.25806128993285066,0.04365864622202997,0.04935334137705344,1,2031,0,CSRU-meta
mimic-11site,1.6111111111111112,0.06285788234335526,0.19995278279078943,0.11140199238018306,-0.013475334287263052,-0.022692492610694115,0.2548488847677239,-0.03322868241863122,-0.03693488073477935,1,2031,1,CSRU-meta
mimic-11site,1.6111111111111112,0.03464064030691266,0.20795601704480798,0.11516346831139945,-0.009848564507624474,0.001779717829391736,0.25806128993285066,-0.017016950182944968,-0.013566700215070143,2,2031,0,CSRU-meta
mimic-11site,1.6111111111111112,0.020033573450917025,0.19995278279078943,0.0643909828487706,-0.003472671215534573,-0.021465281339518,0.2548488847677239,-0.025445068706954455,-0.06244605690471153,2,2031,1,CSRU-meta
mimic-11site,1.6111111111111112,-0.035694780000107146,0.20795601704480798,0.0638843329725558,0.021212683122241394,0.01630501074547841,0.25806128993285066,0.02275730977161583,-0.015408425781054225,1,2031,0,CSRU-meta
mimic-11site,1.6111111111111112,0.040189870160589225,0.19995278279078943,0.029225364266989046,-0.008927684215181919,-0.025737527583942543,0.2548488847677239,-0.004934691955393838,-0.04671447227310696,1,2031,1,CSRU-meta
mimic-11site,32.666666666666664,0.0018324723840564827,0.47829882431392784,0.029802667972621155,-0.016885454481646356,-0.012909846753224763,0.4341359738604249,-0.004997446616807677,0.025928315391855083,4,5985,0,MICU-care
mimic-11site,32.666666666666664,0.024131299841499976,0.42232518585034184,0.05847192870110923,0.008399969653499095,0.011365376650594505,0.39625197738531515,0.009138417635201401,0.02823639407672507,4,5985,1,MICU-care
mimic-11site,32.666666666666664,-0.027981246345567867,0.47829882431392784,0.006317619785531414,-0.05416780356472617,-0.021239500903530217,0.4341359738604249,-0.018120393060493623,0.017849182850701972,3,5985,0,MICU-care
mimic-11site,32.666666666666664,-0.016939433983526375,0.42232518585034184,0.03500788012166117,-0.021279191879114423,0.0011248398253239644,0.39625197738531515,-0.0007712682938407767,0.01664858096585331,3,5985,1,MICU-care
mimic-11site,32.666666666666664,-0.030341388452086504,0.47829882431392784,0.0022106000889000055,-0.05340885055894534,-0.018229223020330365,0.4341359738604249,-0.023007721974138973,0.01825651447091925,3,5985,0,MICU-care
mimic-11site,32.666666666666664,-0.014681343233828026,0.42232518585034184,0.029877247019741038,-0.014775843239854758,0.00477161998518949,0.39625197738531515,-0.0006290045328842808,0.019057990487417298,3,5985,1,MICU-care
mimic-11site,32.666666666666664,-0.030783253435476554,0.47829882431392784,0.014175710337560488,-0.01410351507234242,-0.0019568654034218813,0.4341359738604249,-0.02749012735800982,0.024558769326980145,1,5985,0,MICU-care
mimic-11site,32.666666666666664,-0.0015881815403914201,0.42232518585034184,0.0403215276646805,0.0070074396701340635,0.009631648871480936,0.39625197738531515,-0.006234467820179557,0.01801403664358253,1,5985,1,MICU-care
mimic-11site,32.666666666666664,-0.05742143959763052,0.47829882431392784,-0.018673972546269013,-0.025537582227266376,-0.018219485968585747,0.4341359738604249,-0.03635527799862792,0.011467201317154951,3,5985,0,MICU-care
mimic-11site,32.666666666666664,-0.022166144536873933,0.42232518585034184,0.02766793005818191,-0.014967216485131052,-0.003836184885755156,0.39625197738531515,-0.025339899086310402,0.012438582289329092,3,5985,1,MICU-care
mimic-11site,32.666666666666664,-0.011965139013981219,0.47829882431392784,0.018819166790154773,-0.014080630587260001,-0.014242617188145568,0.4341359738604249,-0.033220634735464105,0.016453956896491262,4,5985,0,MICU-care
mimic-11site,32.666666666666664,0.016652625819444544,0.42232518585034184,0.05325421448520057,-0.00381277663915941,0.0022737654525006312,0.39625197738531515,-0.011048933030633368,0.020339571532531076,4,5985,1,MICU-care
mimic-11site,32.666666666666664,-0.02697682088090886,0.47829882431392784,0.008919359030533702,-0.05406233948939487,-0.02627250809886955,0.4341359738604249,-0.04077838243251364,0.013089516868973028,4,5985,0,MICU-care
mimic-11site,32.666666666666664,-0.016153343069929105,0.42232518585034184,0.02965077043276737,-0.02045006749295969,-0.0030837875403982307,0.39625197738531515,-0.01402588563590551,0.012569674130994413,4,5985,1,MICU-care
mimic-11site,32.666666666666664,0.0208004634177808,0.47829882431392784,0.017849869452076506,0.006041756999516423,-0.0056315126457514575,0.4341359738604249,0.008545054640772709,0.028980422843335518,1,5985,0,MICU-care
mimic-11site,32.666666666666664,0.04083922563379577,0.42232518585034184,0.044222521438115614,0.014272634644220572,0.009248801973644583,0.39625197738531515,0.01032690344869347,0.027603900988713848,1,5985,1,MICU-care
mimic-11site,32.666666666666664,-0.00209070603298267,0.47829882431392784,0.001554298885474592,-0.029449253674889264,-0.0048163492447547696,0.4341359738604249,-0.011335027929363584,0.02174213965270544,1,5985,0,MICU-care
mimic-11site,32.666666666666664,-0.010559831334856717,0.42232518585034184,0.025991899110605787,-0.020775163263875462,0.00022061937100942286,0.39625197738531515,-0.008625671479883912,0.014336383089553428,1,5985,1,MICU-care
mimic-11site,32.666666666666664,-0.024769445146889058,0.47829882431392784,-1.3748955259296203e-05,-0.03731090991022207,-0.005262803268683447,0.4341359738604249,-0.0056261384315069995,0.021761634671119856,1,5985,0,MICU-care
mimic-11site,32.666666666666664,-0.027859508452514448,0.42232518585034184,0.014859584164020334,-0.020371250434787158,0.00409531205067537,0.39625197738531515,-0.002693027817825433,0.012808422310810419,1,5985,1,MICU-care
mimic-11site,25.88888888888889,-0.009768558756075574,0.4012907712056481,0.021650927892494953,-0.03667631115216402,-0.013048485161107404,0.3820123011407326,-0.02183551962460384,0.02777088724775517,1,5469,0,MICU-meta
mimic-11site,25.88888888888889,-0.0212446916586278,0.4130566158685749,-0.002880520435073919,-0.02624878120317331,-0.002646834392048325,0.3943010884587935,-0.006578960911020615,-0.00018874519046557792,1,5469,1,MICU-meta
mimic-11site,25.88888888888889,-0.009684661211593781,0.4012907712056481,0.018808681303379426,-0.05066217479155488,-0.02432218035704159,0.3820123011407326,-0.04536738859178646,0.02333844925608225,4,5469,0,MICU-meta
mimic-11site,25.88888888888889,-0.027634173668110107,0.4130566158685749,0.011120795262803296,-0.05027985439995164,-0.017045453554384804,0.3943010884587935,-0.0408022025972784,0.0029005186832894436,4,5469,1,MICU-meta
mimic-11site,25.88888888888889,-0.006095915624472592,0.4012907712056481,0.03080124098207987,-0.04323305595482829,-0.00835360747870978,0.3820123011407326,-0.03974461623967129,0.03655081433098373,4,5469,0,MICU-meta
mimic-11site,25.88888888888889,-0.030328299014014348,0.4130566158685749,0.021685736328165395,-0.04308475299786574,-0.007836965792964723,0.3943010884587935,-0.037945375505751056,0.017875097481582336,4,5469,1,MICU-meta
mimic-11site,25.88888888888889,-0.012891380368760197,0.4012907712056481,0.03324704274291618,-0.019185196521794845,-0.0033167661534504456,0.3820123011407326,-0.006634738412399255,0.02858122762165377,2,5469,0,MICU-meta
mimic-11site,25.88888888888889,-0.006205748399649269,0.4130566158685749,0.023390840768400145,-0.027582729449852017,-0.006389804418491685,0.3943010884587935,-0.011034609351862956,0.014583054380289728,2,5469,1,MICU-meta
mimic-11site,25.88888888888889,-0.027239563291957147,0.4012907712056481,0.008776852876479224,-0.062113137885060454,-0.019424541026377473,0.3820123011407326,-0.04279409834186404,0.016854636050991634,3,5469,0,MICU-meta
mimic-11site,25.88888888888889,-0.0443206508843339,0.4130566158685749,-0.005320945436263769,-0.05829073897294845,-0.014773284107580775,0.3943010884587935,-0.03915797564225332,-0.003618591357665235,3,5469,1,MICU-meta
mimic-11site,25.88888888888889,-0.0171038939991231,0.4012907712056481,0.03039212099184807,-0.04767900174805556,-0.0083055218788326,0.3820123011407326,-0.03006402468985736,0.026445253284250125,1,5469,0,MICU-meta
mimic-11site,25.88888888888889,-0.033627739399453904,0.4130566158685749,-0.02119203283078741,-0.042675606038990344,-0.003096845727286135,0.3943010884587935,-0.026384624104293763,0.00614579612444921,1,5469,1,MICU-meta
mimic-11site,25.88888888888889,-0.03243782672225093,0.4012907712056481,0.016486911990434727,-0.0861329777263839,-0.0224639574791346,0.3820123011407326,-0.08107512318978122,0.019399715240499993,2,5469,0,MICU-meta
mimic-11site,25.88888888888889,-0.05527329406504777,0.4130566158685749,0.0006905246630259931,-0.06990004589541088,-0.007732483779463062,0.3943010884587935,-0.04502619412866815,0.002258163666361279,2,5469,1,MICU-meta
mimic-11site,25.88888888888889,-0.01015328807385052,0.4012907712056481,0.03494630530532672,-0.06553437964610753,-0.009627945704960394,0.3820123011407326,-0.0682327868012107,0.03102876691478368,1,5469,0,MICU-meta
mimic-11site,25.88888888888889,-0.04147148443069443,0.4130566158685749,-0.014250356075095727,-0.059301764518390754,-0.0014294019369069932,0.3943010884587935,-0.033764714981697086,0.0038099276233632406,1,5469,1,MICU-meta
mimic-11site,10.709677419354838,-0.0006547308465443269,0.35389028124683086,0.024686464431258104,-0.033619967534511686,-0.03657301843207733,0.36551104941725154,-0.027871490629502838,-0.0019754456346348648,1,2489,0,SICU-care
mimic-11site,10.709677419354838,0.017799102929601296,0.32984581421898906,0.0325305887869109,-0.025359995443146877,-0.030388361876613867,0.3666686899186852,-0.021004575585124252,-0.020267768956663323,1,2489,1,SICU-care
mimic-11site,10.709677419354838,-0.013551291736338733,0.35389028124683086,-0.0015556566234269376,-0.04820677877761509,-0.088767898403523,0.36551104941725154,-0.06735139362573112,-0.033715793229867785,2,2489,0,SICU-care
mimic-11site,10.709677419354838,0.0381266884425801,0.32984581421898906,0.018552867288034958,-0.02117029672037868,-0.04038993319509493,0.3666686899186852,-0.02643797292754546,-0.04341494650431299,2,2489,1,SICU-care
mimic-11site,10.709677419354838,-0.020847060425887576,0.35389028124683086,0.026451929392974693,-0.03707856372193402,-0.07564490821909131,0.36551104941725154,-0.04142434443385068,-0.02266403771541481,4,2489,0,SICU-care
mimic-11site,10.709677419354838,0.05576991509126372,0.32984581421898906,0.055069962898447844,-0.014847090299888177,-0.03410317636922455,0.3666686899186852,-0.012677719907997265,-0.021395674918868735,4,2489,1,SICU-care
mimic-11site,10.709677419354838,0.009580066388479747,0.35389028124683086,0.026568173986787957,-0.039153846364878175,-0.042661920481454785,0.36551104941725154,-0.04505490131283102,0.01180972015057613,1,2489,0,SICU-care
mimic-11site,10.709677419354838,0.011327929612952536,0.32984581421898906,0.03746799821795477,-0.02797812024029739,-0.04236626210658756,0.3666686899186852,-0.03816352297709036,0.0035856070962896336,1,2489,1,SICU-care
mimic-11site,10.709677419354838,-0.00904901622472487,0.35389028124683086,0.05770897912996553,-0.04864169783772565,-0.05646956687589011,0.36551104941725154,-0.03523029269173128,0.009357895435608332,2,2489,0,SICU-care
mimic-11site,10.709677419354838,0.02101965475644829,0.32984581421898906,0.007082870031428379,-0.04052739557933166,-0.05283953555610321,0.3666686899186852,-0.05475913322249698,-0.0014363847261619767,2,2489,1,SICU-care
mimic-11site,10.709677419354838,-0.011968948250049072,0.35389028124683086,0.04463166590616385,-0.046101381457815616,-0.08638888145804802,0.36551104941725154,-0.06361753708119178,-0.014426681809554198,3,2489,0,SICU-care
mimic-11site,10.709677419354838,0.04844591876150639,0.32984581421898906,0.05055723607013962,-0.0035893990792059682,-0.03414512820246174,0.3666686899186852,-0.030231775898026725,-0.014985691208893426,3,2489,1,SICU-care
mimic-11site,10.709677419354838,-0.019384706677504804,0.35389028124683086,0.021672571055721068,-0.035772244166628664,-0.027539416870195454,0.36551104941725154,-0.028294751937335882,0.0019441287527210416,1,2489,0,SICU-care
mimic-11site,10.709677419354838,0.014640465139259096,0.32984581421898906,0.01164541610485248,-0.02972950293866561,-0.0270420370117751,0.3666686899186852,-0.04387197176512336,-0.011285180253656546,1,2489,1,SICU-care
mimic-11site,10.709677419354838,-0.013679913269706079,0.35389028124683086,0.013933742473130062,-0.03169465865437887,-0.10007649802948476,0.36551104941725154,-0.059436599291069814,-0.04691022888673524,2,2489,0,SICU-care
mimic-11site,10.709677419354838,0.05969753128143551,0.32984581421898906,0.029518445796438197,-0.00033980873212602347,-0.0393224503564496,0.3666686899186852,-0.004682772872372731,-0.042078619907205406,2,2489,1,SICU-care
mimic-11site,10.709677419354838,-0.007615809134936813,0.35389028124683086,0.04178880324254769,-0.010182223467676055,-0.06116296306325292,0.36551104941725154,-0.012554218610178802,-0.0028494292156526213,4,2489,0,SICU-care
mimic-11site,10.709677419354838,0.0633875156605731,0.32984581421898906,0.030211090901187565,0.017974993713852416,-0.0053385370269904975,0.3666686899186852,0.031555236080443194,0.0008166943721247266,4,2489,1,SICU-care
mimic-11site,10.709677419354838,0.005387217340576844,0.35389028124683086,0.04926842264977932,0.004277463749904897,0.0022047543946155934,0.36551104941725154,0.029065549280902103,0.03425279632200623,2,2489,0,SICU-care
mimic-11site,10.709677419354838,0.04965797521451126,0.32984581421898906,0.0592243433248012,0.009379634914332746,0.012057300582604458,0.3666686899186852,0.030955606989741646,0.029272431665794574,2,2489,1,SICU-care
mimic-11site,9.56,0.022123584927700224,0.2349393069840921,0.05024251297231758,-0.012294934502219634,-0.04874043225619973,0.26953508041334856,-0.027769878009240023,0.040704888436510656,4,2276,0,SICU-meta
mimic-11site,9.56,0.017299993052159846,0.31356636564594065,0.044219438465642524,0.035367906850802044,0.009233042902517807,0.2577762925134516,0.008085576202101319,0.06658100090203706,4,2276,1,SICU-meta
mimic-11site,9.56,0.03438497955183123,0.2349393069840921,0.04217186791474853,-0.03571446507604617,-0.06026851020702456,0.26953508041334856,-0.03955184578922824,-0.005033249810507789,4,2276,0,SICU-meta
mimic-11site,9.56,0.036076689084258706,0.31356636564594065,0.03215921148219392,0.010869639041242718,0.001813559558792699,0.2577762925134516,-0.028339980115062974,0.03882683314714486,4,2276,1,SICU-meta
mimic-11site,9.56,0.030058610715844036,0.2349393069840921,0.06268787565547318,-0.017173530142818194,-0.05170560277201494,0.26953508041334856,-0.03613691676602265,0.009810176349989763,2,2276,0,SICU-meta
mimic-11site,9.56,0.022205736949678978,0.31356636564594065,0.004979631762178582,0.00988001839139463,-0.0006419718137155028,0.2577762925134516,0.008313105748666949,0.04046277970501194,2,2276,1,SICU-meta
mimic-11site,9.56,-0.012162338308077725,0.2349393069840921,0.0396020153430095,-0.006803800617807443,-0.03684926174921441,0.26953508041334856,-0.019685535513020908,0.04737500610264317,1,2276,0,SICU-meta
mimic-11site,9.56,-0.0018628834590116439,0.31356636564594065,0.017157138437068065,0.007814654253451514,0.008897642584197285,0.2577762925134516,-0.016864211204026203,0.07515387876660123,1,2276,1,SICU-meta
mimic-11site,9.56,0.014729222626441218,0.2349393069840921,0.0435217820663889,-0.02629051870568222,-0.05150674527482804,0.26953508041334856,-0.04007238723897161,0.010938374401089745,4,2276,0,SICU-meta
mimic-11site,9.56,-0.0003204428692751282,0.31356636564594065,0.01643998219351417,0.0309053608344656,0.00964315930221371,0.2577762925134516,-0.04545074634314039,0.052990737500478224,4,2276,1,SICU-meta
mimic-11site,9.56,0.01684549447885625,0.2349393069840921,0.05651953123865583,-0.014868265674689296,-0.05382946499786323,0.26953508041334856,-0.029251168010516526,0.011816482758063795,3,2276,0,SICU-meta
mimic-11site,9.56,0.004007982879318028,0.31356636564594065,0.019328283828494608,0.02648937374256033,0.0016144499564291759,0.2577762925134516,-0.017590352014670962,0.04341688317645803,3,2276,1,SICU-meta
mimic-11site,9.56,0.034036829811469105,0.2349393069840921,0.05150059633030507,-0.01345171786940147,-0.04492112353645358,0.26953508041334856,-0.02351003261936635,0.009806812000266452,2,2276,0,SICU-meta
mimic-11site,9.56,0.026385138303117894,0.31356636564594065,-0.011197092395599184,0.04204701997410959,0.025282060961181685,0.2577762925134516,0.029516657887365738,0.053497474768313846,2,2276,1,SICU-meta
mimic-11site,9.56,0.031871674222899105,0.2349393069840921,0.05626782815296083,-0.011613271930361935,-0.05119772516508839,0.26953508041334856,-0.024085107006699052,0.008642320685979532,2,2276,0,SICU-meta
mimic-11site,9.56,0.023769050610529363,0.31356636564594065,0.03217355069519473,0.029049045479909108,0.0012860020919408521,0.2577762925134516,0.026068519671718082,0.040479407070630524,2,2276,1,SICU-meta
mimic-11site,9.56,0.04381747040848144,0.2349393069840921,0.07720869928435747,0.0041166394164393605,-0.04784659704969141,0.26953508041334856,-0.009248011350770857,0.01686447905436622,3,2276,0,SICU-meta
mimic-11site,9.56,0.040441632049745435,0.31356636564594065,0.06034446904041135,0.038027072764360015,0.00619689919774602,0.2577762925134516,0.03572129642380839,0.0494559485686914,3,2276,1,SICU-meta
mimic-11site,9.56,0.03672665077319309,0.2349393069840921,0.08258548353686734,0.007923855133925406,-0.021788968818811594,0.26953508041334856,0.011966426736798319,0.03827329672441515,3,2276,0,SICU-meta
mimic-11site,9.56,0.02608049953302921,0.31356636564594065,0.04593131890880214,0.036029586151137216,0.03380055284827077,0.2577762925134516,0.04729595509544887,0.07226716860474264,3,2276,1,SICU-meta
mimic-11site,6.53125,0.019069850560559376,0.2878361847180567,0.04069276955554585,0.0069302524511083985,-0.019892605426698295,0.2870494836737502,-0.0006499607015483799,0.01754214493293038,4,1880,0,TSICU-care
mimic-11site,6.53125,0.030790420720515244,0.285482192358649,0.05439325980063309,0.00533276570833785,-0.013388359730558796,0.2960038095577343,-0.014065565074037722,0.012064750965007198,4,1880,1,TSICU-care
mimic-11site,6.53125,0.029826583020336028,0.2878361847180567,0.07262675212725078,0.012619394408558693,0.004082347801350861,0.2870494836737502,-0.0039722869778787695,0.021300679616231555,4,1880,0,TSICU-care
mimic-11site,6.53125,0.033011283784569634,0.285482192358649,0.10066736694549244,0.0159725865450413,0.022260351225971975,0.2960038095577343,0.0047950531899714766,0.04823950688098544,4,1880,1,TSICU-care
mimic-11site,6.53125,0.0031290113171158485,0.2878361847180567,0.05959375136719913,-0.0032121757207055346,-0.012777495741962686,0.2870494836737502,-0.008124939940637288,0.005943106016255584,3,1880,0,TSICU-care
mimic-11site,6.53125,0.006007677253342614,0.285482192358649,0.06976780149491563,0.006991211689071075,-0.0030161771048254904,0.2960038095577343,-0.01902718658057173,0.028370317643785392,3,1880,1,TSICU-care
mimic-11site,6.53125,0.01453485735889043,0.2878361847180567,0.07811823251497602,0.003186512876629799,-0.008738619789461222,0.2870494836737502,-0.004023778827542235,0.018288927018697165,4,1880,0,TSICU-care
mimic-11site,6.53125,0.019515091944759144,0.285482192358649,0.055929698492890534,0.011283669215703729,0.005590132462538144,0.2960038095577343,-0.016801533354013465,0.03848544141515853,4,1880,1,TSICU-care
mimic-11site,6.53125,0.01977338096959841,0.2878361847180567,0.06590786434110452,0.0016288035158490977,-0.010161632350525973,0.2870494836737502,-0.02341929516360458,0.012054203795303198,4,1880,0,TSICU-care
mimic-11site,6.53125,0.03585265214910682,0.285482192358649,0.05565883146258699,0.014623697261890778,0.002688260663027575,0.2960038095577343,-0.021731063399410777,0.03419506022836366,4,1880,1,TSICU-care
mimic-11site,6.53125,0.007831645976980717,0.2878361847180567,0.04883062078446454,0.004559791509521793,-0.006669229714458769,0.2870494836737502,-0.013213416685156687,0.0206688551191212,4,1880,0,TSICU-care
mimic-11site,6.53125,0.03234365069187001,0.285482192358649,0.05772425441748236,0.013634432151105325,0.009592927560996833,0.2960038095577343,-0.007597493360378016,0.05343822761380007,4,1880,1,TSICU-care
mimic-11site,6.53125,0.03351314294241575,0.2878361847180567,0.09662364968296877,0.0051450779153627835,-0.007191258897354724,0.2870494836737502,-0.020138556719982048,0.005567186106434585,2,1880,0,TSICU-care
mimic-11site,6.53125,0.02780539496742862,0.285482192358649,0.07337310886976894,0.009920606489994876,-0.004948902760317286,0.2960038095577343,-0.012204980361699314,0.02739804791931455,2,1880,1,TSICU-care
mimic-11site,6.53125,0.022518537632710278,0.2878361847180567,0.06427947301805248,0.0026954227722048585,-0.012113501289297501,0.2870494836737502,0.006536274911184969,0.04036042325653738,3,1880,0,TSICU-care
mimic-11site,6.53125,0.0415007379734082,0.285482192358649,0.07054739054194809,0.008943541455841364,-0.008483650027077239,0.2960038095577343,0.025320164148194824,0.03198493725793278,3,1880,1,TSICU-care
mimic-11site,6.53125,0.04547044320183391,0.2878361847180567,0.04965054112736311,0.013540282558061723,0.015289268928662891,0.2870494836737502,0.014430209970911545,0.01795071971035317,1,1880,0,TSICU-care
mimic-11site,6.53125,0.019451567938426895,0.285482192358649,0.09052742477323494,0.01716682503396083,0.027958476393863674,0.2960038095577343,0.035331020146765924,0.04485586396106306,1,1880,1,TSICU-care
mimic-11site,6.53125,0.0006951077442842735,0.2878361847180567,0.04076683496846528,0.0003156680492481523,0.01179232476529568,0.2870494836737502,0.00783736936446261,0.023089632611294097,1,1880,0,TSICU-care
mimic-11site,6.53125,0.0021791635889468752,0.285482192358649,0.02679488253601614,0.006122028204332608,0.018246602768064335,0.2960038095577343,0.03034531912532612,0.0510452716151894,1,1880,1,TSICU-care
mimic-11site,5.2,0.06306782391924892,0.2848822024530382,0.10087816575056557,0.061294644905008744,0.058943532340749005,0.28593163194440524,0.056333762959798694,0.10969455733464128,2,1527,0,TSICU-meta
mimic-11site,5.2,0.022793218320228792,0.3238875621693085,0.06199937280365625,-0.001838345025166166,0.015258763578344159,0.28867099629888837,-0.014003842327176885,0.07852399346986194,2,1527,1,TSICU-meta
mimic-11site,5.2,0.0632039328804167,0.2848822024530382,0.08614754846725742,0.05299871957511598,0.05719533939137361,0.28593163194440524,0.06107457838865554,0.0926038490914387,4,1527,0,TSICU-meta
mimic-11site,5.2,0.023036116857937994,0.3238875621693085,0.06994295313227822,0.029459096318919187,0.02242112817446268,0.28867099629888837,-0.03135618464354628,0.0524851365047852,4,1527,1,TSICU-meta
mimic-11site,5.2,0.06730229821187794,0.2848822024530382,0.061653336309480056,0.07038906193247424,0.048487574048458326,0.28593163194440524,0.07485612388454133,0.08100967746888693,3,1527,0,TSICU-meta
mimic-11site,5.2,0.04029971895254547,0.3238875621693085,0.044061521507216705,0.03246729869888343,0.007734517091424864,0.28867099629888837,0.030324479793472303,0.04588755999683525,3,1527,1,TSICU-meta
mimic-11site,5.2,0.021438399950795717,0.2848822024530382,0.01553516091180901,0.036047615584715975,0.041916284303891216,0.28593163194440524,0.035633596451412175,0.044216220022875175,1,1527,0,TSICU-meta
mimic-11site,5.2,0.0016266256875756557,0.3238875621693085,0.001098640195839995,0.03460460020131456,0.04609616227298663,0.28867099629888837,0.014545091600753346,0.07503222581889962,1,1527,1,TSICU-meta
mimic-11site,5.2,0.07202181032885668,0.2848822024530382,0.08261620701777933,0.0632588218733125,0.03390040627719215,0.28593163194440524,0.041215166015655225,0.09524409381487642,3,1527,0,TSICU-meta
mimic-11site,5.2,0.01587741079096272,0.3238875621693085,0.04238630806891924,0.04017614690079602,0.018935521931680077,0.28867099629888837,-0.0018259344413831258,0.05492385150508805,3,1527,1,TSICU-meta
mimic-11site,5.2,0.06835653233534111,0.2848822024530382,0.0690457989056194,0.0480771392394711,0.04381373295063212,0.28593163194440524,0.06147107743831387,0.11938408679104756,3,1527,0,TSICU-meta
mimic-11site,5.2,0.0013686902137714507,0.3238875621693085,0.04197355059994734,0.01748431535720346,0.030972165664463425,0.28867099629888837,-0.007018853801237679,0.0963516672971012,3,1527,1,TSICU-meta
mimic-11site,5.2,0.08053087574672024,0.2848822024530382,0.12151407356450306,0.06187856658748775,0.04491446988671516,0.28593163194440524,0.0698782062053882,0.127264246723706,4,1527,0,TSICU-meta
mimic-11site,5.2,0.02407824248485063,0.3238875621693085,0.08916789094897815,0.02402815529183272,0.03602001452796405,0.28867099629888837,0.01641343990446381,0.09868720527704533,4,1527,1,TSICU-meta
mimic-11site,5.2,0.04683307316273022,0.2848822024530382,0.1098682562256692,0.039084947417358684,0.042497958384358936,0.28593163194440524,0.04422481157644803,0.09991476058484428,1,1527,0,TSICU-meta
mimic-11site,5.2,0.032579618516679676,0.3238875621693085,0.060740047180997625,0.01807855935854319,-0.009127333520781156,0.28867099629888837,-0.029583607052509397,0.04063255197306792,1,1527,1,TSICU-meta
mimic-11site,5.2,0.05643568087454126,0.2848822024530382,0.1199469961015458,0.04730563149605388,0.0242836038112772,0.28593163194440524,0.05543918045583901,0.06920434351117605,1,1527,0,TSICU-meta
mimic-11site,5.2,0.02405137593122708,0.3238875621693085,0.013863033469121211,0.027313436325934193,-0.008000419462998176,0.28867099629888837,-0.0242633531624476,0.03915959959546517,1,1527,1,TSICU-meta
mimic-11site,5.2,0.007054453277005213,0.2848822024530382,0.049291088633907576,0.0033773838987805616,0.018077917543634137,0.28593163194440524,0.005209221216706361,0.09177665677018154,1,1527,0,TSICU-meta
mimic-11site,5.2,-0.017731520731080697,0.3238875621693085,-0.027133987947476013,0.0032013048433090496,0.027238716120586037,0.28867099629888837,-0.0068198310128937956,0.0932714391682461,1,1527,1,TSICU-meta
plco-2cohort,3.607843137254902,0.014446900690338285,0.09184233241095487,0.003161115610044507,0.004179554088210996,0.0010590833366641017,0.127802271052562,-0.0005505498198233871,-0.013296647223786331,1,14000,0,ovarian
plco-2cohort,3.707070707070707,0.010210931466832537,0.07324761277796937,0.012664035457825934,0.001582518437077518,0.0013724710845441218,0.10127065024370027,-0.0009652597489120673,-0.014771694555742551,1,14000,1,ovarian
plco-2cohort,8.88888888888889,-0.00161008768525564,0.15085272787868523,0.018489345271744506,-0.018775584335716577,0.009776599965326593,0.16936706808978114,0.0005660032471414,-0.014234188651103596,1,14000,0,prostate
plco-2cohort,8.88888888888889,0.006758409147824385,0.13393492193508377,0.014574186559831975,-0.018818232593749762,0.0017789369323772675,0.1528124343871961,-0.0035185407250002687,-0.0016267469684611013,1,14000,1,prostate
