dataset,target,n_partners,n_target,n_min,n_partner_total,d_target,ratio_partner_to_target,events_target,epv_target,schema_jaccard,q_median,i2_median,benefit,helped
heart-4site,cleveland,1,212,205,205,13,0.9669811320754716,139,7.461538461538462,0.7692307692307693,3.9817816353775806,0.7473188765654344,-0.005301084156170477,0
heart-4site,cleveland,1,212,205,205,13,0.9669811320754716,139,7.461538461538462,0.7692307692307693,11.18822875668058,0.9104750614577697,-0.009575723898276989,0
heart-4site,cleveland,1,212,205,205,13,0.9669811320754716,139,7.461538461538462,0.7692307692307693,6.097712348280584,0.7666416582692064,0.016958759104656385,1
heart-4site,cleveland,2,212,86,291,13,1.3726415094339623,139,7.461538461538462,0.6153846153846154,8.794090433034546,0.83563878033092,0.0014730356557896007,1
heart-4site,cleveland,2,212,86,291,13,1.3726415094339623,139,7.461538461538462,0.6153846153846154,24.744551925959875,0.9352035261484698,-0.013326939212343403,0
heart-4site,cleveland,2,212,86,291,13,1.3726415094339623,139,7.461538461538462,0.6153846153846154,13.143808110761057,0.885889211340128,0.019542578265197563,1
heart-4site,cleveland,3,212,86,431,13,2.0330188679245285,139,7.461538461538462,0.6153846153846154,17.73552356426424,0.9023539304971683,-0.003025453938168887,0
heart-4site,cleveland,3,212,86,431,13,2.0330188679245285,139,7.461538461538462,0.6153846153846154,40.41328698561661,0.9267592399934288,-0.01685582227276572,0
heart-4site,cleveland,3,212,86,431,13,2.0330188679245285,139,7.461538461538462,0.6153846153846154,18.81804140196084,0.8927543774035582,0.023293311265326078,1
heart-4site,cleveland,2,212,86,226,13,1.0660377358490567,139,7.461538461538462,0.6923076923076923,12.249578574935503,0.8886461217087845,0.003667641456551407,1
heart-4site,cleveland,2,212,86,226,13,1.0660377358490567,139,7.461538461538462,0.6153846153846154,21.323701992185725,0.8887438708366733,-0.0006428951348905754,0
heart-4site,cleveland,2,212,86,226,13,1.0660377358490567,139,7.461538461538462,0.6153846153846154,17.697023526501482,0.9168068958804625,0.014064773865005376,1
heart-4site,cleveland,1,212,140,140,13,0.660377358490566,139,7.461538461538462,0.8461538461538461,8.155855787641828,0.8773887098990579,-0.002016479268070026,0
heart-4site,cleveland,1,212,140,140,13,0.660377358490566,139,7.461538461538462,0.7692307692307693,4.307076618560871,0.6934602618126554,-0.00046319956053109124,0
heart-4site,cleveland,1,212,140,140,13,0.660377358490566,139,7.461538461538462,0.7692307692307693,9.564076516085345,0.893409100294366,0.016149478491518043,1
heart-4site,hungarian,1,205,205,212,10,1.0341463414634147,106,7.4,0.7692307692307693,3.9817816353775806,0.7473188765654344,0.00304305720203224,1
heart-4site,hungarian,1,205,205,212,10,1.0341463414634147,106,7.4,0.7692307692307693,11.18822875668058,0.9104750614577697,0.03789883676524197,1
heart-4site,hungarian,1,205,205,212,10,1.0341463414634147,106,7.4,0.7692307692307693,6.097712348280584,0.7666416582692064,0.04531106616169067,1
heart-4site,hungarian,2,205,86,298,10,1.4536585365853658,106,7.4,0.6153846153846154,8.794090433034546,0.83563878033092,0.002388147901226101,1
heart-4site,hungarian,2,205,86,298,10,1.4536585365853658,106,7.4,0.6153846153846154,24.744551925959875,0.9352035261484698,0.03465245950759255,1
heart-4site,hungarian,2,205,86,298,10,1.4536585365853658,106,7.4,0.6153846153846154,13.143808110761057,0.885889211340128,0.0430499482904918,1
heart-4site,hungarian,3,205,86,438,10,2.1365853658536587,106,7.4,0.6153846153846154,17.73552356426424,0.9023539304971683,0.016230204378124058,1
heart-4site,hungarian,3,205,86,438,10,2.1365853658536587,106,7.4,0.6153846153846154,40.41328698561661,0.9267592399934288,0.029757351567281987,1
heart-4site,hungarian,3,205,86,438,10,2.1365853658536587,106,7.4,0.6153846153846154,18.81804140196084,0.8927543774035582,0.04142717484943348,1
heart-4site,hungarian,2,205,140,352,10,1.7170731707317073,106,7.4,0.7692307692307693,13.265380682359169,0.8533932875908722,0.02317869286938401,1
heart-4site,hungarian,2,205,140,352,10,1.7170731707317073,106,7.4,0.7692307692307693,28.796712547074197,0.901052767402049,0.03267869770392551,1
heart-4site,hungarian,2,205,140,352,10,1.7170731707317073,106,7.4,0.7692307692307693,13.595405698019285,0.8516537202613921,0.045739679226675656,1
heart-4site,hungarian,1,205,86,86,10,0.4195121951219512,106,7.4,0.6666666666666666,2.960969429437821,0.516739097820972,0.004669046601446847,1
heart-4site,hungarian,1,205,86,86,10,0.4195121951219512,106,7.4,0.6666666666666666,7.1158424017179716,0.8573283570845102,0.00923354249831887,1
heart-4site,hungarian,1,205,86,86,10,0.4195121951219512,106,7.4,0.6666666666666666,2.0961004298902917,0.3590625077209295,0.0036123655435841284,1
heart-4site,hungarian,1,205,140,140,10,0.6829268292682927,106,7.4,0.9090909090909091,1.1950153203184888,0.20483068593249926,0.00018609371680244902,1
heart-4site,hungarian,1,205,140,140,10,0.6829268292682927,106,7.4,1.0,8.29147642564934,0.8790893697866886,0.00513125095874245,1
heart-4site,hungarian,1,205,140,140,10,0.6829268292682927,106,7.4,1.0,2.3563226714479235,0.5754077396023866,0.014209096374102614,1
heart-4site,switzerland,2,86,86,417,10,4.848837209302325,115,0.6,0.6153846153846154,8.794090433034546,0.83563878033092,0.005091342519913944,1
heart-4site,switzerland,2,86,86,417,10,4.848837209302325,115,0.6,0.6153846153846154,24.744551925959875,0.9352035261484698,0.013611605325891007,1
heart-4site,switzerland,2,86,86,417,10,4.848837209302325,115,0.6,0.6153846153846154,13.143808110761057,0.885889211340128,0.0062094169678204025,1
heart-4site,switzerland,3,86,86,557,10,6.476744186046512,115,0.6,0.6153846153846154,17.73552356426424,0.9023539304971683,0.006076564194790857,1
heart-4site,switzerland,3,86,86,557,10,6.476744186046512,115,0.6,0.6153846153846154,40.41328698561661,0.9267592399934288,0.013611605325891007,1
heart-4site,switzerland,3,86,86,557,10,6.476744186046512,115,0.6,0.6153846153846154,18.81804140196084,0.8927543774035582,0.0062094169678204025,1
heart-4site,switzerland,2,86,86,352,10,4.093023255813954,115,0.6,0.6923076923076923,12.249578574935503,0.8886461217087845,0.005091342519913944,1
heart-4site,switzerland,2,86,86,352,10,4.093023255813954,115,0.6,0.6153846153846154,21.323701992185725,0.8887438708366733,0.015365094544891877,1
heart-4site,switzerland,2,86,86,352,10,4.093023255813954,115,0.6,0.6153846153846154,17.697023526501482,0.9168068958804625,0.0062094169678204025,1
heart-4site,switzerland,1,86,86,205,10,2.383720930232558,115,0.6,0.6666666666666666,2.960969429437821,0.516739097820972,0.00807248621951473,1
heart-4site,switzerland,1,86,86,205,10,2.383720930232558,115,0.6,0.6666666666666666,7.1158424017179716,0.8573283570845102,-0.011525201849371558,0
heart-4site,switzerland,1,86,86,205,10,2.383720930232558,115,0.6,0.6666666666666666,2.0961004298902917,0.3590625077209295,0.00962556199527942,1
heart-4site,switzerland,2,86,86,345,10,4.011627906976744,115,0.6,0.6666666666666666,6.881791127046414,0.7093779856032368,0.00807248621951473,1
heart-4site,switzerland,2,86,86,345,10,4.011627906976744,115,0.6,0.6666666666666666,15.919131761687238,0.89595756704223,-0.012416138869340787,0
heart-4site,switzerland,2,86,86,345,10,4.011627906976744,115,0.6,0.6666666666666666,3.5049711741019838,0.5705332087366599,0.01051841913813667,1
heart-4site,switzerland,1,86,86,140,10,1.627906976744186,115,0.6,0.75,2.8028148613639967,0.6432158207148411,0.007179629076657479,1
heart-4site,switzerland,1,86,86,140,10,1.627906976744186,115,0.6,0.6666666666666666,1.446852007373542,0.3060247921273414,0.002760512436342788,1
heart-4site,switzerland,1,86,86,140,10,1.627906976744186,115,0.6,0.6666666666666666,2.6927940144455933,0.5581155594331988,0.011384220003937462,1
heart-4site,va,1,140,140,212,11,1.5142857142857142,149,3.272727272727273,0.8461538461538461,8.155855787641828,0.8773887098990579,0.03615346008094178,1
heart-4site,va,1,140,140,212,10,1.5142857142857142,149,3.6,0.7692307692307693,4.307076618560871,0.6934602618126554,0.013822675026466169,1
heart-4site,va,1,140,140,212,10,1.5142857142857142,149,3.6,0.7692307692307693,9.564076516085345,0.893409100294366,0.03067145356635015,1
heart-4site,va,2,140,140,417,11,2.9785714285714286,149,3.272727272727273,0.7692307692307693,13.265380682359169,0.8533932875908722,0.036198617276736345,1
heart-4site,va,2,140,140,417,10,2.9785714285714286,149,3.6,0.7692307692307693,28.796712547074197,0.901052767402049,0.022665378254550395,1
heart-4site,va,2,140,140,417,10,2.9785714285714286,149,3.6,0.7692307692307693,13.595405698019285,0.8516537202613921,0.03360154789482639,1
heart-4site,va,3,140,86,503,11,3.592857142857143,149,3.272727272727273,0.6153846153846154,17.73552356426424,0.9023539304971683,0.026243838893552085,1
heart-4site,va,3,140,86,503,10,3.592857142857143,149,3.6,0.6153846153846154,40.41328698561661,0.9267592399934288,0.028580656608721666,1
heart-4site,va,3,140,86,503,10,3.592857142857143,149,3.6,0.6153846153846154,18.81804140196084,0.8927543774035582,0.027289723960075785,1
heart-4site,va,1,140,140,205,11,1.4642857142857142,149,3.272727272727273,0.9090909090909091,1.1950153203184888,0.20483068593249926,0.01609146796880867,1
heart-4site,va,1,140,140,205,10,1.4642857142857142,149,3.6,1.0,8.29147642564934,0.8790893697866886,0.004496651231331583,1
heart-4site,va,1,140,140,205,10,1.4642857142857142,149,3.6,1.0,2.3563226714479235,0.5754077396023866,0.007535444755912946,1
heart-4site,va,1,140,86,86,11,0.6142857142857143,149,3.272727272727273,0.75,2.8028148613639967,0.6432158207148411,0.004986580403270824,1
heart-4site,va,1,140,86,86,10,0.6142857142857143,149,3.6,0.6666666666666666,1.446852007373542,0.3060247921273414,0.030343042705947898,1
heart-4site,va,1,140,86,86,10,0.6142857142857143,149,3.6,0.6666666666666666,2.6927940144455933,0.5581155594331988,-0.07782905938605866,0
mimic-11site,CCU-care,4,2722,1535,12976,27,4.767083027185893,425,11.0,0.575,324.9517815523286,0.991676158031647,-0.0327690708657018,0
mimic-11site,CCU-care,4,2722,1535,12976,27,4.767083027185893,425,11.0,0.575,340.5125880403856,0.9889523334125565,-0.0030462326510344306,0
mimic-11site,CCU-care,4,2722,1535,12976,27,4.767083027185893,425,11.0,0.575,372.4115062206244,0.991379060978895,-0.01625574156596049,0
mimic-11site,CCU-care,3,2722,1535,9400,27,3.4533431300514326,425,11.0,0.7352941176470589,299.21841930028637,0.9924742524292818,-0.0028238743673685285,0
mimic-11site,CCU-care,3,2722,1535,9400,27,3.4533431300514326,425,11.0,0.7352941176470589,278.0550525594698,0.9888121330399899,0.018937704846868908,1
mimic-11site,CCU-care,3,2722,1535,9400,27,3.4533431300514326,425,11.0,0.7352941176470589,304.47463910776895,0.9900625357054498,-0.003864230307924932,0
mimic-11site,CCU-care,1,2722,2722,3483,27,1.2795738427626746,425,11.0,0.5897435897435898,79.14971389881049,0.9873657155441085,-0.028088507256939454,0
mimic-11site,CCU-care,1,2722,2722,3483,27,1.2795738427626746,425,11.0,0.5897435897435898,107.91495710802533,0.9907334439377206,0.023965449480442658,1
mimic-11site,CCU-care,1,2722,2722,3483,27,1.2795738427626746,425,11.0,0.5897435897435898,76.87743076648643,0.9869922812192115,-0.008404187512527195,0
mimic-11site,CCU-care,1,2722,2031,2031,27,0.7461425422483468,425,11.0,0.575,56.916682539811035,0.9824304587798044,-0.02352219288750579,0
mimic-11site,CCU-care,1,2722,2031,2031,27,0.7461425422483468,425,11.0,0.575,10.675894745563035,0.9063310360552584,-0.01569552304955729,0
mimic-11site,CCU-care,1,2722,2031,2031,27,0.7461425422483468,425,11.0,0.575,34.7210912621724,0.971199061905941,0.0077053018196614476,1
mimic-11site,CCU-care,4,2722,1527,11819,27,4.342027920646584,425,11.0,0.575,531.0372913391197,0.9924223125082066,-0.03748512309315605,0
mimic-11site,CCU-care,4,2722,1527,11819,27,4.342027920646584,425,11.0,0.575,395.80205868253177,0.9897722549379887,0.006488460331589563,1
mimic-11site,CCU-care,4,2722,1527,11819,27,4.342027920646584,425,11.0,0.575,484.5110907738507,0.9927596686989035,-0.011261976556391773,0
mimic-11site,CCU-care,3,2722,2031,9989,27,3.6697281410727407,425,11.0,0.575,353.92126502368615,0.9929840714703959,-0.015460080748166183,0
mimic-11site,CCU-care,3,2722,2031,9989,27,3.6697281410727407,425,11.0,0.575,348.51189350310244,0.9919930371984672,0.005641976387540881,1
mimic-11site,CCU-care,3,2722,2031,9989,27,3.6697281410727407,425,11.0,0.575,514.129218639516,0.9950123677731748,-0.0188822436790273,0
mimic-11site,CCU-care,3,2722,1527,12981,27,4.768919911829537,425,11.0,0.7575757575757576,260.54887250548006,0.9884518616164475,-0.009670576060246239,0
mimic-11site,CCU-care,3,2722,1527,12981,27,4.768919911829537,425,11.0,0.7575757575757576,342.0247245777906,0.9905621459792,0.017986226905562397,1
mimic-11site,CCU-care,3,2722,1527,12981,27,4.768919911829537,425,11.0,0.7575757575757576,256.21121554414225,0.9900038843306475,-0.01575433348830274,0
mimic-11site,CCU-care,2,2722,1527,7512,27,2.759735488611315,425,11.0,0.78125,245.61318334089526,0.9918406627441583,0.006896931066643686,1
mimic-11site,CCU-care,2,2722,1527,7512,27,2.759735488611315,425,11.0,0.78125,172.65186655098438,0.988415992730874,0.03421760788801781,1
mimic-11site,CCU-care,2,2722,1527,7512,27,2.759735488611315,425,11.0,0.78125,137.56283727687685,0.9854565267092079,-0.022841907828288988,0
mimic-11site,CCU-care,3,2722,2276,10234,27,3.759735488611315,425,11.0,0.7352941176470589,498.72981912916987,0.9939480558117493,-0.03805467277084368,0
mimic-11site,CCU-care,3,2722,2276,10234,27,3.759735488611315,425,11.0,0.7352941176470589,435.5061583392328,0.9930298645195275,-0.020849754197998838,0
mimic-11site,CCU-care,3,2722,2276,10234,27,3.759735488611315,425,11.0,0.7352941176470589,665.3672954009281,0.9954909947781267,-0.025312186636611334,0
mimic-11site,CCU-care,1,2722,2276,2276,27,0.8361498897869214,425,11.0,0.9259259259259259,25.26256265680609,0.9604157340019269,-0.01720458891817156,0
mimic-11site,CCU-care,1,2722,2276,2276,27,0.8361498897869214,425,11.0,0.9259259259259259,78.95505033919503,0.9873345657345041,0.00977500264173814,1
mimic-11site,CCU-care,1,2722,2276,2276,27,0.8361498897869214,425,11.0,0.9259259259259259,121.43974095462804,0.9917654633307097,0.005022425318029433,1
mimic-11site,CCU-care,1,2722,1880,1880,27,0.6906686260102866,425,11.0,0.7352941176470589,158.22061172602395,0.9936797109485861,-0.011672054383476183,0
mimic-11site,CCU-care,1,2722,1880,1880,27,0.6906686260102866,425,11.0,0.7352941176470589,21.514308224831073,0.9535193049411724,0.011878998015615705,1
mimic-11site,CCU-care,1,2722,1880,1880,27,0.6906686260102866,425,11.0,0.7352941176470589,234.217535020142,0.9957304648436591,-0.02031041335798378,0
mimic-11site,CCU-care,2,2722,1527,3407,27,1.2516531961792798,425,11.0,0.7352941176470589,376.2240851880945,0.9955881205817146,-0.026808773200867164,0
mimic-11site,CCU-care,2,2722,1527,3407,27,1.2516531961792798,425,11.0,0.7352941176470589,215.0183006085347,0.9888565735355808,0.007040409393056779,1
mimic-11site,CCU-care,2,2722,1527,3407,27,1.2516531961792798,425,11.0,0.7352941176470589,333.8548538744442,0.9937519587634815,-0.012578938223540947,0
mimic-11site,CCU-meta,3,1535,1527,9718,27,6.330944625407166,230,5.962962962962963,0.7575757575757576,234.52443395427883,0.9871923803977734,0.051880709769499656,1
mimic-11site,CCU-meta,3,1535,1527,9718,27,6.330944625407166,230,5.962962962962963,0.7575757575757576,237.83473211044176,0.9873440232690174,0.0703428448435523,1
mimic-11site,CCU-meta,3,1535,1527,9718,27,6.330944625407166,230,5.962962962962963,0.7575757575757576,281.3796328608824,0.9889752985699716,0.04691419260390789,1
mimic-11site,CCU-meta,4,1535,1535,9367,27,6.10228013029316,230,5.962962962962963,0.7352941176470589,318.2298486455521,0.9906476715268668,0.03706149149441812,1
mimic-11site,CCU-meta,4,1535,1535,9367,27,6.10228013029316,230,5.962962962962963,0.7352941176470589,318.1944784030825,0.9897262869718858,0.03679208189748856,1
mimic-11site,CCU-meta,4,1535,1535,9367,27,6.10228013029316,230,5.962962962962963,0.7352941176470589,439.69844491512345,0.9909028561591294,0.008564027869567226,1
mimic-11site,CCU-meta,3,1535,1535,7394,27,4.816938110749185,230,5.962962962962963,0.575,121.50352204780859,0.9869333814876834,0.020367684173416112,1
mimic-11site,CCU-meta,3,1535,1535,7394,27,4.816938110749185,230,5.962962962962963,0.575,233.557416432805,0.9878246404404214,-0.003926412963609627,0
mimic-11site,CCU-meta,3,1535,1535,7394,27,4.816938110749185,230,5.962962962962963,0.575,226.18943324122083,0.9903888034908549,0.01631699040794743,1
mimic-11site,CCU-meta,4,1535,1527,11423,27,7.441693811074918,230,5.962962962962963,0.575,672.4965062278052,0.994048122396736,0.029092931784999665,1
mimic-11site,CCU-meta,4,1535,1527,11423,27,7.441693811074918,230,5.962962962962963,0.575,410.98757564387233,0.9902424321832581,-0.001977608425355548,0
mimic-11site,CCU-meta,4,1535,1527,11423,27,7.441693811074918,230,5.962962962962963,0.575,474.0143468718392,0.9914029657018439,0.02277691499033052,1
mimic-11site,CCU-meta,3,1535,1527,6047,27,3.939413680781759,230,5.962962962962963,0.575,368.78660915534704,0.9918652143935728,0.016938977609119832,1
mimic-11site,CCU-meta,3,1535,1527,6047,27,3.939413680781759,230,5.962962962962963,0.575,240.90949716461495,0.9875471908110369,-0.05984822411927093,0
mimic-11site,CCU-meta,3,1535,1527,6047,27,3.939413680781759,230,5.962962962962963,0.575,529.1245058481552,0.9943302569303775,0.00018851708207678897,1
mimic-11site,CCU-meta,2,1535,1535,4307,27,2.8058631921824104,230,5.962962962962963,0.575,137.1716186390158,0.9864740441784613,-0.012680289156681013,0
mimic-11site,CCU-meta,2,1535,1535,4307,27,2.8058631921824104,230,5.962962962962963,0.575,110.83861565399772,0.981955747207784,-0.03713041704417236,0
mimic-11site,CCU-meta,2,1535,1535,4307,27,2.8058631921824104,230,5.962962962962963,0.575,313.83601652262644,0.9936272451385266,0.013162233788960587,1
mimic-11site,CCU-meta,4,1535,1527,7714,27,5.025407166123778,230,5.962962962962963,0.575,582.3898409511623,0.9931317013657457,0.005365748661028846,1
mimic-11site,CCU-meta,4,1535,1527,7714,27,5.025407166123778,230,5.962962962962963,0.575,426.60522153198633,0.9905994004165931,-0.00830248285934404,0
mimic-11site,CCU-meta,4,1535,1527,7714,27,5.025407166123778,230,5.962962962962963,0.575,711.9578874945896,0.9950489144146787,-0.015967416145493907,0
mimic-11site,CCU-meta,2,1535,1535,3911,27,2.547882736156352,230,5.962962962962963,0.575,130.36743846462684,0.9846071727518914,0.011661766154335229,1
mimic-11site,CCU-meta,2,1535,1535,3911,27,2.547882736156352,230,5.962962962962963,0.575,135.73347909126522,0.985254091505734,-0.00505330009046262,0
mimic-11site,CCU-meta,2,1535,1535,3911,27,2.547882736156352,230,5.962962962962963,0.575,143.41071912718058,0.988985329171733,0.010431673263931907,1
mimic-11site,CCU-meta,4,1535,1535,15610,27,10.169381107491857,230,5.962962962962963,0.7352941176470589,491.21192743545953,0.9926703531291594,0.0462295352155232,1
mimic-11site,CCU-meta,4,1535,1535,15610,27,10.169381107491857,230,5.962962962962963,0.7352941176470589,386.8420154647448,0.9901880655993848,0.04803202856375077,1
mimic-11site,CCU-meta,4,1535,1535,15610,27,10.169381107491857,230,5.962962962962963,0.7352941176470589,531.4890698125972,0.9944793611832221,0.02468521522070477,1
mimic-11site,CCU-meta,3,1535,1535,13334,27,8.686644951140066,230,5.962962962962963,0.7352941176470589,256.9795104153335,0.9937631722947446,0.042216889402146185,1
mimic-11site,CCU-meta,3,1535,1535,13334,27,8.686644951140066,230,5.962962962962963,0.7352941176470589,310.85015095749094,0.9903490476335324,0.04722570729119763,1
mimic-11site,CCU-meta,3,1535,1535,13334,27,8.686644951140066,230,5.962962962962963,0.7352941176470589,359.7919050975309,0.9916618468689928,0.02667051608468629,1
mimic-11site,CCU-meta,2,1535,1527,4016,27,2.61628664495114,230,5.962962962962963,0.7575757575757576,213.3187727841168,0.9906043092088364,-0.0015726703521351526,0
mimic-11site,CCU-meta,2,1535,1527,4016,27,2.61628664495114,230,5.962962962962963,0.7575757575757576,195.5400504029813,0.9904254226297513,-0.043841545809436056,0
mimic-11site,CCU-meta,2,1535,1527,4016,27,2.61628664495114,230,5.962962962962963,0.7575757575757576,242.53469648355414,0.9910378380100694,-0.033623158014549515,0
mimic-11site,CCU-meta,1,1535,1527,1527,27,0.9947882736156352,230,5.962962962962963,0.78125,54.21278412354282,0.9815541663065828,0.0021096533297561004,1
mimic-11site,CCU-meta,1,1535,1527,1527,27,0.9947882736156352,230,5.962962962962963,0.78125,88.31367796572948,0.9886767257005414,-0.005220333783057696,0
mimic-11site,CCU-meta,1,1535,1527,1527,27,0.9947882736156352,230,5.962962962962963,0.78125,48.70355120707562,0.979467616319224,-0.025133967717199668,0
mimic-11site,CSRU-care,4,3483,1535,8626,35,2.4766006316393914,207,4.142857142857143,0.575,393.19506279101466,0.9929603301073825,0.046870166234248556,1
mimic-11site,CSRU-care,4,3483,1535,8626,35,2.4766006316393914,207,4.142857142857143,0.575,373.0150550655392,0.9916837821494691,0.06010433563334139,1
mimic-11site,CSRU-care,4,3483,1535,8626,35,2.4766006316393914,207,4.142857142857143,0.575,434.14318668309704,0.9907864499024839,-0.011668165223476246,0
mimic-11site,CSRU-care,4,3483,1527,8273,35,2.3752512202124607,207,4.142857142857143,0.5897435897435898,378.52026767835184,0.9909221169755097,0.04062103879110668,1
mimic-11site,CSRU-care,4,3483,1527,8273,35,2.3752512202124607,207,4.142857142857143,0.5897435897435898,344.7533255571077,0.9893419300358047,0.05589224861130537,1
mimic-11site,CSRU-care,4,3483,1527,8273,35,2.3752512202124607,207,4.142857142857143,0.5897435897435898,336.73674510185606,0.9881212844805811,0.007010611424380697,1
mimic-11site,CSRU-care,3,3483,1880,6878,35,1.9747344243468274,207,4.142857142857143,0.575,204.44210648879712,0.9907232245856576,0.04716234192252711,1
mimic-11site,CSRU-care,3,3483,1880,6878,35,1.9747344243468274,207,4.142857142857143,0.575,313.61292319124834,0.9926327889464112,0.01811508430732317,1
mimic-11site,CSRU-care,3,3483,1880,6878,35,1.9747344243468274,207,4.142857142857143,0.575,694.7111057695452,0.9956816582100313,-0.02371707589603511,0
mimic-11site,CSRU-care,2,3483,1535,3415,35,0.9804766006316394,207,4.142857142857143,0.575,99.1421445679008,0.9875416457430389,0.02396845916061008,1
mimic-11site,CSRU-care,2,3483,1535,3415,35,0.9804766006316394,207,4.142857142857143,0.575,204.38569069306908,0.9925812209074681,0.0635250341442215,1
mimic-11site,CSRU-care,2,3483,1535,3415,35,0.9804766006316394,207,4.142857142857143,0.575,230.75236123233788,0.991332699742187,-0.0041629648262047625,0
mimic-11site,CSRU-care,4,3483,1527,15012,35,4.310077519379845,207,4.142857142857143,0.631578947368421,262.797216187013,0.9887414194467194,0.06086162176077947,1
mimic-11site,CSRU-care,4,3483,1527,15012,35,4.310077519379845,207,4.142857142857143,0.631578947368421,155.52767794437818,0.9809948192349178,0.024947995266163037,1
mimic-11site,CSRU-care,4,3483,1527,15012,35,4.310077519379845,207,4.142857142857143,0.631578947368421,247.66814565067136,0.989281677141191,-0.01886382855185248,0
mimic-11site,CSRU-care,4,3483,1880,12385,35,3.5558426643697962,207,4.142857142857143,0.7368421052631579,305.4643414984979,0.9915562390483676,0.06915108809497167,1
mimic-11site,CSRU-care,4,3483,1880,12385,35,3.5558426643697962,207,4.142857142857143,0.7368421052631579,254.37876384004656,0.9896991050269918,0.027037143807792874,1
mimic-11site,CSRU-care,4,3483,1880,12385,35,3.5558426643697962,207,4.142857142857143,0.7368421052631579,381.61081388464277,0.9924648181198286,-0.02053559020388468,0
mimic-11site,CSRU-care,3,3483,1880,9380,35,2.6930806775768015,207,4.142857142857143,0.631578947368421,148.047007408427,0.9884339456595211,0.048995301310500006,1
mimic-11site,CSRU-care,3,3483,1880,9380,35,2.6930806775768015,207,4.142857142857143,0.631578947368421,203.2321608987959,0.9879755837594115,0.033841032207792554,1
mimic-11site,CSRU-care,3,3483,1880,9380,35,2.6930806775768015,207,4.142857142857143,0.631578947368421,177.6022910320463,0.9901786844389591,-0.003913503949437069,0
mimic-11site,CSRU-care,1,3483,3483,5985,35,1.7183462532299743,207,4.142857142857143,0.7567567567567568,68.25536523969048,0.985332004279553,0.009283310426749958,1
mimic-11site,CSRU-care,1,3483,3483,5985,35,1.7183462532299743,207,4.142857142857143,0.7567567567567568,25.38496134688412,0.9601032859387776,-0.0008934797977793174,0
mimic-11site,CSRU-care,1,3483,3483,5985,35,1.7183462532299743,207,4.142857142857143,0.7567567567567568,31.998070472406084,0.9683296297998696,-0.041921311435750785,0
mimic-11site,CSRU-care,3,3483,1527,9272,35,2.662072925638817,207,4.142857142857143,0.6052631578947368,315.97263517484726,0.9924961425631542,0.04693455011228309,1
mimic-11site,CSRU-care,3,3483,1527,9272,35,2.662072925638817,207,4.142857142857143,0.6052631578947368,177.2423296916063,0.989972018166686,0.016867869359673826,1
mimic-11site,CSRU-care,3,3483,1527,9272,35,2.662072925638817,207,4.142857142857143,0.6052631578947368,179.0330119957431,0.9860640979985149,-0.03856494044708453,0
mimic-11site,CSRU-care,2,3483,2276,4765,35,1.3680734998564457,207,4.142857142857143,0.6216216216216216,163.75473736609192,0.991676158031647,0.04883744381836769,1
mimic-11site,CSRU-care,2,3483,2276,4765,35,1.3680734998564457,207,4.142857142857143,0.6216216216216216,146.0053521936546,0.9863018720207785,0.018991872126109532,1
mimic-11site,CSRU-care,2,3483,2276,4765,35,1.3680734998564457,207,4.142857142857143,0.6216216216216216,120.48819350919028,0.9868441172285091,-0.007436646262961866,0
mimic-11site,CSRU-care,1,3483,1527,1527,35,0.4384151593453919,207,4.142857142857143,0.7567567567567568,68.43805741333304,0.9849165155099577,0.04812667860208897,1
mimic-11site,CSRU-care,1,3483,1527,1527,35,0.4384151593453919,207,4.142857142857143,0.7567567567567568,34.74841577569822,0.971218237737439,0.00467785971055068,1
mimic-11site,CSRU-care,1,3483,1527,1527,35,0.4384151593453919,207,4.142857142857143,0.7567567567567568,23.068500288552322,0.9554104137115685,-0.009271289491857349,0
mimic-11site,CSRU-meta,4,2031,1535,12215,36,6.014278680452978,83,1.6111111111111112,0.575,358.98735573593234,0.9890647841744484,0.07526026090167692,1
mimic-11site,CSRU-meta,4,2031,1535,12215,36,6.014278680452978,83,1.6111111111111112,0.575,322.19853667325475,0.9886365202626792,-0.03185578527109548,0
mimic-11site,CSRU-meta,4,2031,1535,12215,36,6.014278680452978,83,1.6111111111111112,0.575,547.7522766455058,0.9931597873764861,-0.025306046313828212,0
mimic-11site,CSRU-meta,3,2031,1880,6878,36,3.3865091088133923,83,1.6111111111111112,0.575,216.9885466198378,0.9875618684129859,0.05886874543053866,1
mimic-11site,CSRU-meta,3,2031,1880,6878,36,3.3865091088133923,83,1.6111111111111112,0.575,393.12872454122913,0.9916290042768726,0.011169264745175989,1
mimic-11site,CSRU-meta,3,2031,1880,6878,36,3.3865091088133923,83,1.6111111111111112,0.575,362.491427439636,0.9921790214454604,-0.001841574412128566,0
mimic-11site,CSRU-meta,3,2031,1527,6525,36,3.212703101920236,83,1.6111111111111112,0.575,379.0210744442097,0.9914398959378163,0.07580964179198091,1
mimic-11site,CSRU-meta,3,2031,1527,6525,36,3.212703101920236,83,1.6111111111111112,0.575,323.61562463792455,0.9907220801742797,-0.008219750416273791,0
mimic-11site,CSRU-meta,3,2031,1527,6525,36,3.212703101920236,83,1.6111111111111112,0.575,279.90423634959564,0.9917967482478,0.0018256111685138743,1
mimic-11site,CSRU-meta,3,2031,1535,11003,36,5.41752831117676,83,1.6111111111111112,0.575,236.91184706537138,0.9903029325807079,0.026422610041697825,1
mimic-11site,CSRU-meta,3,2031,1535,11003,36,5.41752831117676,83,1.6111111111111112,0.575,106.18074476952334,0.9854385892390825,-0.0649465519631274,0
mimic-11site,CSRU-meta,3,2031,1535,11003,36,5.41752831117676,83,1.6111111111111112,0.575,252.99609619443837,0.9915737153135589,0.032542723328842504,1
mimic-11site,CSRU-meta,4,2031,1535,12976,36,6.388970950270803,83,1.6111111111111112,0.575,304.44242274881344,0.9887983162980661,0.02115014198650489,1
mimic-11site,CSRU-meta,4,2031,1535,12976,36,6.388970950270803,83,1.6111111111111112,0.575,244.7162172256161,0.9888101495368555,-0.058095940449148065,0
mimic-11site,CSRU-meta,4,2031,1535,12976,36,6.388970950270803,83,1.6111111111111112,0.575,396.5703937393578,0.9931975483148726,0.017095513557656483,1
mimic-11site,CSRU-meta,2,2031,1527,3062,36,1.5076317085179713,83,1.6111111111111112,0.575,140.5163879719699,0.9879791903094588,0.048916390134432386,1
mimic-11site,CSRU-meta,2,2031,1527,3062,36,1.5076317085179713,83,1.6111111111111112,0.575,137.18842231015583,0.9864053079886909,-0.04921332942300821,0
mimic-11site,CSRU-meta,2,2031,1527,3062,36,1.5076317085179713,83,1.6111111111111112,0.575,123.3536919900525,0.9836094080131195,0.009723232806632176,1
mimic-11site,CSRU-meta,2,2031,2031,5759,36,2.8355489906450027,83,1.6111111111111112,0.6052631578947368,132.99433404161294,0.9895761363102227,0.011679826930741377,1
mimic-11site,CSRU-meta,2,2031,2031,5759,36,2.8355489906450027,83,1.6111111111111112,0.6052631578947368,85.94273740062177,0.9767286909808678,-0.03273863381216904,0
mimic-11site,CSRU-meta,2,2031,2031,5759,36,2.8355489906450027,83,1.6111111111111112,0.6052631578947368,155.34839806312755,0.9934560092840601,0.012417526057413086,1
mimic-11site,CSRU-meta,1,2031,2031,5469,36,2.692762186115214,83,1.6111111111111112,0.6578947368421053,59.13257648678289,0.9830888478160001,0.03469373279346499,1
mimic-11site,CSRU-meta,1,2031,2031,5469,36,2.692762186115214,83,1.6111111111111112,0.6578947368421053,17.981019888986054,0.9443858020193542,0.016951052224931817,1
mimic-11site,CSRU-meta,1,2031,2031,5469,36,2.692762186115214,83,1.6111111111111112,0.6578947368421053,24.780062651437518,0.9596449769289833,-0.041259929679917706,0
mimic-11site,CSRU-meta,1,2031,2031,2489,36,1.225504677498769,83,1.6111111111111112,0.7631578947368421,60.62733266134482,0.9835057892850763,0.025567342328516707,1
mimic-11site,CSRU-meta,1,2031,2031,2489,36,1.225504677498769,83,1.6111111111111112,0.7631578947368421,15.287933813015862,0.9345889371166286,-0.02076027231188876,0
mimic-11site,CSRU-meta,1,2031,2031,2489,36,1.225504677498769,83,1.6111111111111112,0.7631578947368421,33.97742161234523,0.9705686908380162,-0.022438876341088293,0
mimic-11site,CSRU-meta,1,2031,2031,2276,36,1.120630231413097,83,1.6111111111111112,0.6052631578947368,55.77356999502758,0.9820703605652434,0.007825370804433462,1
mimic-11site,CSRU-meta,1,2031,2031,2276,36,1.120630231413097,83,1.6111111111111112,0.6052631578947368,27.149067167994286,0.9631663219287737,0.0002906113846433134,1
mimic-11site,CSRU-meta,1,2031,2031,2276,36,1.120630231413097,83,1.6111111111111112,0.6052631578947368,89.1862132147123,0.9887875046606975,-0.010264472559088439,0
mimic-11site,CSRU-meta,1,2031,1527,1527,36,0.7518463810930576,83,1.6111111111111112,0.7368421052631579,41.13682684862958,0.9747868650959113,0.02275730977161583,1
mimic-11site,CSRU-meta,1,2031,1527,1527,36,0.7518463810930576,83,1.6111111111111112,0.7368421052631579,28.08508343533979,0.96392095017905,-0.004934691955393838,0
mimic-11site,CSRU-meta,1,2031,1527,1527,36,0.7518463810930576,83,1.6111111111111112,0.7368421052631579,34.38206730945474,0.9696044919431315,-0.008078295110926559,0
mimic-11site,MICU-care,1,5985,2722,2722,30,0.45480367585630743,1400,32.666666666666664,0.78125,79.06134495108408,0.9873515938715853,-0.014067864323491441,0
mimic-11site,MICU-care,1,5985,2722,2722,30,0.45480367585630743,1400,32.666666666666664,0.78125,72.44539297687055,0.9861964997509328,0.012164531203001261,1
mimic-11site,MICU-care,1,5985,2722,2722,30,0.45480367585630743,1400,32.666666666666664,0.78125,40.90973854025452,0.9755559425290382,0.006104465858386421,1
mimic-11site,MICU-care,4,5985,1527,8769,30,1.4651629072681704,1400,32.666666666666664,0.575,502.4340363696049,0.9920387559152989,-0.01901349616304715,0
mimic-11site,MICU-care,4,5985,1527,8769,30,1.4651629072681704,1400,32.666666666666664,0.575,420.05130587117696,0.9904773537325301,-0.01570628839591459,0
mimic-11site,MICU-care,4,5985,1527,8769,30,1.4651629072681704,1400,32.666666666666664,0.575,493.5882442932995,0.9918960792801558,-0.013250166627886306,0
mimic-11site,MICU-care,1,5985,1535,1535,30,0.25647451963241436,1400,32.666666666666664,0.78125,126.28270931223699,0.9920812595370639,-0.02749012735800982,0
mimic-11site,MICU-care,1,5985,1535,1535,30,0.25647451963241436,1400,32.666666666666664,0.78125,88.98054940745988,0.988761588834198,-0.006234467820179557,0
mimic-11site,MICU-care,1,5985,1535,1535,30,0.25647451963241436,1400,32.666666666666664,0.78125,59.71314526431723,0.9832532686802287,-0.012124183435067548,0
mimic-11site,MICU-care,4,5985,1535,11373,30,1.900250626566416,1400,32.666666666666664,0.7352941176470589,421.11535595503597,0.9923521081067666,-0.027324316567575113,0
mimic-11site,MICU-care,4,5985,1535,11373,30,1.900250626566416,1400,32.666666666666664,0.7352941176470589,359.45644024515184,0.990245873991986,-0.006715817042257655,0
mimic-11site,MICU-care,4,5985,1535,11373,30,1.900250626566416,1400,32.666666666666664,0.7352941176470589,532.8177150226351,0.9924235834984334,-0.008173606632414232,0
mimic-11site,MICU-care,4,5985,1527,7218,30,1.2060150375939849,1400,32.666666666666664,0.7352941176470589,619.2418122034368,0.9935377562663785,-0.04077838243251364,0
mimic-11site,MICU-care,4,5985,1527,7218,30,1.2060150375939849,1400,32.666666666666664,0.7352941176470589,551.9726755905835,0.9926368431549315,-0.01402588563590551,0
mimic-11site,MICU-care,4,5985,1527,7218,30,1.2060150375939849,1400,32.666666666666664,0.7352941176470589,854.5033140358687,0.9948648817502073,-0.020386122955073416,0
mimic-11site,MICU-care,2,5985,3483,8952,30,1.4957393483709274,1400,32.666666666666664,0.631578947368421,80.63256737112715,0.9751949676049692,-0.004148725627280303,0
mimic-11site,MICU-care,2,5985,3483,8952,30,1.4957393483709274,1400,32.666666666666664,0.631578947368421,42.6381504385075,0.9615938075543555,-0.0007236557206465322,0
mimic-11site,MICU-care,2,5985,3483,8952,30,1.4957393483709274,1400,32.666666666666664,0.631578947368421,79.7272526128931,0.9794292576201067,0.01455633189363198,1
mimic-11site,MICU-care,3,5985,2031,6796,30,1.1355054302422722,1400,32.666666666666664,0.6052631578947368,563.8636583427402,0.9946795648990443,-0.012693939312262703,0
mimic-11site,MICU-care,3,5985,2031,6796,30,1.1355054302422722,1400,32.666666666666664,0.6052631578947368,654.9910477306022,0.9954197847277542,-0.019395350178024018,0
mimic-11site,MICU-care,3,5985,2031,6796,30,1.1355054302422722,1400,32.666666666666664,0.6052631578947368,517.1327076889669,0.995120867554284,-0.018096318458215244,0
mimic-11site,MICU-care,1,5985,2489,2489,30,0.4158730158730159,1400,32.666666666666664,0.967741935483871,28.057927516577944,0.9609094286240625,-0.011335027929363584,0
mimic-11site,MICU-care,1,5985,2489,2489,30,0.4158730158730159,1400,32.666666666666664,0.967741935483871,50.315701357629564,0.9800789401916541,-0.008625671479883912,0
mimic-11site,MICU-care,1,5985,2489,2489,30,0.4158730158730159,1400,32.666666666666664,0.967741935483871,196.38044209071558,0.9943480879727886,-0.010098110834977803,0
mimic-11site,MICU-care,2,5985,1880,4156,30,0.6944026733500418,1400,32.666666666666664,0.78125,387.6215991024226,0.9957336065965277,-0.010946638113598195,0
mimic-11site,MICU-care,2,5985,1880,4156,30,0.6944026733500418,1400,32.666666666666664,0.78125,277.216107386055,0.9926793249720112,-0.00527230403928719,0
mimic-11site,MICU-care,2,5985,1880,4156,30,0.6944026733500418,1400,32.666666666666664,0.78125,460.3122519838365,0.9956355029236157,-0.008502656962720734,0
mimic-11site,MICU-care,1,5985,1880,1880,30,0.3141186299081036,1400,32.666666666666664,0.9375,192.5472774135232,0.9947283892623542,-0.0014590786931525934,0
mimic-11site,MICU-care,1,5985,1880,1880,30,0.3141186299081036,1400,32.666666666666664,0.9375,79.23585615875184,0.9873303207975224,-0.0015799458106243724,0
mimic-11site,MICU-care,1,5985,1880,1880,30,0.3141186299081036,1400,32.666666666666664,0.9375,110.05396643680126,0.9909112802702235,-0.001477076719247794,0
mimic-11site,MICU-meta,1,5469,2722,2722,27,0.4977143901993052,999,25.88888888888889,0.8620689655172413,68.98118706997002,0.9855032938330611,-0.02183551962460384,0
mimic-11site,MICU-meta,1,5469,2722,2722,27,0.4977143901993052,999,25.88888888888889,0.8620689655172413,58.60068055120499,0.9829353517639406,-0.006578960911020615,0
mimic-11site,MICU-meta,1,5469,2722,2722,27,0.4977143901993052,999,25.88888888888889,0.8620689655172413,102.21203034844682,0.9902164158505516,-0.005088163573216398,0
mimic-11site,MICU-meta,2,5469,2722,8707,27,1.5920643627719875,999,25.88888888888889,0.7575757575757576,142.0480653094703,0.9857750877946696,-0.006517226354870231,0
mimic-11site,MICU-meta,2,5469,2722,8707,27,1.5920643627719875,999,25.88888888888889,0.7575757575757576,157.09826611871188,0.9871694669419306,-0.010692861325368785,0
mimic-11site,MICU-meta,2,5469,2722,8707,27,1.5920643627719875,999,25.88888888888889,0.7575757575757576,201.5614281895405,0.9897292067730792,-0.0029783118365677708,0
mimic-11site,MICU-meta,1,5469,1535,1535,27,0.28067288352532455,999,25.88888888888889,0.8620689655172413,51.19526030601247,0.98046694178284,-0.026467338712698574,0
mimic-11site,MICU-meta,1,5469,1535,1535,27,0.28067288352532455,999,25.88888888888889,0.8620689655172413,140.4251894344923,0.9928787705109952,-0.023084273460295734,0
mimic-11site,MICU-meta,1,5469,1535,1535,27,0.28067288352532455,999,25.88888888888889,0.8620689655172413,64.6266580913238,0.9845265091908837,-0.01825219636340114,0
mimic-11site,MICU-meta,4,5469,1535,8331,27,1.5233132199670871,999,25.88888888888889,0.575,497.31393154924467,0.9929982196794218,-0.059040014685132314,0
mimic-11site,MICU-meta,4,5469,1535,8331,27,1.5233132199670871,999,25.88888888888889,0.575,434.43712475113193,0.9916097024997486,-0.057787774619202814,0
mimic-11site,MICU-meta,4,5469,1535,8331,27,1.5233132199670871,999,25.88888888888889,0.575,658.7623254969133,0.9946795068728604,-0.04304870645751524,0
mimic-11site,MICU-meta,1,5469,3483,3483,27,0.6368623148656062,999,25.88888888888889,0.631578947368421,55.88828636591208,0.9820915554798475,-0.03899452064693787,0
mimic-11site,MICU-meta,1,5469,3483,3483,27,0.6368623148656062,999,25.88888888888889,0.631578947368421,24.488391575599408,0.9586981595660482,-0.0079752636778892,0
mimic-11site,MICU-meta,1,5469,3483,3483,27,0.6368623148656062,999,25.88888888888889,0.631578947368421,28.64204126029776,0.9650590135822681,-0.019524110534900885,0
mimic-11site,MICU-meta,2,5469,2031,5514,27,1.0082281952825014,999,25.88888888888889,0.631578947368421,86.17595252632012,0.9797775943247635,-0.024678583818305566,0
mimic-11site,MICU-meta,2,5469,2031,5514,27,1.0082281952825014,999,25.88888888888889,0.631578947368421,86.83074244420234,0.9779152764367275,-0.018674154097865325,0
mimic-11site,MICU-meta,2,5469,2031,5514,27,1.0082281952825014,999,25.88888888888889,0.631578947368421,99.6042585800843,0.9860896149454283,-0.022351680959513787,0
mimic-11site,MICU-meta,3,5469,1527,10995,27,2.0104223806911685,999,25.88888888888889,0.631578947368421,286.3999697349371,0.9894870149849295,-0.009863722075514725,0
mimic-11site,MICU-meta,3,5469,1527,10995,27,2.0104223806911685,999,25.88888888888889,0.631578947368421,222.11086487576938,0.9886573437799522,-0.01251630895053768,0
mimic-11site,MICU-meta,3,5469,1527,10995,27,2.0104223806911685,999,25.88888888888889,0.631578947368421,248.98105105080847,0.9893040992836855,-0.0119757854782091,0
mimic-11site,MICU-meta,2,5469,1880,5363,27,0.9806180288901079,999,25.88888888888889,0.631578947368421,114.07426794265929,0.9876606975946823,-0.03428207792952259,0
mimic-11site,MICU-meta,2,5469,1880,5363,27,0.9806180288901079,999,25.88888888888889,0.631578947368421,143.20349267561994,0.9912997762761377,-0.012475302604107452,0
mimic-11site,MICU-meta,2,5469,1880,5363,27,0.9806180288901079,999,25.88888888888889,0.631578947368421,157.84823020055404,0.9887197752735628,-0.028432323994675324,0
mimic-11site,MICU-meta,1,5469,2031,2031,27,0.3713658804168952,999,25.88888888888889,0.6578947368421053,59.13257648678289,0.9830888478160001,-0.07458100723221339,0
mimic-11site,MICU-meta,1,5469,2031,2031,27,0.3713658804168952,999,25.88888888888889,0.6578947368421053,17.981019888986054,0.9443858020193542,-0.052418641797408405,0
mimic-11site,MICU-meta,1,5469,2031,2031,27,0.3713658804168952,999,25.88888888888889,0.6578947368421053,24.780062651437518,0.9596449769289833,-0.027593873420706738,0
mimic-11site,MICU-meta,2,5469,2489,8474,27,1.549460596087036,999,25.88888888888889,0.8125,80.55215956138315,0.9764328047692257,-0.0011825264492941745,0
mimic-11site,MICU-meta,2,5469,2489,8474,27,1.549460596087036,999,25.88888888888889,0.8125,107.05618307516625,0.9831668869199093,-0.012039628589035567,0
mimic-11site,MICU-meta,2,5469,2489,8474,27,1.549460596087036,999,25.88888888888889,0.8125,329.0413816033584,0.9939216850295306,-0.0004735113598914875,0
mimic-11site,MICU-meta,4,5469,1527,11668,27,2.1334796123605777,999,25.88888888888889,0.78125,546.8119366312445,0.9926848707351875,-0.015800642815645916,0
mimic-11site,MICU-meta,4,5469,1527,11668,27,2.1334796123605777,999,25.88888888888889,0.78125,589.9663167065761,0.9932199519078825,-0.015596870438016164,0
mimic-11site,MICU-meta,4,5469,1527,11668,27,2.1334796123605777,999,25.88888888888889,0.78125,634.3472267098027,0.9936943052139646,-0.01732000949984558,0
mimic-11site,MICU-meta,2,5469,1880,4156,27,0.7599195465350156,999,25.88888888888889,0.78125,321.47025811369116,0.9937785846450135,-0.08107512318978122,0
mimic-11site,MICU-meta,2,5469,1880,4156,27,0.7599195465350156,999,25.88888888888889,0.78125,351.20817312842007,0.9943053717053769,-0.04502619412866815,0
mimic-11site,MICU-meta,2,5469,1880,4156,27,0.7599195465350156,999,25.88888888888889,0.78125,449.7747742514361,0.9955533299898185,-0.09295041724665898,0
mimic-11site,SICU-care,4,2489,1535,8168,31,3.2816392125351546,474,10.709677419354838,0.575,464.2608118847322,0.9913805399086086,-0.020877629336000403,0
mimic-11site,SICU-care,4,2489,1535,8168,31,3.2816392125351546,474,10.709677419354838,0.575,369.6845176608872,0.9876496590555172,-0.021347888032688722,0
mimic-11site,SICU-care,4,2489,1535,8168,31,3.2816392125351546,474,10.709677419354838,0.575,491.81668920106233,0.9918337876426837,0.026498770585779263,1
mimic-11site,SICU-care,4,2489,2031,14221,31,5.713539574126155,474,10.709677419354838,0.575,264.07292207153637,0.9916789351609284,-0.05565323611354145,0
mimic-11site,SICU-care,4,2489,2031,14221,31,5.713539574126155,474,10.709677419354838,0.575,225.70286602413864,0.9887571439857518,-0.0570227569392861,0
mimic-11site,SICU-care,4,2489,2031,14221,31,5.713539574126155,474,10.709677419354838,0.575,371.9340837282083,0.9931337369174702,-0.01198670191858403,0
mimic-11site,SICU-care,4,2489,2489,17659,31,7.094817195660908,474,10.709677419354838,0.575,378.52026767835184,0.9917441603877089,-0.053976403099612935,0
mimic-11site,SICU-care,4,2489,2489,17659,31,7.094817195660908,474,10.709677419354838,0.575,336.2620577966973,0.9910783868401418,-0.02328040757978278,0
mimic-11site,SICU-care,4,2489,2489,17659,31,7.094817195660908,474,10.709677419354838,0.575,481.6735214804228,0.9931488456590185,-0.013508834138216741,0
mimic-11site,SICU-care,4,2489,1880,8909,31,3.579349136199277,474,10.709677419354838,0.575,500.68624775493237,0.9919758820585836,-0.007035640641155805,0
mimic-11site,SICU-care,4,2489,1880,8909,31,3.579349136199277,474,10.709677419354838,0.575,491.11829385106006,0.9918286847241473,-0.006435617891361878,0
mimic-11site,SICU-care,4,2489,1880,8909,31,3.579349136199277,474,10.709677419354838,0.575,483.69316021053163,0.9917112083729716,0.021987454222312297,1
mimic-11site,SICU-care,2,2489,2489,8707,31,3.498192044997991,474,10.709677419354838,0.7575757575757576,91.35930505286021,0.9809599608416725,-0.06735139362573112,0
mimic-11site,SICU-care,2,2489,2489,8707,31,3.498192044997991,474,10.709677419354838,0.7575757575757576,167.1212915766751,0.9879827406842407,-0.02643797292754546,0
mimic-11site,SICU-care,2,2489,2489,8707,31,3.498192044997991,474,10.709677419354838,0.7575757575757576,296.7447122413347,0.9932579129594201,-0.02254362899742063,0
mimic-11site,SICU-care,3,2489,1535,10487,31,4.213338690237043,474,10.709677419354838,0.575,298.75873353054,0.991676158031647,-0.06368174443079855,0
mimic-11site,SICU-care,3,2489,1535,10487,31,4.213338690237043,474,10.709677419354838,0.575,333.68658381746144,0.9914287599498366,-0.031929633110751476,0
mimic-11site,SICU-care,3,2489,1535,10487,31,4.213338690237043,474,10.709677419354838,0.575,389.80702731767735,0.9942898213294297,-0.008365673338248059,0
mimic-11site,SICU-care,4,2489,1527,12014,31,4.826838087585376,474,10.709677419354838,0.575,378.52026767835184,0.9916924680088507,-0.054834679378260254,0
mimic-11site,SICU-care,4,2489,1527,12014,31,4.826838087585376,474,10.709677419354838,0.575,358.8297186692845,0.98895533529537,-0.019286418403712036,0
mimic-11site,SICU-care,4,2489,1527,12014,31,4.826838087585376,474,10.709677419354838,0.575,475.98133180189217,0.9924134403269466,-0.0016373679104613181,0
mimic-11site,SICU-care,4,2489,1527,11078,31,4.450783447167537,474,10.709677419354838,0.575,582.3988692540102,0.9931318547971709,-0.05145212938379645,0
mimic-11site,SICU-care,4,2489,1527,11078,31,4.450783447167537,474,10.709677419354838,0.575,406.9399713182825,0.9901705404189173,-0.03573588280508877,0
mimic-11site,SICU-care,4,2489,1527,11078,31,4.450783447167537,474,10.709677419354838,0.575,651.7795170564136,0.9938629553471319,-0.0020011222762849057,0
mimic-11site,SICU-care,3,2489,1535,12989,31,5.2185616713539575,474,10.709677419354838,0.7352941176470589,284.6378497160857,0.9894501652356409,-0.06213915796340669,0
mimic-11site,SICU-care,3,2489,1535,12989,31,5.2185616713539575,474,10.709677419354838,0.7352941176470589,263.0522385907843,0.99052754740794,-0.007923884273360382,0
mimic-11site,SICU-care,3,2489,1535,12989,31,5.2185616713539575,474,10.709677419354838,0.7352941176470589,462.77507196687316,0.9935129530631037,-0.000769806220992042,0
mimic-11site,SICU-care,2,2489,2489,11454,31,4.601848131779831,474,10.709677419354838,0.8125,80.55215956138315,0.9764328047692257,-0.059436599291069814,0
mimic-11site,SICU-care,2,2489,2489,11454,31,4.601848131779831,474,10.709677419354838,0.8125,107.05618307516625,0.9831668869199093,-0.004682772872372731,0
mimic-11site,SICU-care,2,2489,2489,11454,31,4.601848131779831,474,10.709677419354838,0.8125,329.0413816033584,0.9939216850295306,-0.01195221303687094,0
mimic-11site,SICU-care,3,2489,2276,13730,31,5.51627159501808,474,10.709677419354838,0.78125,190.14404172120004,0.9873967910375991,-0.051091386957064666,0
mimic-11site,SICU-care,3,2489,2276,13730,31,5.51627159501808,474,10.709677419354838,0.78125,190.31457438746796,0.9887316643542157,0.007332952477656085,1
mimic-11site,SICU-care,3,2489,2276,13730,31,5.51627159501808,474,10.709677419354838,0.78125,549.693731691545,0.9944459167824238,-0.0033921723093500167,0
mimic-11site,SICU-care,3,2489,1527,5683,31,2.2832462836480514,474,10.709677419354838,0.78125,437.05929439879156,0.9931359427920947,0.01737187066134871,1
mimic-11site,SICU-care,3,2489,1527,5683,31,2.2832462836480514,474,10.709677419354838,0.78125,401.80495670036646,0.9925336909115405,0.03405522723648374,1
mimic-11site,SICU-care,3,2489,1527,5683,31,2.2832462836480514,474,10.709677419354838,0.78125,334.05900629223686,0.9910195506078481,0.03108437943386405,1
mimic-11site,SICU-meta,4,2276,1527,10562,25,4.640597539543058,341,9.56,0.575,366.7722778721211,0.9903957673009421,-0.03655347723704555,0
mimic-11site,SICU-meta,4,2276,1527,10562,25,4.640597539543058,341,9.56,0.575,352.28575571754334,0.9886455812218331,-0.02657631871457211,0
mimic-11site,SICU-meta,4,2276,1527,10562,25,4.640597539543058,341,9.56,0.575,529.7826416898943,0.9933886609393562,0.005775320278776419,1
mimic-11site,SICU-meta,4,2276,1527,10411,25,4.574253075571177,341,9.56,0.7352941176470589,558.7624771537144,0.9928413231676264,-0.009900520100265764,0
mimic-11site,SICU-meta,4,2276,1527,10411,25,4.574253075571177,341,9.56,0.7352941176470589,502.3446035309064,0.9929340854374262,-0.004140023198538567,0
mimic-11site,SICU-meta,4,2276,1527,10411,25,4.574253075571177,341,9.56,0.7352941176470589,636.8565731735083,0.9937191509540874,0.0561485026402071,1
mimic-11site,SICU-meta,2,2276,1535,4024,25,1.7680140597539542,341,9.56,0.7575757575757576,163.1953480780174,0.9877447487103378,0.011421063316288005,1
mimic-11site,SICU-meta,2,2276,1535,4024,25,1.7680140597539542,341,9.56,0.7575757575757576,212.2028088954259,0.9905750540701579,-0.009571633013338743,0
mimic-11site,SICU-meta,2,2276,1535,4024,25,1.7680140597539542,341,9.56,0.7575757575757576,248.33874885609885,0.9919464843516671,0.028854306658329887,1
mimic-11site,SICU-meta,4,2276,1880,13379,25,5.8782952548330405,341,9.56,0.6052631578947368,435.9844479168878,0.9918745613842768,-0.03344577159705581,0
mimic-11site,SICU-meta,4,2276,1880,13379,25,5.8782952548330405,341,9.56,0.6052631578947368,276.4925809916234,0.9893243181280498,0.012502694029151051,1
mimic-11site,SICU-meta,4,2276,1880,13379,25,5.8782952548330405,341,9.56,0.6052631578947368,394.3699436255191,0.9938469865770022,0.002921974308752795,1
mimic-11site,SICU-meta,2,2276,2031,7500,25,3.295254833040422,341,9.56,0.6052631578947368,145.6392404683998,0.9862674373090132,-0.05097295787494613,0
mimic-11site,SICU-meta,2,2276,2031,7500,25,3.295254833040422,341,9.56,0.6052631578947368,109.19837012992309,0.9816847083191771,0.0073051534448753674,1
mimic-11site,SICU-meta,2,2276,2031,7500,25,3.295254833040422,341,9.56,0.6052631578947368,306.3028196227141,0.9946890253968211,0.00453518652374596,1
mimic-11site,SICU-meta,3,2276,1880,9380,25,4.121265377855887,341,9.56,0.6052631578947368,332.7336709988392,0.9925196057367771,-0.02848508648621817,0
mimic-11site,SICU-meta,3,2276,1880,9380,25,4.121265377855887,341,9.56,0.6052631578947368,511.4436409460758,0.9948015036057631,0.02881812815917989,1
mimic-11site,SICU-meta,3,2276,1880,9380,25,4.121265377855887,341,9.56,0.6052631578947368,380.4536796484988,0.9921597164926005,0.012156436314901375,1
mimic-11site,SICU-meta,1,2276,2276,5985,25,2.6296133567662565,341,9.56,0.8333333333333334,76.95463762318755,0.9870053315708333,-0.03929850978644886,0
mimic-11site,SICU-meta,1,2276,2276,5985,25,2.6296133567662565,341,9.56,0.8333333333333334,68.7729107969167,0.9854593910827338,0.010332754286778545,1
mimic-11site,SICU-meta,1,2276,2276,5985,25,2.6296133567662565,341,9.56,0.8333333333333334,167.21510386721985,0.9940196789831015,-0.005116794524186008,0
mimic-11site,SICU-meta,3,2276,1527,9392,25,4.126537785588752,341,9.56,0.78125,540.8332086692238,0.9944376947547853,-0.011664551796297273,0
mimic-11site,SICU-meta,3,2276,1527,9392,25,4.126537785588752,341,9.56,0.78125,529.284238838717,0.9942812732582609,0.04268412351190326,1
mimic-11site,SICU-meta,3,2276,1527,9392,25,4.126537785588752,341,9.56,0.78125,552.6390084796428,0.9945499503252984,0.03702518870637564,1
mimic-11site,SICU-meta,1,2276,2276,5469,25,2.4028998242530757,341,9.56,0.9259259259259259,76.50775264292001,0.9869294291695216,-0.01941007272080303,0
mimic-11site,SICU-meta,1,2276,2276,5469,25,2.4028998242530757,341,9.56,0.9259259259259259,56.783091960181345,0.9823891238486759,0.030563797333443277,1
mimic-11site,SICU-meta,1,2276,2276,5469,25,2.4028998242530757,341,9.56,0.9259259259259259,141.66895592636195,0.992941290535664,0.03335914698232992,1
mimic-11site,SICU-meta,1,2276,2276,2489,25,1.0935852372583479,341,9.56,0.8064516129032258,40.46564804329324,0.9752876810738302,0.02275097994454056,1
mimic-11site,SICU-meta,1,2276,2276,2489,25,1.0935852372583479,341,9.56,0.8064516129032258,51.25650347745756,0.9804902806052739,0.009210764413878192,1
mimic-11site,SICU-meta,1,2276,2276,2489,25,1.0935852372583479,341,9.56,0.8064516129032258,28.64221450856745,0.9650864984723552,0.028387592479392376,1
mimic-11site,SICU-meta,1,2276,1880,1880,25,0.8260105448154658,341,9.56,0.78125,25.21385851707204,0.96033927138431,0.021264836101459073,1
mimic-11site,SICU-meta,1,2276,1880,1880,25,0.8260105448154658,341,9.56,0.78125,29.007631775978428,0.9655263136362578,0.0406706992421364,1
mimic-11site,SICU-meta,1,2276,1880,1880,25,0.8260105448154658,341,9.56,0.78125,54.14544995937803,0.98153122744847,0.06321582890105021,1
mimic-11site,TSICU-care,4,1880,1535,9771,32,5.197340425531915,299,6.53125,0.575,147.41674040924934,0.9869333814876834,-0.01128094129953916,0
mimic-11site,TSICU-care,4,1880,1535,9771,32,5.197340425531915,299,6.53125,0.575,229.98787076255104,0.9843076171386251,-0.011902882515444524,0
mimic-11site,TSICU-care,4,1880,1535,9771,32,5.197340425531915,299,6.53125,0.575,326.816617112616,0.9905942035703966,0.040100936658494846,1
mimic-11site,TSICU-care,4,1880,1880,13950,32,7.420212765957447,299,6.53125,0.575,367.6791038833073,0.9903183483793923,0.00833887849713083,1
mimic-11site,TSICU-care,4,1880,1880,13950,32,7.420212765957447,299,6.53125,0.575,381.6069848224627,0.9924188434724412,-0.00716435455929848,0
mimic-11site,TSICU-care,4,1880,1880,13950,32,7.420212765957447,299,6.53125,0.575,691.6900429733181,0.9944398345217531,0.05250085893700618,1
mimic-11site,TSICU-care,3,1880,1880,11744,32,6.246808510638298,299,6.53125,0.6052631578947368,429.2648749396427,0.9942925319976765,0.016515996578091774,1
mimic-11site,TSICU-care,3,1880,1880,11744,32,6.246808510638298,299,6.53125,0.6052631578947368,314.7328323531962,0.9904681059882772,0.004569989680303699,1
mimic-11site,TSICU-care,3,1880,1880,11744,32,6.246808510638298,299,6.53125,0.6052631578947368,527.9952962189903,0.994580358838788,0.0664211209213747,1
mimic-11site,TSICU-care,3,1880,1527,10479,32,5.573936170212766,299,6.53125,0.631578947368421,291.42550585029653,0.9909521308231293,0.011395682057485645,1
mimic-11site,TSICU-care,3,1880,1527,10479,32,5.573936170212766,299,6.53125,0.631578947368421,412.3076761831957,0.9929139499047498,-0.00581366565629321,0
mimic-11site,TSICU-care,3,1880,1527,10479,32,5.573936170212766,299,6.53125,0.631578947368421,273.6945482773402,0.9901274985685595,0.05044288795008278,1
mimic-11site,TSICU-care,2,1880,1880,5972,32,3.176595744680851,299,6.53125,0.7631578947368421,139.09414827977804,0.9883013003194426,0.016742192544795254,1
mimic-11site,TSICU-care,2,1880,1880,5972,32,3.176595744680851,299,6.53125,0.7631578947368421,212.42231194921268,0.9916837821494691,0.019104794814629456,1
mimic-11site,TSICU-care,2,1880,1880,5972,32,3.176595744680851,299,6.53125,0.7631578947368421,192.69164476085945,0.9896207227745546,0.05666218733714262,1
mimic-11site,TSICU-care,1,1880,1880,2031,32,1.0803191489361703,299,6.53125,0.7894736842105263,31.148533345992373,0.9663533258042876,0.004419195298331624,1
mimic-11site,TSICU-care,1,1880,1880,2031,32,1.0803191489361703,299,6.53125,0.7894736842105263,27.329691274016177,0.9620804412162686,0.003846988232286408,1
mimic-11site,TSICU-care,1,1880,1880,2031,32,1.0803191489361703,299,6.53125,0.7894736842105263,61.70652144531241,0.9833914759545882,0.0054834533933839635,1
mimic-11site,TSICU-care,3,1880,1880,6796,32,3.6148936170212767,299,6.53125,0.6052631578947368,316.3852239862126,0.9914306811348748,0.012321571927870367,1
mimic-11site,TSICU-care,3,1880,1880,6796,32,3.6148936170212767,299,6.53125,0.6052631578947368,325.555364948872,0.9907820872454792,0.008057140874606739,1
mimic-11site,TSICU-care,3,1880,1880,6796,32,3.6148936170212767,299,6.53125,0.6052631578947368,422.6986524554357,0.992893726002051,0.04361569097647022,1
mimic-11site,TSICU-care,4,1880,1527,8323,32,4.427127659574468,299,6.53125,0.6052631578947368,536.7203891040723,0.9925461604137051,0.0145869674018973,1
mimic-11site,TSICU-care,4,1880,1527,8323,32,4.427127659574468,299,6.53125,0.6052631578947368,457.5252694427614,0.9912555885709793,0.011929389629254272,1
mimic-11site,TSICU-care,4,1880,1527,8323,32,4.427127659574468,299,6.53125,0.6052631578947368,502.8257396353117,0.9920448042393561,0.052118632066860515,1
mimic-11site,TSICU-care,1,1880,1880,5985,32,3.1835106382978724,299,6.53125,0.9375,192.5472774135232,0.9947283892623542,-0.006575390132280201,0
mimic-11site,TSICU-care,1,1880,1880,5985,32,3.1835106382978724,299,6.53125,0.9375,79.23585615875184,0.9873303207975224,0.0056803811563790885,1
mimic-11site,TSICU-care,1,1880,1880,5985,32,3.1835106382978724,299,6.53125,0.9375,110.05396643680126,0.9909112802702235,0.05643187749899781,1
mimic-11site,TSICU-care,2,1880,1880,11454,32,6.092553191489362,299,6.53125,0.8125,215.98085298003312,0.9921727998108419,-0.022391224975301938,0
mimic-11site,TSICU-care,2,1880,1880,11454,32,6.092553191489362,299,6.53125,0.8125,124.58287647523073,0.9839464294244512,-0.0018836600542832538,0
mimic-11site,TSICU-care,2,1880,1880,11454,32,6.092553191489362,299,6.53125,0.8125,241.37118975863126,0.9917140069533569,0.03364201835830899,1
mimic-11site,TSICU-care,1,1880,1880,2276,32,1.2106382978723405,299,6.53125,0.78125,25.21385851707204,0.96033927138431,0.00783736936446261,1
mimic-11site,TSICU-care,1,1880,1880,2276,32,1.2106382978723405,299,6.53125,0.78125,29.007631775978428,0.9655263136362578,0.03034531912532612,1
mimic-11site,TSICU-care,1,1880,1880,2276,32,1.2106382978723405,299,6.53125,0.78125,54.14544995937803,0.98153122744847,0.02217606591857124,1
mimic-11site,TSICU-meta,2,1527,1527,4753,30,3.1126391617550753,223,5.2,0.575,221.9563924586032,0.9907892283808373,0.03560486406365143,1
mimic-11site,TSICU-meta,2,1527,1527,4753,30,3.1126391617550753,223,5.2,0.575,128.38616811362076,0.9840748850288152,-0.009974158427890567,0
mimic-11site,TSICU-meta,2,1527,1527,4753,30,3.1126391617550753,223,5.2,0.575,130.12184584062197,0.9846057569871608,0.0009304754269913729,1
mimic-11site,TSICU-meta,1,1527,1527,1535,30,1.0052390307793058,223,5.2,0.78125,54.21278412354282,0.9815541663065828,0.012132264087479971,1
mimic-11site,TSICU-meta,1,1527,1527,1535,30,1.0052390307793058,223,5.2,0.78125,88.31367796572948,0.9886767257005414,-0.014202043618781135,0
mimic-11site,TSICU-meta,1,1527,1527,1535,30,1.0052390307793058,223,5.2,0.78125,48.70355120707562,0.979467616319224,-0.00961900373470792,0
mimic-11site,TSICU-meta,3,1527,1527,10009,30,6.554682383759005,223,5.2,0.7575757575757576,375.51710026881267,0.9917859196754804,0.059391026005624126,1
mimic-11site,TSICU-meta,3,1527,1527,10009,30,6.554682383759005,223,5.2,0.7575757575757576,331.2097580117471,0.9909271675333944,-0.028481887666957306,0
mimic-11site,TSICU-meta,3,1527,1527,10009,30,6.554682383759005,223,5.2,0.7575757575757576,401.7527273780953,0.9924197468778024,-0.015161772881494673,0
mimic-11site,TSICU-meta,4,1527,1527,11769,30,7.707269155206287,223,5.2,0.7352941176470589,478.2368344082456,0.9916070676246952,0.059670321288631756,1
mimic-11site,TSICU-meta,4,1527,1527,11769,30,7.707269155206287,223,5.2,0.7352941176470589,359.5964251014917,0.9910133026593968,0.0007883428536368253,1
mimic-11site,TSICU-meta,4,1527,1527,11769,30,7.707269155206287,223,5.2,0.7352941176470589,550.5110340590613,0.9926261191701062,-0.015948623388843286,0
mimic-11site,TSICU-meta,2,1527,1527,8952,30,5.862475442043222,223,5.2,0.631578947368421,154.69988535319987,0.9897497155838374,0.052328007435436086,1
mimic-11site,TSICU-meta,2,1527,1527,8952,30,5.862475442043222,223,5.2,0.631578947368421,102.42992978146637,0.9812548606266105,0.013688065903763258,1
mimic-11site,TSICU-meta,2,1527,1527,8952,30,5.862475442043222,223,5.2,0.631578947368421,69.1451048064299,0.9763901696651165,-0.007568279744758821,0
mimic-11site,TSICU-meta,1,1527,1527,2031,30,1.3300589390962672,223,5.2,0.7368421052631579,41.13682684862958,0.9747868650959113,0.035633596451412175,1
mimic-11site,TSICU-meta,1,1527,1527,2031,30,1.3300589390962672,223,5.2,0.7368421052631579,28.08508343533979,0.96392095017905,0.014545091600753346,1
mimic-11site,TSICU-meta,1,1527,1527,2031,30,1.3300589390962672,223,5.2,0.7368421052631579,34.38206730945474,0.9696044919431315,0.009821956891056749,1
mimic-11site,TSICU-meta,2,1527,1527,3911,30,2.561231172233137,223,5.2,0.7368421052631579,217.70520544867753,0.9907386389672412,0.06667719234214076,1
mimic-11site,TSICU-meta,2,1527,1527,3911,30,2.561231172233137,223,5.2,0.7368421052631579,134.93817539846688,0.9841894331693506,0.037558772484025116,1
mimic-11site,TSICU-meta,2,1527,1527,3911,30,2.561231172233137,223,5.2,0.7368421052631579,172.9378324053975,0.9884222760999017,0.014551233954253284,1
mimic-11site,TSICU-meta,2,1527,1527,7865,30,5.150622134905043,223,5.2,0.9375,277.04702631594307,0.992671078245595,0.08479834355431148,1
mimic-11site,TSICU-meta,2,1527,1527,7865,30,5.150622134905043,223,5.2,0.9375,343.0540052166298,0.9940831856397716,0.01717031206861669,1
mimic-11site,TSICU-meta,2,1527,1527,7865,30,5.150622134905043,223,5.2,0.9375,225.77977779090006,0.9907461473168414,0.023440738949774886,1
mimic-11site,TSICU-meta,2,1527,1527,7745,30,5.072036673215455,223,5.2,0.8064516129032258,330.27004185723166,0.9939408428500491,0.05752999787341467,1
mimic-11site,TSICU-meta,2,1527,1527,7745,30,5.072036673215455,223,5.2,0.8064516129032258,343.9716107943931,0.9940726004007026,-0.012473607966488554,0
mimic-11site,TSICU-meta,2,1527,1527,7745,30,5.072036673215455,223,5.2,0.8064516129032258,491.88615282977946,0.9959100857491134,0.0002513922020928039,1
mimic-11site,TSICU-meta,1,1527,1527,2489,30,1.629993451211526,223,5.2,0.967741935483871,89.52415721236542,0.9887810211473704,0.0539459308920025,1
mimic-11site,TSICU-meta,1,1527,1527,2489,30,1.629993451211526,223,5.2,0.967741935483871,44.47512907487022,0.9773393019968349,-0.017951994487887313,0
mimic-11site,TSICU-meta,1,1527,1527,2489,30,1.629993451211526,223,5.2,0.967741935483871,98.82112369051374,0.9896532023458906,-0.020898442873855616,0
mimic-11site,TSICU-meta,1,1527,1527,2276,30,1.4905042567125082,223,5.2,0.8333333333333334,83.19981989121405,0.987980743211854,0.005209221216706361,1
mimic-11site,TSICU-meta,1,1527,1527,2276,30,1.4905042567125082,223,5.2,0.8333333333333334,30.227012018461565,0.9669170078938257,-0.0068198310128937956,0
mimic-11site,TSICU-meta,1,1527,1527,2276,30,1.4905042567125082,223,5.2,0.8333333333333334,68.97388849656392,0.9855017598427872,-0.005234186158377896,0
mimic-11site,TSICU-meta,1,1527,1527,1880,30,1.2311722331368697,223,5.2,0.9375,134.92642447484897,0.9923987292084588,0.05515913088530994,1
mimic-11site,TSICU-meta,1,1527,1527,1880,30,1.2311722331368697,223,5.2,0.9375,43.69473696811861,0.9770660310645576,0.03345219862085924,1
mimic-11site,TSICU-meta,1,1527,1527,1880,30,1.2311722331368697,223,5.2,0.9375,49.6282954926353,0.9798479015385477,0.005694402291758827,1
plco-2cohort,ovarian,1,14000,14000,14000,102,1.0,525,3.607843137254902,0.4409448818897638,5.114625421537763,0.8043103506039113,-0.0005505498198233871,0
plco-2cohort,ovarian,1,14000,14000,14000,99,1.0,525,3.707070707070707,0.45161290322580644,2.6670923555594253,0.6250059568252675,-0.0009652597489120673,0
plco-2cohort,ovarian,1,14000,14000,14000,102,1.0,525,3.607843137254902,0.4409448818897638,2.7329704382169764,0.633668910184389,-0.002435011492426059,0
plco-2cohort,prostate,1,14000,14000,14000,81,1.0,1028,8.88888888888889,0.4409448818897638,5.114625421537763,0.8043103506039113,0.0005660032471414,1
plco-2cohort,prostate,1,14000,14000,14000,81,1.0,1028,8.88888888888889,0.45161290322580644,2.6670923555594253,0.6250059568252675,-0.0035185407250002687,0
plco-2cohort,prostate,1,14000,14000,14000,81,1.0,1028,8.88888888888889,0.4409448818897638,2.7329704382169764,0.633668910184389,5.098491374838643e-06,1
